-- --------------------------------------------------------
-- Host:                         127.0.0.1
-- Server version:               5.5.62 - MySQL Community Server (GPL)
-- Server OS:                    Win64
-- HeidiSQL Version:             10.1.0.5464
-- --------------------------------------------------------

/*!40101 SET @OLD_CHARACTER_SET_CLIENT=@@CHARACTER_SET_CLIENT */;
/*!40101 SET NAMES utf8 */;
/*!50503 SET NAMES utf8mb4 */;
/*!40014 SET @OLD_FOREIGN_KEY_CHECKS=@@FOREIGN_KEY_CHECKS, FOREIGN_KEY_CHECKS=0 */;
/*!40101 SET @OLD_SQL_MODE=@@SQL_MODE, SQL_MODE='NO_AUTO_VALUE_ON_ZERO' */;

-- Dumping structure for table appframe.areas
DROP TABLE IF EXISTS `areas`;
CREATE TABLE IF NOT EXISTS `areas` (
  `id` bigint(20) unsigned NOT NULL AUTO_INCREMENT,
  `code` char(15) COLLATE utf8mb4_unicode_ci DEFAULT NULL,
  `name` varchar(64) COLLATE utf8mb4_unicode_ci DEFAULT NULL,
  `type` enum('Public','Protected','System') COLLATE utf8mb4_unicode_ci DEFAULT 'Public',
  `status` enum('Active','Inactive') COLLATE utf8mb4_unicode_ci DEFAULT 'Active',
  `created_by` bigint(20) unsigned DEFAULT NULL,
  `updated_by` bigint(20) unsigned DEFAULT NULL,
  `created_at` timestamp NULL DEFAULT NULL,
  `updated_at` timestamp NULL DEFAULT NULL,
  PRIMARY KEY (`id`),
  KEY `areas_code_index` (`code`),
  KEY `areas_name_index` (`name`),
  KEY `areas_created_by_index` (`created_by`),
  KEY `areas_updated_by_index` (`updated_by`),
  CONSTRAINT `areas_updated_by_foreign` FOREIGN KEY (`updated_by`) REFERENCES `users` (`id`) ON DELETE SET NULL ON UPDATE CASCADE,
  CONSTRAINT `areas_created_by_foreign` FOREIGN KEY (`created_by`) REFERENCES `users` (`id`) ON DELETE SET NULL ON UPDATE CASCADE
) ENGINE=InnoDB AUTO_INCREMENT=2 DEFAULT CHARSET=utf8mb4 COLLATE=utf8mb4_unicode_ci;

-- Dumping data for table appframe.areas: ~1 rows (approximately)
DELETE FROM `areas`;
/*!40000 ALTER TABLE `areas` DISABLE KEYS */;
INSERT INTO `areas` (`id`, `code`, `name`, `type`, `status`, `created_by`, `updated_by`, `created_at`, `updated_at`) VALUES
	(1, '001', 'Whole Area', 'Public', 'Active', NULL, NULL, '2019-10-04 09:52:02', '2019-10-04 09:52:02');
/*!40000 ALTER TABLE `areas` ENABLE KEYS */;

-- Dumping structure for table appframe.area_users
DROP TABLE IF EXISTS `area_users`;
CREATE TABLE IF NOT EXISTS `area_users` (
  `id` bigint(20) unsigned NOT NULL AUTO_INCREMENT,
  `area` bigint(20) unsigned NOT NULL,
  `user` bigint(20) unsigned NOT NULL,
  `created_by` bigint(20) unsigned DEFAULT NULL,
  `updated_by` bigint(20) unsigned DEFAULT NULL,
  `created_at` timestamp NULL DEFAULT NULL,
  `updated_at` timestamp NULL DEFAULT NULL,
  PRIMARY KEY (`id`),
  KEY `area_users_user_foreign` (`user`),
  KEY `area_users_area_index` (`area`),
  KEY `area_users_created_by_index` (`created_by`),
  KEY `area_users_updated_by_index` (`updated_by`),
  CONSTRAINT `area_users_user_foreign` FOREIGN KEY (`user`) REFERENCES `users` (`id`) ON DELETE CASCADE ON UPDATE CASCADE,
  CONSTRAINT `area_users_area_foreign` FOREIGN KEY (`area`) REFERENCES `areas` (`id`) ON DELETE CASCADE ON UPDATE CASCADE,
  CONSTRAINT `area_users_created_by_foreign` FOREIGN KEY (`created_by`) REFERENCES `users` (`id`) ON DELETE SET NULL ON UPDATE CASCADE,
  CONSTRAINT `area_users_updated_by_foreign` FOREIGN KEY (`updated_by`) REFERENCES `users` (`id`) ON DELETE SET NULL ON UPDATE CASCADE
) ENGINE=InnoDB AUTO_INCREMENT=183 DEFAULT CHARSET=utf8mb4 COLLATE=utf8mb4_unicode_ci;

-- Dumping data for table appframe.area_users: ~182 rows (approximately)
DELETE FROM `area_users`;
/*!40000 ALTER TABLE `area_users` DISABLE KEYS */;
INSERT INTO `area_users` (`id`, `area`, `user`, `created_by`, `updated_by`, `created_at`, `updated_at`) VALUES
	(1, 1, 300105, NULL, NULL, '2019-10-04 09:52:05', '2019-10-04 09:52:05'),
	(2, 1, 300106, NULL, NULL, '2019-10-04 09:52:05', '2019-10-04 09:52:05'),
	(3, 1, 300107, NULL, NULL, '2019-10-04 09:52:05', '2019-10-04 09:52:05'),
	(4, 1, 300108, NULL, NULL, '2019-10-04 09:52:05', '2019-10-04 09:52:05'),
	(5, 1, 300109, NULL, NULL, '2019-10-04 09:52:05', '2019-10-04 09:52:05'),
	(6, 1, 300110, NULL, NULL, '2019-10-04 09:52:05', '2019-10-04 09:52:05'),
	(7, 1, 300111, NULL, NULL, '2019-10-04 09:52:05', '2019-10-04 09:52:05'),
	(8, 1, 300112, NULL, NULL, '2019-10-04 09:52:05', '2019-10-04 09:52:05'),
	(9, 1, 300113, NULL, NULL, '2019-10-04 09:52:05', '2019-10-04 09:52:05'),
	(10, 1, 300114, NULL, NULL, '2019-10-04 09:52:05', '2019-10-04 09:52:05'),
	(11, 1, 300115, NULL, NULL, '2019-10-04 09:52:05', '2019-10-04 09:52:05'),
	(12, 1, 300116, NULL, NULL, '2019-10-04 09:52:05', '2019-10-04 09:52:05'),
	(13, 1, 300117, NULL, NULL, '2019-10-04 09:52:05', '2019-10-04 09:52:05'),
	(14, 1, 300118, NULL, NULL, '2019-10-04 09:52:05', '2019-10-04 09:52:05'),
	(15, 1, 300119, NULL, NULL, '2019-10-04 09:52:06', '2019-10-04 09:52:06'),
	(16, 1, 300120, NULL, NULL, '2019-10-04 09:52:06', '2019-10-04 09:52:06'),
	(17, 1, 300121, NULL, NULL, '2019-10-04 09:52:06', '2019-10-04 09:52:06'),
	(18, 1, 300122, NULL, NULL, '2019-10-04 09:52:06', '2019-10-04 09:52:06'),
	(19, 1, 300123, NULL, NULL, '2019-10-04 09:52:06', '2019-10-04 09:52:06'),
	(20, 1, 300124, NULL, NULL, '2019-10-04 09:52:06', '2019-10-04 09:52:06'),
	(21, 1, 300125, NULL, NULL, '2019-10-04 09:52:06', '2019-10-04 09:52:06'),
	(22, 1, 300126, NULL, NULL, '2019-10-04 09:52:06', '2019-10-04 09:52:06'),
	(23, 1, 300127, NULL, NULL, '2019-10-04 09:52:06', '2019-10-04 09:52:06'),
	(24, 1, 300128, NULL, NULL, '2019-10-04 09:52:06', '2019-10-04 09:52:06'),
	(25, 1, 300129, NULL, NULL, '2019-10-04 09:52:06', '2019-10-04 09:52:06'),
	(26, 1, 300130, NULL, NULL, '2019-10-04 09:52:06', '2019-10-04 09:52:06'),
	(27, 1, 300131, NULL, NULL, '2019-10-04 09:52:06', '2019-10-04 09:52:06'),
	(28, 1, 300132, NULL, NULL, '2019-10-04 09:52:06', '2019-10-04 09:52:06'),
	(29, 1, 300133, NULL, NULL, '2019-10-04 09:52:06', '2019-10-04 09:52:06'),
	(30, 1, 300134, NULL, NULL, '2019-10-04 09:52:06', '2019-10-04 09:52:06'),
	(31, 1, 300135, NULL, NULL, '2019-10-04 09:52:07', '2019-10-04 09:52:07'),
	(32, 1, 300136, NULL, NULL, '2019-10-04 09:52:07', '2019-10-04 09:52:07'),
	(33, 1, 300137, NULL, NULL, '2019-10-04 09:52:07', '2019-10-04 09:52:07'),
	(34, 1, 300138, NULL, NULL, '2019-10-04 09:52:07', '2019-10-04 09:52:07'),
	(35, 1, 300139, NULL, NULL, '2019-10-04 09:52:07', '2019-10-04 09:52:07'),
	(36, 1, 300140, NULL, NULL, '2019-10-04 09:52:07', '2019-10-04 09:52:07'),
	(37, 1, 300141, NULL, NULL, '2019-10-04 09:52:07', '2019-10-04 09:52:07'),
	(38, 1, 300142, NULL, NULL, '2019-10-04 09:52:07', '2019-10-04 09:52:07'),
	(39, 1, 300143, NULL, NULL, '2019-10-04 09:52:07', '2019-10-04 09:52:07'),
	(40, 1, 300144, NULL, NULL, '2019-10-04 09:52:07', '2019-10-04 09:52:07'),
	(41, 1, 300145, NULL, NULL, '2019-10-04 09:52:08', '2019-10-04 09:52:08'),
	(42, 1, 300146, NULL, NULL, '2019-10-04 09:52:08', '2019-10-04 09:52:08'),
	(43, 1, 300147, NULL, NULL, '2019-10-04 09:52:08', '2019-10-04 09:52:08'),
	(44, 1, 300148, NULL, NULL, '2019-10-04 09:52:08', '2019-10-04 09:52:08'),
	(45, 1, 300149, NULL, NULL, '2019-10-04 09:52:08', '2019-10-04 09:52:08'),
	(46, 1, 300150, NULL, NULL, '2019-10-04 09:52:08', '2019-10-04 09:52:08'),
	(47, 1, 300151, NULL, NULL, '2019-10-04 09:52:08', '2019-10-04 09:52:08'),
	(48, 1, 300152, NULL, NULL, '2019-10-04 09:52:08', '2019-10-04 09:52:08'),
	(49, 1, 300153, NULL, NULL, '2019-10-04 09:52:08', '2019-10-04 09:52:08'),
	(50, 1, 300154, NULL, NULL, '2019-10-04 09:52:08', '2019-10-04 09:52:08'),
	(51, 1, 300155, NULL, NULL, '2019-10-04 09:52:08', '2019-10-04 09:52:08'),
	(52, 1, 300156, NULL, NULL, '2019-10-04 09:52:08', '2019-10-04 09:52:08'),
	(53, 1, 300157, NULL, NULL, '2019-10-04 09:52:08', '2019-10-04 09:52:08'),
	(54, 1, 300158, NULL, NULL, '2019-10-04 09:52:08', '2019-10-04 09:52:08'),
	(55, 1, 300159, NULL, NULL, '2019-10-04 09:52:09', '2019-10-04 09:52:09'),
	(56, 1, 300160, NULL, NULL, '2019-10-04 09:52:09', '2019-10-04 09:52:09'),
	(57, 1, 300161, NULL, NULL, '2019-10-04 09:52:09', '2019-10-04 09:52:09'),
	(58, 1, 300162, NULL, NULL, '2019-10-04 09:52:09', '2019-10-04 09:52:09'),
	(59, 1, 300163, NULL, NULL, '2019-10-04 09:52:09', '2019-10-04 09:52:09'),
	(60, 1, 300164, NULL, NULL, '2019-10-04 09:52:09', '2019-10-04 09:52:09'),
	(61, 1, 300165, NULL, NULL, '2019-10-04 09:52:09', '2019-10-04 09:52:09'),
	(62, 1, 300166, NULL, NULL, '2019-10-04 09:52:09', '2019-10-04 09:52:09'),
	(63, 1, 300167, NULL, NULL, '2019-10-04 09:52:09', '2019-10-04 09:52:09'),
	(64, 1, 300168, NULL, NULL, '2019-10-04 09:52:09', '2019-10-04 09:52:09'),
	(65, 1, 300169, NULL, NULL, '2019-10-04 09:52:09', '2019-10-04 09:52:09'),
	(66, 1, 300170, NULL, NULL, '2019-10-04 09:52:09', '2019-10-04 09:52:09'),
	(67, 1, 300171, NULL, NULL, '2019-10-04 09:52:09', '2019-10-04 09:52:09'),
	(68, 1, 300172, NULL, NULL, '2019-10-04 09:52:09', '2019-10-04 09:52:09'),
	(69, 1, 300173, NULL, NULL, '2019-10-04 09:52:10', '2019-10-04 09:52:10'),
	(70, 1, 300174, NULL, NULL, '2019-10-04 09:52:10', '2019-10-04 09:52:10'),
	(71, 1, 300175, NULL, NULL, '2019-10-04 09:52:10', '2019-10-04 09:52:10'),
	(72, 1, 300176, NULL, NULL, '2019-10-04 09:52:10', '2019-10-04 09:52:10'),
	(73, 1, 300177, NULL, NULL, '2019-10-04 09:52:10', '2019-10-04 09:52:10'),
	(74, 1, 300178, NULL, NULL, '2019-10-04 09:52:10', '2019-10-04 09:52:10'),
	(75, 1, 300179, NULL, NULL, '2019-10-04 09:52:10', '2019-10-04 09:52:10'),
	(76, 1, 300180, NULL, NULL, '2019-10-04 09:52:10', '2019-10-04 09:52:10'),
	(77, 1, 300181, NULL, NULL, '2019-10-04 09:52:10', '2019-10-04 09:52:10'),
	(78, 1, 300182, NULL, NULL, '2019-10-04 09:52:10', '2019-10-04 09:52:10'),
	(79, 1, 300183, NULL, NULL, '2019-10-04 09:52:10', '2019-10-04 09:52:10'),
	(80, 1, 300184, NULL, NULL, '2019-10-04 09:52:10', '2019-10-04 09:52:10'),
	(81, 1, 300185, NULL, NULL, '2019-10-04 09:52:10', '2019-10-04 09:52:10'),
	(82, 1, 300186, NULL, NULL, '2019-10-04 09:52:10', '2019-10-04 09:52:10'),
	(83, 1, 300187, NULL, NULL, '2019-10-04 09:52:10', '2019-10-04 09:52:10'),
	(84, 1, 300188, NULL, NULL, '2019-10-04 09:52:10', '2019-10-04 09:52:10'),
	(85, 1, 300189, NULL, NULL, '2019-10-04 09:52:11', '2019-10-04 09:52:11'),
	(86, 1, 300190, NULL, NULL, '2019-10-04 09:52:11', '2019-10-04 09:52:11'),
	(87, 1, 300191, NULL, NULL, '2019-10-04 09:52:11', '2019-10-04 09:52:11'),
	(88, 1, 300192, NULL, NULL, '2019-10-04 09:52:11', '2019-10-04 09:52:11'),
	(89, 1, 300193, NULL, NULL, '2019-10-04 09:52:11', '2019-10-04 09:52:11'),
	(90, 1, 300194, NULL, NULL, '2019-10-04 09:52:11', '2019-10-04 09:52:11'),
	(91, 1, 300195, NULL, NULL, '2019-10-04 09:52:11', '2019-10-04 09:52:11'),
	(92, 1, 300196, NULL, NULL, '2019-10-04 09:52:11', '2019-10-04 09:52:11'),
	(93, 1, 300197, NULL, NULL, '2019-10-04 09:52:11', '2019-10-04 09:52:11'),
	(94, 1, 300198, NULL, NULL, '2019-10-04 09:52:12', '2019-10-04 09:52:12'),
	(95, 1, 300199, NULL, NULL, '2019-10-04 09:52:12', '2019-10-04 09:52:12'),
	(96, 1, 300200, NULL, NULL, '2019-10-04 09:52:12', '2019-10-04 09:52:12'),
	(97, 1, 300201, NULL, NULL, '2019-10-04 09:52:12', '2019-10-04 09:52:12'),
	(98, 1, 300202, NULL, NULL, '2019-10-04 09:52:12', '2019-10-04 09:52:12'),
	(99, 1, 300203, NULL, NULL, '2019-10-04 09:52:12', '2019-10-04 09:52:12'),
	(100, 1, 300204, NULL, NULL, '2019-10-04 09:52:12', '2019-10-04 09:52:12'),
	(101, 1, 300205, NULL, NULL, '2019-10-04 09:52:12', '2019-10-04 09:52:12'),
	(102, 1, 300206, NULL, NULL, '2019-10-04 09:52:12', '2019-10-04 09:52:12'),
	(103, 1, 300207, NULL, NULL, '2019-10-04 09:52:12', '2019-10-04 09:52:12'),
	(104, 1, 300208, NULL, NULL, '2019-10-04 09:52:12', '2019-10-04 09:52:12'),
	(105, 1, 300209, NULL, NULL, '2019-10-04 09:52:13', '2019-10-04 09:52:13'),
	(106, 1, 300210, NULL, NULL, '2019-10-04 09:52:13', '2019-10-04 09:52:13'),
	(107, 1, 300211, NULL, NULL, '2019-10-04 09:52:13', '2019-10-04 09:52:13'),
	(108, 1, 300212, NULL, NULL, '2019-10-04 09:52:13', '2019-10-04 09:52:13'),
	(109, 1, 300213, NULL, NULL, '2019-10-04 09:52:13', '2019-10-04 09:52:13'),
	(110, 1, 300214, NULL, NULL, '2019-10-04 09:52:13', '2019-10-04 09:52:13'),
	(111, 1, 300215, NULL, NULL, '2019-10-04 09:52:13', '2019-10-04 09:52:13'),
	(112, 1, 300216, NULL, NULL, '2019-10-04 09:52:13', '2019-10-04 09:52:13'),
	(113, 1, 300217, NULL, NULL, '2019-10-04 09:52:13', '2019-10-04 09:52:13'),
	(114, 1, 300218, NULL, NULL, '2019-10-04 09:52:13', '2019-10-04 09:52:13'),
	(115, 1, 300219, NULL, NULL, '2019-10-04 09:52:13', '2019-10-04 09:52:13'),
	(116, 1, 300220, NULL, NULL, '2019-10-04 09:52:13', '2019-10-04 09:52:13'),
	(117, 1, 300221, NULL, NULL, '2019-10-04 09:52:14', '2019-10-04 09:52:14'),
	(118, 1, 300222, NULL, NULL, '2019-10-04 09:52:14', '2019-10-04 09:52:14'),
	(119, 1, 300223, NULL, NULL, '2019-10-04 09:52:14', '2019-10-04 09:52:14'),
	(120, 1, 300224, NULL, NULL, '2019-10-04 09:52:14', '2019-10-04 09:52:14'),
	(121, 1, 300225, NULL, NULL, '2019-10-04 09:52:14', '2019-10-04 09:52:14'),
	(122, 1, 300226, NULL, NULL, '2019-10-04 09:52:14', '2019-10-04 09:52:14'),
	(123, 1, 300227, NULL, NULL, '2019-10-04 09:52:14', '2019-10-04 09:52:14'),
	(124, 1, 300228, NULL, NULL, '2019-10-04 09:52:14', '2019-10-04 09:52:14'),
	(125, 1, 300229, NULL, NULL, '2019-10-04 09:52:14', '2019-10-04 09:52:14'),
	(126, 1, 300230, NULL, NULL, '2019-10-04 09:52:14', '2019-10-04 09:52:14'),
	(127, 1, 300231, NULL, NULL, '2019-10-04 09:52:14', '2019-10-04 09:52:14'),
	(128, 1, 300232, NULL, NULL, '2019-10-04 09:52:14', '2019-10-04 09:52:14'),
	(129, 1, 300233, NULL, NULL, '2019-10-04 09:52:15', '2019-10-04 09:52:15'),
	(130, 1, 300234, NULL, NULL, '2019-10-04 09:52:15', '2019-10-04 09:52:15'),
	(131, 1, 300235, NULL, NULL, '2019-10-04 09:52:15', '2019-10-04 09:52:15'),
	(132, 1, 300236, NULL, NULL, '2019-10-04 09:52:15', '2019-10-04 09:52:15'),
	(133, 1, 300237, NULL, NULL, '2019-10-04 09:52:15', '2019-10-04 09:52:15'),
	(134, 1, 300238, NULL, NULL, '2019-10-04 09:52:15', '2019-10-04 09:52:15'),
	(135, 1, 300239, NULL, NULL, '2019-10-04 09:52:15', '2019-10-04 09:52:15'),
	(136, 1, 300240, NULL, NULL, '2019-10-04 09:52:15', '2019-10-04 09:52:15'),
	(137, 1, 300241, NULL, NULL, '2019-10-04 09:52:15', '2019-10-04 09:52:15'),
	(138, 1, 300242, NULL, NULL, '2019-10-04 09:52:15', '2019-10-04 09:52:15'),
	(139, 1, 300243, NULL, NULL, '2019-10-04 09:52:15', '2019-10-04 09:52:15'),
	(140, 1, 300244, NULL, NULL, '2019-10-04 09:52:15', '2019-10-04 09:52:15'),
	(141, 1, 300245, NULL, NULL, '2019-10-04 09:52:16', '2019-10-04 09:52:16'),
	(142, 1, 300246, NULL, NULL, '2019-10-04 09:52:16', '2019-10-04 09:52:16'),
	(143, 1, 300247, NULL, NULL, '2019-10-04 09:52:16', '2019-10-04 09:52:16'),
	(144, 1, 300248, NULL, NULL, '2019-10-04 09:52:16', '2019-10-04 09:52:16'),
	(145, 1, 300249, NULL, NULL, '2019-10-04 09:52:16', '2019-10-04 09:52:16'),
	(146, 1, 300250, NULL, NULL, '2019-10-04 09:52:16', '2019-10-04 09:52:16'),
	(147, 1, 300251, NULL, NULL, '2019-10-04 09:52:16', '2019-10-04 09:52:16'),
	(148, 1, 300252, NULL, NULL, '2019-10-04 09:52:16', '2019-10-04 09:52:16'),
	(149, 1, 300253, NULL, NULL, '2019-10-04 09:52:16', '2019-10-04 09:52:16'),
	(150, 1, 300254, NULL, NULL, '2019-10-04 09:52:16', '2019-10-04 09:52:16'),
	(151, 1, 300255, NULL, NULL, '2019-10-04 09:52:16', '2019-10-04 09:52:16'),
	(152, 1, 300256, NULL, NULL, '2019-10-04 09:52:16', '2019-10-04 09:52:16'),
	(153, 1, 300257, NULL, NULL, '2019-10-04 09:52:16', '2019-10-04 09:52:16'),
	(154, 1, 300258, NULL, NULL, '2019-10-04 09:52:17', '2019-10-04 09:52:17'),
	(155, 1, 300259, NULL, NULL, '2019-10-04 09:52:17', '2019-10-04 09:52:17'),
	(156, 1, 300260, NULL, NULL, '2019-10-04 09:52:17', '2019-10-04 09:52:17'),
	(157, 1, 300261, NULL, NULL, '2019-10-04 09:52:17', '2019-10-04 09:52:17'),
	(158, 1, 300262, NULL, NULL, '2019-10-04 09:52:17', '2019-10-04 09:52:17'),
	(159, 1, 300263, NULL, NULL, '2019-10-04 09:52:17', '2019-10-04 09:52:17'),
	(160, 1, 300264, NULL, NULL, '2019-10-04 09:52:17', '2019-10-04 09:52:17'),
	(161, 1, 300265, NULL, NULL, '2019-10-04 09:52:17', '2019-10-04 09:52:17'),
	(162, 1, 300266, NULL, NULL, '2019-10-04 09:52:17', '2019-10-04 09:52:17'),
	(163, 1, 300267, NULL, NULL, '2019-10-04 09:52:17', '2019-10-04 09:52:17'),
	(164, 1, 300268, NULL, NULL, '2019-10-04 09:52:17', '2019-10-04 09:52:17'),
	(165, 1, 300269, NULL, NULL, '2019-10-04 09:52:17', '2019-10-04 09:52:17'),
	(166, 1, 300270, NULL, NULL, '2019-10-04 09:52:17', '2019-10-04 09:52:17'),
	(167, 1, 300271, NULL, NULL, '2019-10-04 09:52:17', '2019-10-04 09:52:17'),
	(168, 1, 300272, NULL, NULL, '2019-10-04 09:52:18', '2019-10-04 09:52:18'),
	(169, 1, 300273, NULL, NULL, '2019-10-04 09:52:18', '2019-10-04 09:52:18'),
	(170, 1, 300274, NULL, NULL, '2019-10-04 09:52:18', '2019-10-04 09:52:18'),
	(171, 1, 300275, NULL, NULL, '2019-10-04 09:52:18', '2019-10-04 09:52:18'),
	(172, 1, 300276, NULL, NULL, '2019-10-04 09:52:18', '2019-10-04 09:52:18'),
	(173, 1, 300277, NULL, NULL, '2019-10-04 09:52:18', '2019-10-04 09:52:18'),
	(174, 1, 300278, NULL, NULL, '2019-10-04 09:52:18', '2019-10-04 09:52:18'),
	(175, 1, 300279, NULL, NULL, '2019-10-04 09:52:18', '2019-10-04 09:52:18'),
	(176, 1, 300280, NULL, NULL, '2019-10-04 09:52:18', '2019-10-04 09:52:18'),
	(177, 1, 300281, NULL, NULL, '2019-10-04 09:52:18', '2019-10-04 09:52:18'),
	(178, 1, 300282, NULL, NULL, '2019-10-04 09:52:18', '2019-10-04 09:52:18'),
	(179, 1, 300283, NULL, NULL, '2019-10-04 09:52:18', '2019-10-04 09:52:18'),
	(180, 1, 300284, NULL, NULL, '2019-10-04 09:52:18', '2019-10-04 09:52:18'),
	(181, 1, 300285, NULL, NULL, '2019-10-04 09:52:19', '2019-10-04 09:52:19'),
	(182, 1, 300286, NULL, NULL, '2019-10-04 09:52:19', '2019-10-04 09:52:19');
/*!40000 ALTER TABLE `area_users` ENABLE KEYS */;

-- Dumping structure for table appframe.drt
DROP TABLE IF EXISTS `drt`;
CREATE TABLE IF NOT EXISTS `drt` (
  `id` int(1) DEFAULT NULL,
  `Column 2` int(1) DEFAULT NULL,
  KEY `id` (`id`),
  KEY `Index 2` (`Column 2`),
  KEY `Index 3` (`id`),
  KEY `Index 4` (`Column 2`)
) ENGINE=InnoDB DEFAULT CHARSET=latin1;

-- Dumping data for table appframe.drt: ~0 rows (approximately)
DELETE FROM `drt`;
/*!40000 ALTER TABLE `drt` DISABLE KEYS */;
/*!40000 ALTER TABLE `drt` ENABLE KEYS */;

-- Dumping structure for table appframe.d_data
DROP TABLE IF EXISTS `d_data`;
CREATE TABLE IF NOT EXISTS `d_data` (
  `id` bigint(20) unsigned NOT NULL AUTO_INCREMENT,
  `COCODE` char(5) COLLATE utf8mb4_unicode_ci DEFAULT NULL,
  `BRCODE` char(5) COLLATE utf8mb4_unicode_ci DEFAULT NULL,
  `FYCODE` char(5) COLLATE utf8mb4_unicode_ci DEFAULT NULL,
  `FNCODE` char(5) COLLATE utf8mb4_unicode_ci DEFAULT NULL,
  `DOCNO` char(20) COLLATE utf8mb4_unicode_ci DEFAULT NULL,
  `SRNO` decimal(10,0) DEFAULT NULL,
  `SLNO` decimal(10,0) DEFAULT NULL,
  `DOCDATE` datetime DEFAULT NULL,
  `CO` char(5) COLLATE utf8mb4_unicode_ci DEFAULT NULL,
  `BR` char(5) COLLATE utf8mb4_unicode_ci DEFAULT NULL,
  `ACCCODE` char(15) COLLATE utf8mb4_unicode_ci DEFAULT NULL,
  `REFNO` varchar(60) COLLATE utf8mb4_unicode_ci DEFAULT NULL,
  `REFDATE` datetime DEFAULT NULL,
  `AMT` decimal(30,10) NOT NULL DEFAULT '0.0000000000',
  `SIGN` decimal(2,0) NOT NULL DEFAULT '1',
  `NARRATION` varchar(255) COLLATE utf8mb4_unicode_ci DEFAULT NULL,
  `NARRATION2` varchar(255) COLLATE utf8mb4_unicode_ci DEFAULT NULL,
  `REFCOCODE` char(5) COLLATE utf8mb4_unicode_ci DEFAULT NULL,
  `REFBRCODE` char(5) COLLATE utf8mb4_unicode_ci DEFAULT NULL,
  `REFFYCODE` char(5) COLLATE utf8mb4_unicode_ci DEFAULT NULL,
  `REFFNCODE` char(5) COLLATE utf8mb4_unicode_ci DEFAULT NULL,
  `REFDOCNO` char(20) COLLATE utf8mb4_unicode_ci DEFAULT NULL,
  `REFSRNO` decimal(10,0) DEFAULT NULL,
  `TYPE` enum('System','Normal','PostDated') COLLATE utf8mb4_unicode_ci NOT NULL DEFAULT 'Normal',
  `APPROVAL_STATUS` enum('Approved','Pending','Rejected') COLLATE utf8mb4_unicode_ci DEFAULT 'Pending',
  `APPROVAL_MODE` enum('Insert','Update','Delete') COLLATE utf8mb4_unicode_ci DEFAULT 'Insert',
  `APPROVAL_TYPE` enum('Default','User') COLLATE utf8mb4_unicode_ci DEFAULT 'Default',
  `CANCEL` enum('Yes','No') COLLATE utf8mb4_unicode_ci NOT NULL DEFAULT 'No',
  `VERSION` decimal(10,0) NOT NULL DEFAULT '1',
  `created_by` bigint(20) unsigned DEFAULT NULL,
  `updated_by` bigint(20) unsigned DEFAULT NULL,
  `created_at` timestamp NULL DEFAULT NULL,
  `updated_at` timestamp NULL DEFAULT NULL,
  PRIMARY KEY (`id`),
  KEY `d_data_created_by_index` (`created_by`),
  KEY `d_data_updated_by_index` (`updated_by`),
  CONSTRAINT `d_data_updated_by_foreign` FOREIGN KEY (`updated_by`) REFERENCES `users` (`id`) ON DELETE SET NULL ON UPDATE CASCADE,
  CONSTRAINT `d_data_created_by_foreign` FOREIGN KEY (`created_by`) REFERENCES `users` (`id`) ON DELETE SET NULL ON UPDATE CASCADE
) ENGINE=InnoDB AUTO_INCREMENT=2 DEFAULT CHARSET=utf8mb4 COLLATE=utf8mb4_unicode_ci;

-- Dumping data for table appframe.d_data: ~1 rows (approximately)
DELETE FROM `d_data`;
/*!40000 ALTER TABLE `d_data` DISABLE KEYS */;
INSERT INTO `d_data` (`id`, `COCODE`, `BRCODE`, `FYCODE`, `FNCODE`, `DOCNO`, `SRNO`, `SLNO`, `DOCDATE`, `CO`, `BR`, `ACCCODE`, `REFNO`, `REFDATE`, `AMT`, `SIGN`, `NARRATION`, `NARRATION2`, `REFCOCODE`, `REFBRCODE`, `REFFYCODE`, `REFFNCODE`, `REFDOCNO`, `REFSRNO`, `TYPE`, `APPROVAL_STATUS`, `APPROVAL_MODE`, `APPROVAL_TYPE`, `CANCEL`, `VERSION`, `created_by`, `updated_by`, `created_at`, `updated_at`) VALUES
	(1, '01', 'HO', '1920', 'CR1', 'KA1920-0001', 1, 1, '2019-09-28 21:54:17', '01', 'HO', '120201A00001', NULL, NULL, 2500.0000000000, -1, NULL, NULL, NULL, NULL, NULL, NULL, NULL, NULL, 'Normal', 'Approved', 'Insert', 'Default', 'No', 1, NULL, NULL, '2019-10-04 11:34:32', '2019-10-04 11:34:32');
/*!40000 ALTER TABLE `d_data` ENABLE KEYS */;

-- Dumping structure for table appframe.fiscalyearmaster
DROP TABLE IF EXISTS `fiscalyearmaster`;
CREATE TABLE IF NOT EXISTS `fiscalyearmaster` (
  `id` bigint(20) unsigned NOT NULL AUTO_INCREMENT,
  `code` char(15) COLLATE utf8mb4_unicode_ci DEFAULT NULL,
  `cocode` char(5) COLLATE utf8mb4_unicode_ci DEFAULT NULL,
  `name` varchar(64) COLLATE utf8mb4_unicode_ci DEFAULT NULL,
  `abr` varchar(15) COLLATE utf8mb4_unicode_ci DEFAULT NULL,
  `start_date` datetime DEFAULT NULL,
  `end_date` datetime DEFAULT NULL,
  `status` enum('ReadWrite','ReadOnly','Inactive') COLLATE utf8mb4_unicode_ci DEFAULT 'ReadWrite',
  `created_by` bigint(20) unsigned DEFAULT NULL,
  `updated_by` bigint(20) unsigned DEFAULT NULL,
  `created_at` timestamp NULL DEFAULT NULL,
  `updated_at` timestamp NULL DEFAULT NULL,
  PRIMARY KEY (`id`),
  KEY `fiscalyearmaster_code_index` (`code`),
  KEY `fiscalyearmaster_cocode_index` (`cocode`),
  KEY `fiscalyearmaster_name_index` (`name`),
  KEY `fiscalyearmaster_created_by_index` (`created_by`),
  KEY `fiscalyearmaster_updated_by_index` (`updated_by`),
  CONSTRAINT `fiscalyearmaster_updated_by_foreign` FOREIGN KEY (`updated_by`) REFERENCES `users` (`id`) ON DELETE SET NULL ON UPDATE CASCADE,
  CONSTRAINT `fiscalyearmaster_created_by_foreign` FOREIGN KEY (`created_by`) REFERENCES `users` (`id`) ON DELETE SET NULL ON UPDATE CASCADE
) ENGINE=InnoDB AUTO_INCREMENT=4 DEFAULT CHARSET=utf8mb4 COLLATE=utf8mb4_unicode_ci;

-- Dumping data for table appframe.fiscalyearmaster: ~3 rows (approximately)
DELETE FROM `fiscalyearmaster`;
/*!40000 ALTER TABLE `fiscalyearmaster` DISABLE KEYS */;
INSERT INTO `fiscalyearmaster` (`id`, `code`, `cocode`, `name`, `abr`, `start_date`, `end_date`, `status`, `created_by`, `updated_by`, `created_at`, `updated_at`) VALUES
	(1, '1718', '01', '2017 - 2018', '1718', '2017-04-01 00:00:00', '2018-03-31 00:00:00', 'ReadWrite', NULL, NULL, '2019-10-04 09:51:17', '2019-10-04 09:51:17'),
	(2, '1819', '01', '2018-2019', '1819', '2018-04-01 00:00:00', '2019-03-31 00:00:00', 'ReadWrite', NULL, NULL, '2019-10-04 09:51:17', '2019-10-04 09:51:17'),
	(3, '1920', '01', '2019-2020', '1920', '2019-04-01 00:00:00', '2020-03-31 00:00:00', 'ReadWrite', NULL, NULL, '2019-10-04 09:51:17', '2019-10-04 09:51:17');
/*!40000 ALTER TABLE `fiscalyearmaster` ENABLE KEYS */;

-- Dumping structure for table appframe.fn_reserves
DROP TABLE IF EXISTS `fn_reserves`;
CREATE TABLE IF NOT EXISTS `fn_reserves` (
  `id` bigint(20) unsigned NOT NULL AUTO_INCREMENT,
  `fncode` char(5) COLLATE utf8mb4_unicode_ci DEFAULT NULL,
  `user` bigint(20) unsigned DEFAULT NULL,
  `store` bigint(20) unsigned DEFAULT NULL,
  `start_num` int(10) unsigned DEFAULT NULL,
  `end_num` int(10) unsigned DEFAULT NULL,
  `quantity` decimal(30,10) NOT NULL DEFAULT '1.0000000000',
  `current` int(10) unsigned DEFAULT '0',
  `progress` enum('Awaiting','Processing','Completed') COLLATE utf8mb4_unicode_ci DEFAULT 'Awaiting',
  `status` enum('Active','Inactive') COLLATE utf8mb4_unicode_ci DEFAULT 'Active',
  `created_by` bigint(20) unsigned DEFAULT NULL,
  `updated_by` bigint(20) unsigned DEFAULT NULL,
  `created_at` timestamp NULL DEFAULT NULL,
  `updated_at` timestamp NULL DEFAULT NULL,
  PRIMARY KEY (`id`),
  KEY `fn_reserves_fncode_index` (`fncode`),
  KEY `fn_reserves_user_index` (`user`),
  KEY `fn_reserves_store_index` (`store`),
  KEY `fn_reserves_created_by_index` (`created_by`),
  KEY `fn_reserves_updated_by_index` (`updated_by`),
  CONSTRAINT `fn_reserves_updated_by_foreign` FOREIGN KEY (`updated_by`) REFERENCES `users` (`id`) ON DELETE SET NULL ON UPDATE CASCADE,
  CONSTRAINT `fn_reserves_created_by_foreign` FOREIGN KEY (`created_by`) REFERENCES `users` (`id`) ON DELETE SET NULL ON UPDATE CASCADE,
  CONSTRAINT `fn_reserves_store_foreign` FOREIGN KEY (`store`) REFERENCES `stores` (`id`) ON DELETE SET NULL ON UPDATE CASCADE,
  CONSTRAINT `fn_reserves_user_foreign` FOREIGN KEY (`user`) REFERENCES `users` (`id`) ON DELETE SET NULL ON UPDATE CASCADE
) ENGINE=InnoDB AUTO_INCREMENT=17 DEFAULT CHARSET=utf8mb4 COLLATE=utf8mb4_unicode_ci;

-- Dumping data for table appframe.fn_reserves: ~16 rows (approximately)
DELETE FROM `fn_reserves`;
/*!40000 ALTER TABLE `fn_reserves` DISABLE KEYS */;
INSERT INTO `fn_reserves` (`id`, `fncode`, `user`, `store`, `start_num`, `end_num`, `quantity`, `current`, `progress`, `status`, `created_by`, `updated_by`, `created_at`, `updated_at`) VALUES
	(1, 'SL1', NULL, 1, 100, 199, 100.0000000000, NULL, 'Awaiting', 'Active', NULL, NULL, '2019-10-04 11:40:15', '2019-10-04 11:40:15'),
	(2, 'SL2', NULL, 1, 100, 199, 100.0000000000, NULL, 'Awaiting', 'Active', NULL, NULL, '2019-10-04 11:40:15', '2019-10-04 11:40:15'),
	(3, 'SR1', NULL, 1, 100, 199, 100.0000000000, NULL, 'Awaiting', 'Active', NULL, NULL, '2019-10-04 11:40:15', '2019-10-04 11:40:15'),
	(4, 'SO1', NULL, 1, 100, 199, 100.0000000000, NULL, 'Awaiting', 'Active', NULL, NULL, '2019-10-04 11:40:15', '2019-10-04 11:40:15'),
	(5, 'CR1', NULL, 1, 100, 199, 100.0000000000, NULL, 'Awaiting', 'Active', NULL, NULL, '2019-10-04 11:40:15', '2019-10-04 11:40:15'),
	(6, 'BR1', NULL, 1, 100, 199, 100.0000000000, NULL, 'Awaiting', 'Active', NULL, NULL, '2019-10-04 11:40:15', '2019-10-04 11:40:15'),
	(7, 'MT1', NULL, 1, 100, 199, 100.0000000000, NULL, 'Awaiting', 'Active', NULL, NULL, '2019-10-04 11:40:15', '2019-10-04 11:40:15'),
	(8, 'MT2', NULL, 1, 100, 199, 100.0000000000, NULL, 'Awaiting', 'Active', NULL, NULL, '2019-10-04 11:40:15', '2019-10-04 11:40:15'),
	(9, 'SL1', NULL, 2, 100, 199, 100.0000000000, NULL, 'Awaiting', 'Active', NULL, NULL, '2019-10-04 11:40:15', '2019-10-04 11:40:15'),
	(10, 'SL2', NULL, 2, 100, 199, 100.0000000000, NULL, 'Awaiting', 'Active', NULL, NULL, '2019-10-04 11:40:16', '2019-10-04 11:40:16'),
	(11, 'SR1', NULL, 2, 100, 199, 100.0000000000, NULL, 'Awaiting', 'Active', NULL, NULL, '2019-10-04 11:40:16', '2019-10-04 11:40:16'),
	(12, 'SO1', NULL, 2, 100, 199, 100.0000000000, NULL, 'Awaiting', 'Active', NULL, NULL, '2019-10-04 11:40:16', '2019-10-04 11:40:16'),
	(13, 'CR1', NULL, 2, 100, 199, 100.0000000000, NULL, 'Awaiting', 'Active', NULL, NULL, '2019-10-04 11:40:16', '2019-10-04 11:40:16'),
	(14, 'BR1', NULL, 2, 100, 199, 100.0000000000, NULL, 'Awaiting', 'Active', NULL, NULL, '2019-10-04 11:40:16', '2019-10-04 11:40:16'),
	(15, 'MT1', NULL, 2, 100, 199, 100.0000000000, NULL, 'Awaiting', 'Active', NULL, NULL, '2019-10-04 11:40:16', '2019-10-04 11:40:16'),
	(16, 'MT2', NULL, 2, 100, 199, 100.0000000000, NULL, 'Awaiting', 'Active', NULL, NULL, '2019-10-04 11:40:16', '2019-10-04 11:40:16');
/*!40000 ALTER TABLE `fn_reserves` ENABLE KEYS */;

-- Dumping structure for table appframe.functiondetails
DROP TABLE IF EXISTS `functiondetails`;
CREATE TABLE IF NOT EXISTS `functiondetails` (
  `id` bigint(20) unsigned NOT NULL AUTO_INCREMENT,
  `code` char(15) COLLATE utf8mb4_unicode_ci DEFAULT NULL,
  `abr` varchar(15) COLLATE utf8mb4_unicode_ci DEFAULT NULL,
  `display_name` varchar(128) COLLATE utf8mb4_unicode_ci DEFAULT NULL,
  `category` char(15) COLLATE utf8mb4_unicode_ci DEFAULT NULL,
  `wtype` varchar(30) COLLATE utf8mb4_unicode_ci DEFAULT NULL,
  `format` varchar(30) COLLATE utf8mb4_unicode_ci DEFAULT '[BR][FN]-[FY]-[AI]',
  `digit_length` decimal(2,0) NOT NULL DEFAULT '4',
  `direction` enum('Out','In') COLLATE utf8mb4_unicode_ci NOT NULL DEFAULT 'Out',
  `default_account` char(15) COLLATE utf8mb4_unicode_ci DEFAULT NULL,
  `pricelist` bigint(20) unsigned DEFAULT NULL,
  `tax` enum('Yes','No') COLLATE utf8mb4_unicode_ci DEFAULT 'No',
  `taxselection` enum('Tax01','Tax02','Select','Account','Auto') COLLATE utf8mb4_unicode_ci DEFAULT 'Tax01',
  `taxunique` enum('Yes','No') COLLATE utf8mb4_unicode_ci DEFAULT 'No',
  `ratewithtax` enum('Yes','No') COLLATE utf8mb4_unicode_ci DEFAULT 'No',
  `discount01` enum('NotRequired','Amount','Percentage') COLLATE utf8mb4_unicode_ci DEFAULT 'NotRequired',
  `discount02` enum('NotRequired','Amount','Percentage') COLLATE utf8mb4_unicode_ci DEFAULT 'NotRequired',
  `discount02base` enum('Net','Gross') COLLATE utf8mb4_unicode_ci DEFAULT 'Net',
  `discount03` enum('NotRequired','Amount','Percentage') COLLATE utf8mb4_unicode_ci DEFAULT 'NotRequired',
  `discountmode` enum('None','PriceList','Custom','Buy_nX_Get_mY','Account','User','Branch') COLLATE utf8mb4_unicode_ci DEFAULT 'None',
  `discount` char(15) COLLATE utf8mb4_unicode_ci DEFAULT NULL,
  `list` char(15) COLLATE utf8mb4_unicode_ci DEFAULT '01',
  `status` enum('Active','Inactive') COLLATE utf8mb4_unicode_ci DEFAULT 'Active',
  `created_by` bigint(20) unsigned DEFAULT NULL,
  `updated_by` bigint(20) unsigned DEFAULT NULL,
  `created_at` timestamp NULL DEFAULT NULL,
  `updated_at` timestamp NULL DEFAULT NULL,
  PRIMARY KEY (`id`),
  KEY `functiondetails_code_index` (`code`),
  KEY `functiondetails_category_index` (`category`),
  KEY `functiondetails_wtype_index` (`wtype`),
  KEY `functiondetails_pricelist_index` (`pricelist`),
  KEY `functiondetails_created_by_index` (`created_by`),
  KEY `functiondetails_updated_by_index` (`updated_by`),
  CONSTRAINT `functiondetails_updated_by_foreign` FOREIGN KEY (`updated_by`) REFERENCES `users` (`id`) ON DELETE SET NULL ON UPDATE CASCADE,
  CONSTRAINT `functiondetails_created_by_foreign` FOREIGN KEY (`created_by`) REFERENCES `users` (`id`) ON DELETE SET NULL ON UPDATE CASCADE,
  CONSTRAINT `functiondetails_pricelist_foreign` FOREIGN KEY (`pricelist`) REFERENCES `pricelist` (`id`) ON DELETE SET NULL ON UPDATE CASCADE
) ENGINE=InnoDB AUTO_INCREMENT=18 DEFAULT CHARSET=utf8mb4 COLLATE=utf8mb4_unicode_ci;

-- Dumping data for table appframe.functiondetails: ~17 rows (approximately)
DELETE FROM `functiondetails`;
/*!40000 ALTER TABLE `functiondetails` DISABLE KEYS */;
INSERT INTO `functiondetails` (`id`, `code`, `abr`, `display_name`, `category`, `wtype`, `format`, `digit_length`, `direction`, `default_account`, `pricelist`, `tax`, `taxselection`, `taxunique`, `ratewithtax`, `discount01`, `discount02`, `discount02base`, `discount03`, `discountmode`, `discount`, `list`, `status`, `created_by`, `updated_by`, `created_at`, `updated_at`) VALUES
	(1, 'BR1', 'CQR', 'Cheque Receipt', 'ACCTRAN', NULL, '[CMP][FY]-[AI]', 4, 'Out', NULL, NULL, 'No', 'Tax01', 'No', 'No', 'NotRequired', 'NotRequired', 'Net', 'NotRequired', 'None', NULL, '01', 'Active', NULL, NULL, '2019-10-04 11:27:00', '2019-10-04 11:27:09'),
	(2, 'BR2', 'CBR', 'Cyber Receipt', 'ACCTRAN', NULL, '[CMP][FY]-[AI]', 4, 'Out', NULL, NULL, 'No', 'Tax01', 'No', 'No', 'NotRequired', 'NotRequired', 'Net', 'NotRequired', 'None', NULL, '01', 'Active', NULL, NULL, '2019-10-04 11:27:00', '2019-10-04 11:27:09'),
	(3, 'CR1', 'CR', 'Cash Receipt', 'ACCTRAN', NULL, '[CMP][FY]-[AI]', 4, 'Out', '120101000001', NULL, 'No', 'Tax01', 'No', 'No', 'NotRequired', 'NotRequired', 'Net', 'NotRequired', 'None', NULL, '01', 'Active', NULL, NULL, '2019-10-04 11:27:01', '2019-10-04 11:27:09'),
	(4, 'MT1', 'STI', 'Stock Transfer In', 'MT', NULL, '[CMP][FY]-[AI]', 5, 'In', NULL, NULL, 'No', 'Tax01', 'No', 'No', 'NotRequired', 'NotRequired', 'Net', 'NotRequired', 'None', NULL, '01', 'Active', NULL, NULL, '2019-10-04 11:27:01', '2019-10-04 11:27:10'),
	(5, 'MT2', 'STO', 'Stock Transfer Out', 'MT', NULL, '[CMP][FY]-[AI]', 5, 'Out', NULL, NULL, 'No', 'Tax01', 'No', 'No', 'NotRequired', 'NotRequired', 'Net', 'NotRequired', 'None', NULL, '01', 'Active', NULL, NULL, '2019-10-04 11:27:01', '2019-10-04 11:27:10'),
	(6, 'MT3', 'BTI', 'Branch Transfer In', 'MT', NULL, '[CMP][FY]-[AI]', 6, 'In', NULL, NULL, 'No', 'Tax01', 'No', 'No', 'NotRequired', 'NotRequired', 'Net', 'NotRequired', 'None', NULL, '01', 'Active', NULL, NULL, '2019-10-04 11:27:01', '2019-10-04 11:27:10'),
	(7, 'MT4', 'BTO', 'Branch Transfer Out', 'MT', NULL, '[CMP][FY]-[AI]', 6, 'Out', NULL, NULL, 'No', 'Tax01', 'No', 'No', 'NotRequired', 'NotRequired', 'Net', 'NotRequired', 'None', NULL, '01', 'Active', NULL, NULL, '2019-10-04 11:27:01', '2019-10-04 11:27:10'),
	(8, 'SL1', 'SLS', 'Sales B2B', 'SLS', NULL, '[CMP][FY]-A[AI]', 5, 'Out', '', 1, 'Yes', 'Tax01', 'No', 'No', 'Amount', 'NotRequired', 'Net', 'NotRequired', 'PriceList', NULL, '01', 'Active', NULL, NULL, '2019-10-04 11:27:01', '2019-10-04 11:32:17'),
	(9, 'SL2', 'SL2', 'Sales B2C', 'SLS', NULL, '[CMP][FY]-B[AI]', 5, 'Out', '', 1, 'Yes', 'Tax01', 'No', 'No', 'Amount', 'NotRequired', 'Net', 'NotRequired', 'PriceList', NULL, '01', 'Active', NULL, NULL, '2019-10-04 11:27:01', '2019-10-04 11:32:17'),
	(10, 'SL3', 'SL3', 'Sales', 'SLS', NULL, '[CMP][FY]-[AI]', 6, 'Out', '', NULL, 'No', 'Tax01', 'No', 'No', 'NotRequired', 'NotRequired', 'Net', 'NotRequired', 'PriceList', '', '01', 'Active', NULL, NULL, '2019-10-04 11:27:01', '2019-10-04 11:27:11'),
	(11, 'SL4', 'SL4', 'Sales', 'SLS', NULL, '[CMP][FY]-[AI]', 6, 'Out', NULL, NULL, 'Yes', 'Tax01', 'No', 'No', 'NotRequired', 'Amount', 'Net', 'NotRequired', 'None', NULL, '01', 'Inactive', NULL, NULL, '2019-10-04 11:27:01', '2019-10-04 11:27:11'),
	(12, 'SL5', 'SL5', 'Sales', 'SLS', NULL, '[CMP][FY]-[AI]', 6, 'Out', NULL, NULL, 'Yes', 'Tax01', 'No', 'No', 'NotRequired', 'Amount', 'Net', 'NotRequired', 'None', NULL, '01', 'Inactive', NULL, NULL, '2019-10-04 11:27:01', '2019-10-04 11:27:11'),
	(13, 'SO1', 'SQ', 'ESTIMATE', 'PSP', NULL, '[CMP][FN]-[FY][AI]', 6, 'Out', '', 1, 'Yes', 'Tax01', 'No', 'No', 'Amount', 'NotRequired', 'Net', 'NotRequired', 'None', NULL, '01', 'Active', NULL, NULL, '2019-10-04 11:27:01', '2019-10-04 11:32:17'),
	(14, 'SO2', 'DO', 'Delivery Order', 'PSP', NULL, '[CMP][FN]-[FY][AI]', 6, 'Out', '', 1, 'Yes', 'Tax01', 'No', 'No', 'NotRequired', 'Amount', 'Net', 'NotRequired', 'None', NULL, '01', 'Active', NULL, NULL, '2019-10-04 11:27:02', '2019-10-04 11:32:17'),
	(15, 'SR1', 'SR', 'Sales Return', 'SLS', NULL, '[CMP][FY]-[AI]', 4, 'In', NULL, NULL, 'Yes', 'Tax01', 'No', 'No', 'NotRequired', 'Amount', 'Net', 'NotRequired', 'None', NULL, '01', 'Active', NULL, NULL, '2019-10-04 11:27:02', '2019-10-04 11:27:11'),
	(16, 'SR2', 'SR2', 'Sales Return', 'SLS', NULL, '[FY]-[AI]', 4, 'In', NULL, NULL, 'Yes', 'Tax01', 'No', 'No', 'NotRequired', 'Amount', 'Net', 'NotRequired', 'None', NULL, '01', 'Inactive', NULL, NULL, '2019-10-04 11:27:02', '2019-10-04 11:27:11'),
	(17, 'SR3', 'SR3', 'Sales Return', 'SLS', NULL, '[FY]-[AI]', 4, 'In', NULL, NULL, 'Yes', 'Tax01', 'No', 'No', 'NotRequired', 'Amount', 'Net', 'NotRequired', 'None', NULL, '01', 'Inactive', NULL, NULL, '2019-10-04 11:27:02', '2019-10-04 11:27:11');
/*!40000 ALTER TABLE `functiondetails` ENABLE KEYS */;

-- Dumping structure for table appframe.menu
DROP TABLE IF EXISTS `menu`;
CREATE TABLE IF NOT EXISTS `menu` (
  `id` bigint(20) unsigned NOT NULL AUTO_INCREMENT,
  `fncode` char(5) COLLATE utf8mb4_unicode_ci DEFAULT NULL,
  `name` varchar(64) COLLATE utf8mb4_unicode_ci DEFAULT NULL,
  `icon` varchar(128) COLLATE utf8mb4_unicode_ci DEFAULT NULL,
  `home_display` varchar(128) COLLATE utf8mb4_unicode_ci DEFAULT NULL,
  `drawer_display` varchar(128) COLLATE utf8mb4_unicode_ci DEFAULT NULL,
  `order` tinyint(4) DEFAULT '1',
  `status` enum('Active','Inactive') COLLATE utf8mb4_unicode_ci DEFAULT 'Active',
  `created_by` bigint(20) unsigned DEFAULT NULL,
  `updated_by` bigint(20) unsigned DEFAULT NULL,
  `created_at` timestamp NULL DEFAULT NULL,
  `updated_at` timestamp NULL DEFAULT NULL,
  PRIMARY KEY (`id`),
  KEY `menu_fncode_index` (`fncode`),
  KEY `menu_name_index` (`name`),
  KEY `menu_created_by_index` (`created_by`),
  KEY `menu_updated_by_index` (`updated_by`),
  CONSTRAINT `menu_updated_by_foreign` FOREIGN KEY (`updated_by`) REFERENCES `users` (`id`) ON DELETE SET NULL ON UPDATE CASCADE,
  CONSTRAINT `menu_created_by_foreign` FOREIGN KEY (`created_by`) REFERENCES `users` (`id`) ON DELETE SET NULL ON UPDATE CASCADE
) ENGINE=InnoDB AUTO_INCREMENT=18 DEFAULT CHARSET=utf8mb4 COLLATE=utf8mb4_unicode_ci;

-- Dumping data for table appframe.menu: ~17 rows (approximately)
DELETE FROM `menu`;
/*!40000 ALTER TABLE `menu` DISABLE KEYS */;
INSERT INTO `menu` (`id`, `fncode`, `name`, `icon`, `home_display`, `drawer_display`, `order`, `status`, `created_by`, `updated_by`, `created_at`, `updated_at`) VALUES
	(1, 'BR1', 'Cheque Receipt', 'account_balance', 'Cheque Receipt', 'Cheque Receipt', 1, 'Active', NULL, NULL, '2019-10-04 11:27:09', '2019-10-04 11:27:09'),
	(2, 'BR2', 'Cyber Receipt', 'credit_card', 'Cyber Receipt', 'Cyber Receipt', 1, 'Active', NULL, NULL, '2019-10-04 11:27:09', '2019-10-04 11:27:09'),
	(3, 'CR1', 'Cash Receipt', 'attach_money', 'Cash Receipt', 'Cash Receipt', 1, 'Active', NULL, NULL, '2019-10-04 11:27:09', '2019-10-04 11:27:09'),
	(4, 'MT1', 'Stock Transfer In', 'format_textdirection_r_to_l', 'Stock Transfer In', 'Stock Transfer In', 1, 'Active', NULL, NULL, '2019-10-04 11:27:10', '2019-10-04 11:27:10'),
	(5, 'MT2', 'Stock Transfer Out', 'format_textdirection_l_to_r', 'Stock Transfer Out', 'Stock Transfer Out', 1, 'Active', NULL, NULL, '2019-10-04 11:27:10', '2019-10-04 11:27:10'),
	(6, 'MT3', 'Branch Transfer In', 'trending_down', 'Branch Transfer In', 'Branch Transfer In', 1, 'Active', NULL, NULL, '2019-10-04 11:27:10', '2019-10-04 11:27:10'),
	(7, 'MT4', 'Branch Transfer Out', 'trending_up', 'Branch Transfer Out', 'Branch Transfer Out', 1, 'Active', NULL, NULL, '2019-10-04 11:27:10', '2019-10-04 11:27:10'),
	(8, 'SL1', 'Sales B2B', 'shopping_cart', 'Sales B2B', 'Sales B2B', 1, 'Active', NULL, NULL, '2019-10-04 11:27:10', '2019-10-04 11:27:10'),
	(9, 'SL2', 'Sales B2C', 'add_shopping_cart', 'Sales B2C', 'Sales B2C', 1, 'Active', NULL, NULL, '2019-10-04 11:27:10', '2019-10-04 11:27:10'),
	(10, 'SL3', 'Sales', 'shopping_basket', 'Sales', 'Sales', 1, 'Active', NULL, NULL, '2019-10-04 11:27:11', '2019-10-04 11:27:11'),
	(11, 'SL4', 'Sales', 'shop', 'Sales', 'Sales', 1, 'Inactive', NULL, NULL, '2019-10-04 11:27:11', '2019-10-04 11:27:11'),
	(12, 'SL5', 'Sales', 'shop_two', 'Sales', 'Sales', 1, 'Inactive', NULL, NULL, '2019-10-04 11:27:11', '2019-10-04 11:27:11'),
	(13, 'SO1', 'ESTIMATE', 'speaker_notes', 'ESTIMATE', 'ESTIMATE', 1, 'Active', NULL, NULL, '2019-10-04 11:27:11', '2019-10-04 11:27:11'),
	(14, 'SO2', 'Delivery Order', 'note_add', 'Delivery Order', 'Delivery Order', 1, 'Active', NULL, NULL, '2019-10-04 11:27:11', '2019-10-04 11:27:11'),
	(15, 'SR1', 'Sales Return', 'keyboard_return', 'Sales Return', 'Sales Return', 1, 'Active', NULL, NULL, '2019-10-04 11:27:11', '2019-10-04 11:27:11'),
	(16, 'SR2', 'Sales Return', 'assignment_return', 'Sales Return', 'Sales Return', 1, 'Inactive', NULL, NULL, '2019-10-04 11:27:11', '2019-10-04 11:27:11'),
	(17, 'SR3', 'Sales Return', 'assignment_returned', 'Sales Return', 'Sales Return', 1, 'Inactive', NULL, NULL, '2019-10-04 11:27:11', '2019-10-04 11:27:12');
/*!40000 ALTER TABLE `menu` ENABLE KEYS */;

-- Dumping structure for table appframe.menu_types
DROP TABLE IF EXISTS `menu_types`;
CREATE TABLE IF NOT EXISTS `menu_types` (
  `id` bigint(20) unsigned NOT NULL AUTO_INCREMENT,
  `name` varchar(64) COLLATE utf8mb4_unicode_ci DEFAULT NULL,
  `display_name` varchar(128) COLLATE utf8mb4_unicode_ci DEFAULT NULL,
  `fncodes` varchar(256) COLLATE utf8mb4_unicode_ci DEFAULT NULL,
  `created_by` bigint(20) unsigned DEFAULT NULL,
  `updated_by` bigint(20) unsigned DEFAULT NULL,
  `created_at` timestamp NULL DEFAULT NULL,
  `updated_at` timestamp NULL DEFAULT NULL,
  PRIMARY KEY (`id`),
  KEY `menu_types_name_index` (`name`),
  KEY `menu_types_created_by_index` (`created_by`),
  KEY `menu_types_updated_by_index` (`updated_by`),
  CONSTRAINT `menu_types_updated_by_foreign` FOREIGN KEY (`updated_by`) REFERENCES `users` (`id`) ON DELETE SET NULL ON UPDATE CASCADE,
  CONSTRAINT `menu_types_created_by_foreign` FOREIGN KEY (`created_by`) REFERENCES `users` (`id`) ON DELETE SET NULL ON UPDATE CASCADE
) ENGINE=InnoDB AUTO_INCREMENT=11 DEFAULT CHARSET=utf8mb4 COLLATE=utf8mb4_unicode_ci;

-- Dumping data for table appframe.menu_types: ~10 rows (approximately)
DELETE FROM `menu_types`;
/*!40000 ALTER TABLE `menu_types` DISABLE KEYS */;
INSERT INTO `menu_types` (`id`, `name`, `display_name`, `fncodes`, `created_by`, `updated_by`, `created_at`, `updated_at`) VALUES
	(1, 'PURCHASE', 'PURCHASE', 'PUR1,PUR2,PUR3,PUR4,PUR5', NULL, NULL, '2019-10-04 09:48:09', '2019-10-04 09:48:09'),
	(2, 'PURCHASE RETURN', 'PURCHASE RETURN', 'PR1,PR2,PR3', NULL, NULL, '2019-10-04 09:48:09', '2019-10-04 09:48:09'),
	(3, 'PURCHASE ORDER', 'PURCHASE ORDER', 'PO1', NULL, NULL, '2019-10-04 09:48:09', '2019-10-04 09:48:09'),
	(4, 'PAYMENT', 'PAYMENT', 'CP1,BP1,BP2', NULL, NULL, '2019-10-04 09:48:09', '2019-10-04 09:48:09'),
	(5, 'SALES', 'SALES', 'SL1,SL2,SL3,SL4,SL5', NULL, NULL, '2019-10-04 09:48:10', '2019-10-04 09:48:10'),
	(6, 'SALES RETURN', 'SALES RETURN', 'SR1,SR2,SR3', NULL, NULL, '2019-10-04 09:48:10', '2019-10-04 09:48:10'),
	(7, 'SALES ORDER', 'SALES ORDER', 'SO1,SO2', NULL, NULL, '2019-10-04 09:48:10', '2019-10-04 09:48:10'),
	(8, 'RECEIPT', 'RECEIPT', 'CR1,BR1,BR2', NULL, NULL, '2019-10-04 09:48:10', '2019-10-04 09:48:10'),
	(9, 'MATERIAL TRANSFER', 'MATERIAL TRANSFER', 'MT1,MT2', NULL, NULL, '2019-10-04 09:48:10', '2019-10-04 09:48:10'),
	(10, 'BRANCH TRANSFER', 'BRANCH TRANSFER', 'MT3,MT4', NULL, NULL, '2019-10-04 09:48:10', '2019-10-04 09:48:10');
/*!40000 ALTER TABLE `menu_types` ENABLE KEYS */;

-- Dumping structure for table appframe.migrations
DROP TABLE IF EXISTS `migrations`;
CREATE TABLE IF NOT EXISTS `migrations` (
  `id` int(10) unsigned NOT NULL AUTO_INCREMENT,
  `migration` varchar(255) COLLATE utf8mb4_unicode_ci NOT NULL,
  `batch` int(11) NOT NULL,
  PRIMARY KEY (`id`)
) ENGINE=InnoDB AUTO_INCREMENT=910 DEFAULT CHARSET=utf8mb4 COLLATE=utf8mb4_unicode_ci;

-- Dumping data for table appframe.migrations: ~74 rows (approximately)
DELETE FROM `migrations`;
/*!40000 ALTER TABLE `migrations` DISABLE KEYS */;
INSERT INTO `migrations` (`id`, `migration`, `batch`) VALUES
	(836, '2014_10_12_000000_create_users_table', 1),
	(837, '2014_10_12_100000_create_password_resets_table', 1),
	(838, '2019_01_24_000002_create___groups_table', 1),
	(839, '2019_01_24_000003_create___group_users_table', 1),
	(840, '2019_01_24_000004_create___roles_table', 1),
	(841, '2019_01_24_000005_create___group_roles_table', 1),
	(842, '2019_01_24_000006_create___resources_table', 1),
	(843, '2019_01_24_000007_create___resource_roles_table', 1),
	(844, '2019_01_24_000008_create___resource_relations_table', 1),
	(845, '2019_01_24_000009_create___resource_scopes_table', 1),
	(846, '2019_01_24_000010_create___resource_forms_table', 1),
	(847, '2019_01_24_000011_create___resource_form_fields_table', 1),
	(848, '2019_01_24_000012_create___resource_form_field_attrs_table', 1),
	(849, '2019_01_24_000013_create___resource_form_field_data_table', 1),
	(850, '2019_01_24_000014_create___resource_form_field_validations_table', 1),
	(851, '2019_01_24_000015_create___resource_form_field_options_table', 1),
	(852, '2019_01_24_000016_create___resource_form_field_depends_table', 1),
	(853, '2019_01_24_000017_create___resource_form_field_dynamic_table', 1),
	(854, '2019_01_24_000018_create___resource_form_layout_table', 1),
	(855, '2019_01_24_000019_create___resource_form_collection_table', 1),
	(856, '2019_01_24_000020_create___resource_form_upload_table', 1),
	(857, '2019_01_24_000021_create___resource_form_defaults_table', 1),
	(858, '2019_01_24_000022_create___resource_lists_table', 1),
	(859, '2019_01_24_000023_create___resource_list_relations_table', 1),
	(860, '2019_01_24_000024_create___resource_list_scopes_table', 1),
	(861, '2019_01_24_000025_create___resource_list_layout_table', 1),
	(862, '2019_01_24_000026_create___resource_list_search_table', 1),
	(863, '2019_01_24_000027_create___resource_data_table', 1),
	(864, '2019_01_24_000028_create___resource_data_relations_table', 1),
	(865, '2019_01_24_000029_create___resource_data_scopes_table', 1),
	(866, '2019_01_24_000030_create___resource_data_view_sections_table', 1),
	(867, '2019_01_24_000031_create___resource_data_view_section_items_table', 1),
	(868, '2019_01_24_000032_create___resource_form_data_map_table', 1),
	(869, '2019_01_24_000033_create___resource_actions_table', 1),
	(870, '2019_01_24_000034_create___resource_action_attrs_table', 1),
	(871, '2019_01_24_000035_create___resource_action_methods_table', 1),
	(872, '2019_01_24_000036_create___resource_action_lists_table', 1),
	(873, '2019_01_24_000037_create___resource_action_data_table', 1),
	(874, '2019_01_24_000038_create___resource_defaults_table', 1),
	(875, '2019_01_24_000039_create___resource_metrics_table', 1),
	(876, '2019_01_24_000040_create___resource_dashboard_table', 1),
	(877, '2019_01_24_000041_create___resource_dashboard_sections_table', 1),
	(878, '2019_01_24_000042_create___resource_dashboard_section_items_table', 1),
	(879, '2019_01_24_000043_create___organisation_table', 1),
	(880, '2019_01_24_000044_create___organisation_contacts_table', 1),
	(881, '2019_03_01_000001_add_ss_fields_in_users_table', 1),
	(882, '2019_03_01_000002_add_ss_fields_in_groups_table', 1),
	(883, '2019_03_01_000003_add_ss_fields_in_roles_table', 1),
	(884, '2019_03_28_000046_create_setup_table', 1),
	(885, '2019_03_28_000047_create_menu_types_table', 1),
	(886, '2019_03_28_000048_create_menu_table', 1),
	(887, '2019_03_28_000049_create_settings_table', 1),
	(888, '2019_03_28_000050_create_fiscalyearmaster_table', 1),
	(889, '2019_03_28_000051_create_product_group_master_table', 1),
	(890, '2019_03_28_000052_create_products_table', 1),
	(891, '2019_03_28_000053_create_product_groups_table', 1),
	(892, '2019_03_28_000054_create_product_images_table', 1),
	(893, '2019_03_28_000055_create_pricelist_table', 1),
	(894, '2019_03_28_000056_create_pricelist_products_table', 1),
	(895, '2019_03_28_000057_create_functiondetails_table', 1),
	(896, '2019_03_28_000058_create_stores_table', 1),
	(897, '2019_03_28_000059_create_areas_table', 1),
	(898, '2019_03_28_000060_create_area_users_table', 1),
	(899, '2019_03_28_000061_create_user_settings_table', 1),
	(900, '2019_03_28_000062_create_user_store_area_table', 1),
	(901, '2019_03_28_000063_create_sales_order_table', 1),
	(902, '2019_03_28_000064_create_sales_order_items_table', 1),
	(903, '2019_03_28_000065_create_transactions_table', 1),
	(904, '2019_03_28_000066_create_transaction_details_table', 1),
	(905, '2019_03_28_000067_create_d_data_table', 1),
	(906, '2019_03_28_000068_create_stock_transfer_table', 1),
	(907, '2019_03_28_000069_create_receipts_table', 1),
	(908, '2019_03_28_000070_create_fn_reserves_table', 1),
	(909, '2019_03_28_000071_create_w_bin_table', 1);
/*!40000 ALTER TABLE `migrations` ENABLE KEYS */;

-- Dumping structure for table appframe.password_resets
DROP TABLE IF EXISTS `password_resets`;
CREATE TABLE IF NOT EXISTS `password_resets` (
  `email` varchar(191) COLLATE utf8mb4_unicode_ci NOT NULL,
  `token` varchar(191) COLLATE utf8mb4_unicode_ci NOT NULL,
  `created_at` timestamp NULL DEFAULT NULL,
  KEY `password_resets_email_index` (`email`)
) ENGINE=InnoDB DEFAULT CHARSET=utf8mb4 COLLATE=utf8mb4_unicode_ci;

-- Dumping data for table appframe.password_resets: ~0 rows (approximately)
DELETE FROM `password_resets`;
/*!40000 ALTER TABLE `password_resets` DISABLE KEYS */;
/*!40000 ALTER TABLE `password_resets` ENABLE KEYS */;

-- Dumping structure for table appframe.pricelist
DROP TABLE IF EXISTS `pricelist`;
CREATE TABLE IF NOT EXISTS `pricelist` (
  `id` bigint(20) unsigned NOT NULL AUTO_INCREMENT,
  `code` char(15) COLLATE utf8mb4_unicode_ci DEFAULT NULL,
  `name` varchar(64) COLLATE utf8mb4_unicode_ci DEFAULT NULL,
  `status` enum('Active','Inactive') COLLATE utf8mb4_unicode_ci DEFAULT 'Active',
  `created_by` bigint(20) unsigned DEFAULT NULL,
  `updated_by` bigint(20) unsigned DEFAULT NULL,
  `created_at` timestamp NULL DEFAULT NULL,
  `updated_at` timestamp NULL DEFAULT NULL,
  PRIMARY KEY (`id`),
  KEY `pricelist_code_index` (`code`),
  KEY `pricelist_name_index` (`name`),
  KEY `pricelist_created_by_index` (`created_by`),
  KEY `pricelist_updated_by_index` (`updated_by`),
  CONSTRAINT `pricelist_updated_by_foreign` FOREIGN KEY (`updated_by`) REFERENCES `users` (`id`) ON DELETE SET NULL ON UPDATE CASCADE,
  CONSTRAINT `pricelist_created_by_foreign` FOREIGN KEY (`created_by`) REFERENCES `users` (`id`) ON DELETE SET NULL ON UPDATE CASCADE
) ENGINE=InnoDB AUTO_INCREMENT=2 DEFAULT CHARSET=utf8mb4 COLLATE=utf8mb4_unicode_ci;

-- Dumping data for table appframe.pricelist: ~1 rows (approximately)
DELETE FROM `pricelist`;
/*!40000 ALTER TABLE `pricelist` DISABLE KEYS */;
INSERT INTO `pricelist` (`id`, `code`, `name`, `status`, `created_by`, `updated_by`, `created_at`, `updated_at`) VALUES
	(1, '01', 'Default Price List', 'Active', NULL, NULL, '2019-10-04 11:25:51', '2019-10-04 11:25:51');
/*!40000 ALTER TABLE `pricelist` ENABLE KEYS */;

-- Dumping structure for table appframe.pricelist_products
DROP TABLE IF EXISTS `pricelist_products`;
CREATE TABLE IF NOT EXISTS `pricelist_products` (
  `id` bigint(20) unsigned NOT NULL AUTO_INCREMENT,
  `pricelist` bigint(20) unsigned NOT NULL,
  `product` bigint(20) unsigned NOT NULL,
  `price` decimal(30,10) NOT NULL DEFAULT '0.0000000000',
  `price_min` decimal(30,10) NOT NULL DEFAULT '0.0000000000',
  `price_max` decimal(30,10) NOT NULL DEFAULT '0.0000000000',
  `discount1_type` enum('Amount','Percentage') COLLATE utf8mb4_unicode_ci NOT NULL DEFAULT 'Amount',
  `discount1_quantity` decimal(5,2) NOT NULL DEFAULT '0.00',
  `discount2_type` enum('Amount','Percentage') COLLATE utf8mb4_unicode_ci NOT NULL DEFAULT 'Amount',
  `discount2_quantity` decimal(5,2) NOT NULL DEFAULT '0.00',
  `created_by` bigint(20) unsigned DEFAULT NULL,
  `updated_by` bigint(20) unsigned DEFAULT NULL,
  `created_at` timestamp NULL DEFAULT NULL,
  `updated_at` timestamp NULL DEFAULT NULL,
  PRIMARY KEY (`id`),
  KEY `pricelist_products_pricelist_index` (`pricelist`),
  KEY `pricelist_products_product_index` (`product`),
  KEY `pricelist_products_created_by_index` (`created_by`),
  KEY `pricelist_products_updated_by_index` (`updated_by`),
  CONSTRAINT `pricelist_products_updated_by_foreign` FOREIGN KEY (`updated_by`) REFERENCES `users` (`id`) ON DELETE SET NULL ON UPDATE CASCADE,
  CONSTRAINT `pricelist_products_created_by_foreign` FOREIGN KEY (`created_by`) REFERENCES `users` (`id`) ON DELETE SET NULL ON UPDATE CASCADE,
  CONSTRAINT `pricelist_products_pricelist_foreign` FOREIGN KEY (`pricelist`) REFERENCES `pricelist` (`id`) ON DELETE CASCADE ON UPDATE CASCADE,
  CONSTRAINT `pricelist_products_product_foreign` FOREIGN KEY (`product`) REFERENCES `products` (`id`) ON DELETE CASCADE ON UPDATE CASCADE
) ENGINE=InnoDB AUTO_INCREMENT=212 DEFAULT CHARSET=utf8mb4 COLLATE=utf8mb4_unicode_ci;

-- Dumping data for table appframe.pricelist_products: ~151 rows (approximately)
DELETE FROM `pricelist_products`;
/*!40000 ALTER TABLE `pricelist_products` DISABLE KEYS */;
INSERT INTO `pricelist_products` (`id`, `pricelist`, `product`, `price`, `price_min`, `price_max`, `discount1_type`, `discount1_quantity`, `discount2_type`, `discount2_quantity`, `created_by`, `updated_by`, `created_at`, `updated_at`) VALUES
	(1, 1, 1, 220.0000000000, 0.0000000000, 0.0000000000, 'Amount', 0.00, 'Amount', 0.00, NULL, NULL, '2019-10-04 11:25:54', '2019-10-04 11:25:54'),
	(2, 1, 2, 130.0000000000, 0.0000000000, 0.0000000000, 'Amount', 0.00, 'Amount', 0.00, NULL, NULL, '2019-10-04 11:25:54', '2019-10-04 11:25:54'),
	(3, 1, 3, 130.0000000000, 0.0000000000, 0.0000000000, 'Amount', 0.00, 'Amount', 0.00, NULL, NULL, '2019-10-04 11:25:55', '2019-10-04 11:25:55'),
	(4, 1, 4, 129.0000000000, 0.0000000000, 0.0000000000, 'Amount', 0.00, 'Amount', 0.00, NULL, NULL, '2019-10-04 11:25:55', '2019-10-04 11:25:55'),
	(5, 1, 5, 129.0000000000, 0.0000000000, 0.0000000000, 'Amount', 0.00, 'Amount', 0.00, NULL, NULL, '2019-10-04 11:25:55', '2019-10-04 11:25:55'),
	(6, 1, 6, 120.0000000000, 0.0000000000, 0.0000000000, 'Amount', 0.00, 'Amount', 0.00, NULL, NULL, '2019-10-04 11:25:55', '2019-10-04 11:25:55'),
	(7, 1, 7, 119.0000000000, 0.0000000000, 0.0000000000, 'Amount', 0.00, 'Amount', 0.00, NULL, NULL, '2019-10-04 11:25:55', '2019-10-04 11:25:55'),
	(8, 1, 8, 119.0000000000, 0.0000000000, 0.0000000000, 'Amount', 0.00, 'Amount', 0.00, NULL, NULL, '2019-10-04 11:25:55', '2019-10-04 11:25:55'),
	(9, 1, 9, 118.0000000000, 0.0000000000, 0.0000000000, 'Amount', 0.00, 'Amount', 0.00, NULL, NULL, '2019-10-04 11:25:55', '2019-10-04 11:25:55'),
	(10, 1, 10, 160.0000000000, 0.0000000000, 0.0000000000, 'Amount', 0.00, 'Amount', 0.00, NULL, NULL, '2019-10-04 11:25:55', '2019-10-04 11:25:55'),
	(11, 1, 11, 160.0000000000, 0.0000000000, 0.0000000000, 'Amount', 0.00, 'Amount', 0.00, NULL, NULL, '2019-10-04 11:25:56', '2019-10-04 11:25:56'),
	(12, 1, 12, 245.0000000000, 0.0000000000, 0.0000000000, 'Amount', 0.00, 'Amount', 0.00, NULL, NULL, '2019-10-04 11:25:56', '2019-10-04 11:25:56'),
	(13, 1, 13, 260.0000000000, 0.0000000000, 0.0000000000, 'Amount', 0.00, 'Amount', 0.00, NULL, NULL, '2019-10-04 11:25:56', '2019-10-04 11:25:56'),
	(14, 1, 14, 240.0000000000, 0.0000000000, 0.0000000000, 'Amount', 0.00, 'Amount', 0.00, NULL, NULL, '2019-10-04 11:25:56', '2019-10-04 11:25:56'),
	(15, 1, 15, 220.0000000000, 0.0000000000, 0.0000000000, 'Amount', 0.00, 'Amount', 0.00, NULL, NULL, '2019-10-04 11:25:56', '2019-10-04 11:25:56'),
	(16, 1, 16, 75.0000000000, 0.0000000000, 0.0000000000, 'Amount', 0.00, 'Amount', 0.00, NULL, NULL, '2019-10-04 11:25:56', '2019-10-04 11:25:56'),
	(17, 1, 17, 7.5000000000, 0.0000000000, 0.0000000000, 'Amount', 0.00, 'Amount', 0.00, NULL, NULL, '2019-10-04 11:25:56', '2019-10-04 11:25:56'),
	(18, 1, 18, 7.5000000000, 0.0000000000, 0.0000000000, 'Amount', 0.00, 'Amount', 0.00, NULL, NULL, '2019-10-04 11:25:56', '2019-10-04 11:25:56'),
	(19, 1, 19, 530.0000000000, 0.0000000000, 0.0000000000, 'Amount', 0.00, 'Amount', 0.00, NULL, NULL, '2019-10-04 11:25:57', '2019-10-04 11:25:57'),
	(20, 1, 20, 41.6500000000, 0.0000000000, 0.0000000000, 'Amount', 0.00, 'Amount', 0.00, NULL, NULL, '2019-10-04 11:25:57', '2019-10-04 11:25:57'),
	(21, 1, 21, 7.6000000000, 0.0000000000, 0.0000000000, 'Amount', 0.00, 'Amount', 0.00, NULL, NULL, '2019-10-04 11:25:57', '2019-10-04 11:25:57'),
	(22, 1, 22, 16.0000000000, 0.0000000000, 0.0000000000, 'Amount', 0.00, 'Amount', 0.00, NULL, NULL, '2019-10-04 11:25:57', '2019-10-04 11:25:57'),
	(23, 1, 23, 12.0000000000, 0.0000000000, 0.0000000000, 'Amount', 0.00, 'Amount', 0.00, NULL, NULL, '2019-10-04 11:25:57', '2019-10-04 11:25:57'),
	(24, 1, 24, 110.0000000000, 0.0000000000, 0.0000000000, 'Amount', 0.00, 'Amount', 0.00, NULL, NULL, '2019-10-04 11:25:57', '2019-10-04 11:25:57'),
	(25, 1, 25, 110.0000000000, 0.0000000000, 0.0000000000, 'Amount', 0.00, 'Amount', 0.00, NULL, NULL, '2019-10-04 11:25:57', '2019-10-04 11:25:57'),
	(26, 1, 26, 550.0000000000, 0.0000000000, 0.0000000000, 'Amount', 0.00, 'Amount', 0.00, NULL, NULL, '2019-10-04 11:25:58', '2019-10-04 11:25:58'),
	(27, 1, 27, 650.0000000000, 0.0000000000, 0.0000000000, 'Amount', 0.00, 'Amount', 0.00, NULL, NULL, '2019-10-04 11:25:58', '2019-10-04 11:25:58'),
	(28, 1, 28, 110.0000000000, 0.0000000000, 0.0000000000, 'Amount', 0.00, 'Amount', 0.00, NULL, NULL, '2019-10-04 11:25:58', '2019-10-04 11:25:58'),
	(29, 1, 29, 115.0000000000, 0.0000000000, 0.0000000000, 'Amount', 0.00, 'Amount', 0.00, NULL, NULL, '2019-10-04 11:25:58', '2019-10-04 11:25:58'),
	(30, 1, 30, 115.0000000000, 0.0000000000, 0.0000000000, 'Amount', 0.00, 'Amount', 0.00, NULL, NULL, '2019-10-04 11:25:58', '2019-10-04 11:25:58'),
	(31, 1, 31, 115.0000000000, 0.0000000000, 110.0000000000, 'Amount', 0.00, 'Amount', 0.00, NULL, NULL, '2019-10-04 11:25:58', '2019-10-04 11:25:58'),
	(32, 1, 32, 140.0000000000, 0.0000000000, 0.0000000000, 'Amount', 0.00, 'Amount', 0.00, NULL, NULL, '2019-10-04 11:25:58', '2019-10-04 11:25:58'),
	(33, 1, 33, 220.0000000000, 0.0000000000, 0.0000000000, 'Amount', 0.00, 'Amount', 0.00, NULL, NULL, '2019-10-04 11:25:59', '2019-10-04 11:25:59'),
	(34, 1, 34, 575.0000000000, 0.0000000000, 0.0000000000, 'Amount', 0.00, 'Amount', 0.00, NULL, NULL, '2019-10-04 11:25:59', '2019-10-04 11:25:59'),
	(35, 1, 35, 550.0000000000, 0.0000000000, 0.0000000000, 'Amount', 0.00, 'Amount', 0.00, NULL, NULL, '2019-10-04 11:25:59', '2019-10-04 11:25:59'),
	(36, 1, 36, 65.0000000000, 0.0000000000, 0.0000000000, 'Amount', 0.00, 'Amount', 0.00, NULL, NULL, '2019-10-04 11:25:59', '2019-10-04 11:25:59'),
	(37, 1, 37, 65.0000000000, 0.0000000000, 0.0000000000, 'Amount', 0.00, 'Amount', 0.00, NULL, NULL, '2019-10-04 11:25:59', '2019-10-04 11:25:59'),
	(38, 1, 38, 250.0000000000, 0.0000000000, 0.0000000000, 'Amount', 0.00, 'Amount', 0.00, NULL, NULL, '2019-10-04 11:25:59', '2019-10-04 11:25:59'),
	(39, 1, 39, 250.0000000000, 0.0000000000, 0.0000000000, 'Amount', 0.00, 'Amount', 0.00, NULL, NULL, '2019-10-04 11:26:00', '2019-10-04 11:26:00'),
	(40, 1, 40, 150.0000000000, 0.0000000000, 0.0000000000, 'Amount', 0.00, 'Amount', 0.00, NULL, NULL, '2019-10-04 11:26:00', '2019-10-04 11:26:00'),
	(41, 1, 41, 150.0000000000, 0.0000000000, 0.0000000000, 'Amount', 0.00, 'Amount', 0.00, NULL, NULL, '2019-10-04 11:26:00', '2019-10-04 11:26:00'),
	(42, 1, 42, 75.0000000000, 0.0000000000, 0.0000000000, 'Amount', 0.00, 'Amount', 0.00, NULL, NULL, '2019-10-04 11:26:00', '2019-10-04 11:26:00'),
	(43, 1, 43, 0.0000000000, 0.0000000000, 0.0000000000, 'Amount', 0.00, 'Amount', 0.00, NULL, NULL, '2019-10-04 11:26:00', '2019-10-04 11:26:00'),
	(44, 1, 44, 0.0000000000, 0.0000000000, 0.0000000000, 'Amount', 0.00, 'Amount', 0.00, NULL, NULL, '2019-10-04 11:26:01', '2019-10-04 11:26:01'),
	(45, 1, 45, 90.0000000000, 0.0000000000, 0.0000000000, 'Amount', 0.00, 'Amount', 0.00, NULL, NULL, '2019-10-04 11:26:01', '2019-10-04 11:26:01'),
	(46, 1, 46, 0.0000000000, 0.0000000000, 0.0000000000, 'Amount', 0.00, 'Amount', 0.00, NULL, NULL, '2019-10-04 11:26:01', '2019-10-04 11:26:01'),
	(47, 1, 47, 0.0000000000, 0.0000000000, 0.0000000000, 'Amount', 0.00, 'Amount', 0.00, NULL, NULL, '2019-10-04 11:26:01', '2019-10-04 11:26:01'),
	(48, 1, 48, 245.0000000000, 0.0000000000, 0.0000000000, 'Amount', 0.00, 'Amount', 0.00, NULL, NULL, '2019-10-04 11:26:01', '2019-10-04 11:26:01'),
	(49, 1, 49, 37.0000000000, 0.0000000000, 0.0000000000, 'Amount', 0.00, 'Amount', 0.00, NULL, NULL, '2019-10-04 11:26:01', '2019-10-04 11:26:01'),
	(50, 1, 50, 42.0000000000, 0.0000000000, 0.0000000000, 'Amount', 0.00, 'Amount', 0.00, NULL, NULL, '2019-10-04 11:26:02', '2019-10-04 11:26:02'),
	(51, 1, 51, 30.0000000000, 0.0000000000, 0.0000000000, 'Amount', 0.00, 'Amount', 0.00, NULL, NULL, '2019-10-04 11:26:02', '2019-10-04 11:26:02'),
	(52, 1, 52, 47.0000000000, 0.0000000000, 0.0000000000, 'Amount', 0.00, 'Amount', 0.00, NULL, NULL, '2019-10-04 11:26:02', '2019-10-04 11:26:02'),
	(53, 1, 53, 22.0000000000, 0.0000000000, 0.0000000000, 'Amount', 0.00, 'Amount', 0.00, NULL, NULL, '2019-10-04 11:26:02', '2019-10-04 11:26:02'),
	(54, 1, 54, 220.0000000000, 0.0000000000, 0.0000000000, 'Amount', 0.00, 'Amount', 0.00, NULL, NULL, '2019-10-04 11:26:03', '2019-10-04 11:26:03'),
	(55, 1, 55, 44.0000000000, 0.0000000000, 0.0000000000, 'Amount', 0.00, 'Amount', 0.00, NULL, NULL, '2019-10-04 11:26:03', '2019-10-04 11:26:03'),
	(56, 1, 56, 110.0000000000, 0.0000000000, 0.0000000000, 'Amount', 0.00, 'Amount', 0.00, NULL, NULL, '2019-10-04 11:26:03', '2019-10-04 11:26:03'),
	(57, 1, 57, 0.0000000000, 0.0000000000, 0.0000000000, 'Amount', 0.00, 'Amount', 0.00, NULL, NULL, '2019-10-04 11:26:04', '2019-10-04 11:26:04'),
	(58, 1, 58, 25.0000000000, 0.0000000000, 0.0000000000, 'Amount', 0.00, 'Amount', 0.00, NULL, NULL, '2019-10-04 11:26:04', '2019-10-04 11:26:04'),
	(59, 1, 59, 50.0000000000, 0.0000000000, 0.0000000000, 'Amount', 0.00, 'Amount', 0.00, NULL, NULL, '2019-10-04 11:26:05', '2019-10-04 11:26:05'),
	(60, 1, 60, 235.0000000000, 0.0000000000, 0.0000000000, 'Amount', 0.00, 'Amount', 0.00, NULL, NULL, '2019-10-04 11:26:05', '2019-10-04 11:26:05'),
	(61, 1, 61, 235.0000000000, 0.0000000000, 0.0000000000, 'Amount', 0.00, 'Amount', 0.00, NULL, NULL, '2019-10-04 11:26:06', '2019-10-04 11:26:06'),
	(62, 1, 62, 25.0000000000, 0.0000000000, 0.0000000000, 'Amount', 0.00, 'Amount', 0.00, NULL, NULL, '2019-10-04 11:26:06', '2019-10-04 11:26:06'),
	(63, 1, 63, 50.0000000000, 0.0000000000, 0.0000000000, 'Amount', 0.00, 'Amount', 0.00, NULL, NULL, '2019-10-04 11:26:07', '2019-10-04 11:26:07'),
	(64, 1, 64, 40.0000000000, 0.0000000000, 0.0000000000, 'Amount', 0.00, 'Amount', 0.00, NULL, NULL, '2019-10-04 11:26:07', '2019-10-04 11:26:07'),
	(65, 1, 65, 31.0000000000, 0.0000000000, 0.0000000000, 'Amount', 0.00, 'Amount', 0.00, NULL, NULL, '2019-10-04 11:26:08', '2019-10-04 11:26:08'),
	(66, 1, 66, 23.0000000000, 0.0000000000, 0.0000000000, 'Amount', 0.00, 'Amount', 0.00, NULL, NULL, '2019-10-04 11:26:08', '2019-10-04 11:26:08'),
	(67, 1, 67, 0.0000000000, 0.0000000000, 0.0000000000, 'Amount', 0.00, 'Amount', 0.00, NULL, NULL, '2019-10-04 11:26:08', '2019-10-04 11:26:08'),
	(68, 1, 68, 30.0000000000, 0.0000000000, 0.0000000000, 'Amount', 0.00, 'Amount', 0.00, NULL, NULL, '2019-10-04 11:26:09', '2019-10-04 11:26:09'),
	(69, 1, 69, 30.0000000000, 0.0000000000, 0.0000000000, 'Amount', 0.00, 'Amount', 0.00, NULL, NULL, '2019-10-04 11:26:09', '2019-10-04 11:26:09'),
	(70, 1, 70, 34.0000000000, 0.0000000000, 0.0000000000, 'Amount', 0.00, 'Amount', 0.00, NULL, NULL, '2019-10-04 11:26:10', '2019-10-04 11:26:10'),
	(71, 1, 71, 25.0000000000, 0.0000000000, 0.0000000000, 'Amount', 0.00, 'Amount', 0.00, NULL, NULL, '2019-10-04 11:26:10', '2019-10-04 11:26:10'),
	(72, 1, 72, 13.0000000000, 0.0000000000, 0.0000000000, 'Amount', 0.00, 'Amount', 0.00, NULL, NULL, '2019-10-04 11:26:10', '2019-10-04 11:26:10'),
	(73, 1, 73, 0.0000000000, 0.0000000000, 0.0000000000, 'Amount', 0.00, 'Amount', 0.00, NULL, NULL, '2019-10-04 11:26:10', '2019-10-04 11:26:10'),
	(74, 1, 74, 190.0000000000, 0.0000000000, 0.0000000000, 'Amount', 0.00, 'Amount', 0.00, NULL, NULL, '2019-10-04 11:26:11', '2019-10-04 11:26:11'),
	(75, 1, 75, 43.5000000000, 0.0000000000, 0.0000000000, 'Amount', 0.00, 'Amount', 0.00, NULL, NULL, '2019-10-04 11:26:11', '2019-10-04 11:26:11'),
	(76, 1, 76, 85.0000000000, 0.0000000000, 0.0000000000, 'Amount', 0.00, 'Amount', 0.00, NULL, NULL, '2019-10-04 11:26:11', '2019-10-04 11:26:11'),
	(77, 1, 77, 45.0000000000, 0.0000000000, 45.0000000000, 'Amount', 0.00, 'Amount', 0.00, NULL, NULL, '2019-10-04 11:26:12', '2019-10-04 11:26:12'),
	(78, 1, 78, 22.0000000000, 0.0000000000, 0.0000000000, 'Amount', 0.00, 'Amount', 0.00, NULL, NULL, '2019-10-04 11:26:12', '2019-10-04 11:26:12'),
	(79, 1, 79, 200.0000000000, 0.0000000000, 0.0000000000, 'Amount', 0.00, 'Amount', 0.00, NULL, NULL, '2019-10-04 11:26:12', '2019-10-04 11:26:12'),
	(80, 1, 80, 105.0000000000, 0.0000000000, 0.0000000000, 'Amount', 0.00, 'Amount', 0.00, NULL, NULL, '2019-10-04 11:26:12', '2019-10-04 11:26:12'),
	(81, 1, 81, 46.0000000000, 0.0000000000, 0.0000000000, 'Amount', 0.00, 'Amount', 0.00, NULL, NULL, '2019-10-04 11:26:13', '2019-10-04 11:26:13'),
	(82, 1, 82, 22.5000000000, 0.0000000000, 0.0000000000, 'Amount', 0.00, 'Amount', 0.00, NULL, NULL, '2019-10-04 11:26:13', '2019-10-04 11:26:13'),
	(83, 1, 83, 0.0000000000, 0.0000000000, 0.0000000000, 'Amount', 0.00, 'Amount', 0.00, NULL, NULL, '2019-10-04 11:26:13', '2019-10-04 11:26:13'),
	(84, 1, 84, 36.0000000000, 0.0000000000, 0.0000000000, 'Amount', 0.00, 'Amount', 0.00, NULL, NULL, '2019-10-04 11:26:13', '2019-10-04 11:26:13'),
	(85, 1, 85, 9.0000000000, 0.0000000000, 0.0000000000, 'Amount', 0.00, 'Amount', 0.00, NULL, NULL, '2019-10-04 11:26:13', '2019-10-04 11:26:13'),
	(86, 1, 86, 81.0000000000, 82.0000000000, 0.0000000000, 'Amount', 0.00, 'Amount', 0.00, NULL, NULL, '2019-10-04 11:26:14', '2019-10-04 11:26:14'),
	(87, 1, 87, 41.0000000000, 81.5000000000, 0.0000000000, 'Amount', 0.00, 'Amount', 0.00, NULL, NULL, '2019-10-04 11:26:14', '2019-10-04 11:26:14'),
	(88, 1, 88, 63.5000000000, 0.0000000000, 0.0000000000, 'Amount', 0.00, 'Amount', 0.00, NULL, NULL, '2019-10-04 11:26:14', '2019-10-04 11:26:14'),
	(89, 1, 89, 85.0000000000, 0.0000000000, 0.0000000000, 'Amount', 0.00, 'Amount', 0.00, NULL, NULL, '2019-10-04 11:26:15', '2019-10-04 11:26:15'),
	(90, 1, 90, 45.0000000000, 0.0000000000, 0.0000000000, 'Amount', 0.00, 'Amount', 0.00, NULL, NULL, '2019-10-04 11:26:16', '2019-10-04 11:26:16'),
	(91, 1, 91, 22.0000000000, 0.0000000000, 0.0000000000, 'Amount', 0.00, 'Amount', 0.00, NULL, NULL, '2019-10-04 11:26:16', '2019-10-04 11:26:16'),
	(92, 1, 92, 22.0000000000, 0.0000000000, 0.0000000000, 'Amount', 0.00, 'Amount', 0.00, NULL, NULL, '2019-10-04 11:26:17', '2019-10-04 11:26:17'),
	(93, 1, 93, 50.0000000000, 0.0000000000, 0.0000000000, 'Amount', 0.00, 'Amount', 0.00, NULL, NULL, '2019-10-04 11:26:17', '2019-10-04 11:26:17'),
	(94, 1, 94, 45.0000000000, 0.0000000000, 0.0000000000, 'Amount', 0.00, 'Amount', 0.00, NULL, NULL, '2019-10-04 11:26:18', '2019-10-04 11:26:18'),
	(95, 1, 95, 8.3300000000, 0.0000000000, 0.0000000000, 'Amount', 0.00, 'Amount', 0.00, NULL, NULL, '2019-10-04 11:26:19', '2019-10-04 11:26:19'),
	(96, 1, 96, 40.0000000000, 0.0000000000, 0.0000000000, 'Amount', 0.00, 'Amount', 0.00, NULL, NULL, '2019-10-04 11:26:19', '2019-10-04 11:26:19'),
	(97, 1, 97, 8.0000000000, 0.0000000000, 0.0000000000, 'Amount', 0.00, 'Amount', 0.00, NULL, NULL, '2019-10-04 11:26:20', '2019-10-04 11:26:20'),
	(98, 1, 98, 27.0000000000, 0.0000000000, 0.0000000000, 'Amount', 0.00, 'Amount', 0.00, NULL, NULL, '2019-10-04 11:26:20', '2019-10-04 11:26:20'),
	(99, 1, 99, 27.0000000000, 0.0000000000, 0.0000000000, 'Amount', 0.00, 'Amount', 0.00, NULL, NULL, '2019-10-04 11:26:21', '2019-10-04 11:26:21'),
	(100, 1, 100, 28.0000000000, 0.0000000000, 0.0000000000, 'Amount', 0.00, 'Amount', 0.00, NULL, NULL, '2019-10-04 11:26:21', '2019-10-04 11:26:21'),
	(101, 1, 101, 25.0000000000, 0.0000000000, 0.0000000000, 'Amount', 0.00, 'Amount', 0.00, NULL, NULL, '2019-10-04 11:26:22', '2019-10-04 11:26:22'),
	(102, 1, 102, 16.0000000000, 0.0000000000, 0.0000000000, 'Amount', 0.00, 'Amount', 0.00, NULL, NULL, '2019-10-04 11:26:23', '2019-10-04 11:26:23'),
	(103, 1, 103, 16.5000000000, 0.0000000000, 0.0000000000, 'Amount', 0.00, 'Amount', 0.00, NULL, NULL, '2019-10-04 11:26:23', '2019-10-04 11:26:23'),
	(104, 1, 104, 25.0000000000, 0.0000000000, 0.0000000000, 'Amount', 0.00, 'Amount', 0.00, NULL, NULL, '2019-10-04 11:26:24', '2019-10-04 11:26:24'),
	(105, 1, 105, 57.5000000000, 0.0000000000, 0.0000000000, 'Amount', 0.00, 'Amount', 0.00, NULL, NULL, '2019-10-04 11:26:24', '2019-10-04 11:26:24'),
	(106, 1, 106, 55.0000000000, 0.0000000000, 0.0000000000, 'Amount', 0.00, 'Amount', 0.00, NULL, NULL, '2019-10-04 11:26:25', '2019-10-04 11:26:25'),
	(107, 1, 107, 180.0000000000, 0.0000000000, 0.0000000000, 'Amount', 0.00, 'Amount', 0.00, NULL, NULL, '2019-10-04 11:26:25', '2019-10-04 11:26:25'),
	(108, 1, 108, 180.0000000000, 0.0000000000, 0.0000000000, 'Amount', 0.00, 'Amount', 0.00, NULL, NULL, '2019-10-04 11:26:26', '2019-10-04 11:26:26'),
	(109, 1, 109, 47.0000000000, 0.0000000000, 0.0000000000, 'Amount', 0.00, 'Amount', 0.00, NULL, NULL, '2019-10-04 11:26:27', '2019-10-04 11:26:27'),
	(110, 1, 110, 20.0000000000, 0.0000000000, 0.0000000000, 'Amount', 0.00, 'Amount', 0.00, NULL, NULL, '2019-10-04 11:26:27', '2019-10-04 11:26:27'),
	(111, 1, 111, 20.0000000000, 0.0000000000, 0.0000000000, 'Amount', 0.00, 'Amount', 0.00, NULL, NULL, '2019-10-04 11:26:27', '2019-10-04 11:26:27'),
	(112, 1, 112, 35.0000000000, 0.0000000000, 0.0000000000, 'Amount', 0.00, 'Amount', 0.00, NULL, NULL, '2019-10-04 11:26:28', '2019-10-04 11:26:28'),
	(113, 1, 113, 35.0000000000, 0.0000000000, 0.0000000000, 'Amount', 0.00, 'Amount', 0.00, NULL, NULL, '2019-10-04 11:26:28', '2019-10-04 11:26:28'),
	(114, 1, 114, 35.0000000000, 0.0000000000, 0.0000000000, 'Amount', 0.00, 'Amount', 0.00, NULL, NULL, '2019-10-04 11:26:28', '2019-10-04 11:26:28'),
	(115, 1, 115, 35.0000000000, 0.0000000000, 0.0000000000, 'Amount', 0.00, 'Amount', 0.00, NULL, NULL, '2019-10-04 11:26:28', '2019-10-04 11:26:28'),
	(116, 1, 116, 55.0000000000, 0.0000000000, 0.0000000000, 'Amount', 0.00, 'Amount', 0.00, NULL, NULL, '2019-10-04 11:26:29', '2019-10-04 11:26:29'),
	(117, 1, 117, 55.0000000000, 0.0000000000, 0.0000000000, 'Amount', 0.00, 'Amount', 0.00, NULL, NULL, '2019-10-04 11:26:29', '2019-10-04 11:26:29'),
	(118, 1, 118, 180.0000000000, 0.0000000000, 0.0000000000, 'Amount', 0.00, 'Amount', 0.00, NULL, NULL, '2019-10-04 11:26:29', '2019-10-04 11:26:29'),
	(119, 1, 119, 180.0000000000, 0.0000000000, 0.0000000000, 'Amount', 0.00, 'Amount', 0.00, NULL, NULL, '2019-10-04 11:26:29', '2019-10-04 11:26:29'),
	(120, 1, 120, 25.0000000000, 0.0000000000, 0.0000000000, 'Amount', 0.00, 'Amount', 0.00, NULL, NULL, '2019-10-04 11:26:30', '2019-10-04 11:26:30'),
	(121, 1, 121, 130.0000000000, 0.0000000000, 0.0000000000, 'Amount', 0.00, 'Amount', 0.00, NULL, NULL, '2019-10-04 11:26:30', '2019-10-04 11:26:30'),
	(122, 1, 122, 50.0000000000, 0.0000000000, 0.0000000000, 'Amount', 0.00, 'Amount', 0.00, NULL, NULL, '2019-10-04 11:26:30', '2019-10-04 11:26:30'),
	(123, 1, 123, 25.0000000000, 0.0000000000, 0.0000000000, 'Amount', 0.00, 'Amount', 0.00, NULL, NULL, '2019-10-04 11:26:31', '2019-10-04 11:26:31'),
	(124, 1, 124, 25.0000000000, 0.0000000000, 0.0000000000, 'Amount', 0.00, 'Amount', 0.00, NULL, NULL, '2019-10-04 11:26:31', '2019-10-04 11:26:31'),
	(125, 1, 125, 44.0000000000, 0.0000000000, 0.0000000000, 'Amount', 0.00, 'Amount', 0.00, NULL, NULL, '2019-10-04 11:26:31', '2019-10-04 11:26:31'),
	(126, 1, 126, 44.0000000000, 0.0000000000, 0.0000000000, 'Amount', 0.00, 'Amount', 0.00, NULL, NULL, '2019-10-04 11:26:32', '2019-10-04 11:26:32'),
	(127, 1, 127, 13.0000000000, 0.0000000000, 0.0000000000, 'Amount', 0.00, 'Amount', 0.00, NULL, NULL, '2019-10-04 11:26:32', '2019-10-04 11:26:32'),
	(128, 1, 128, 8.0000000000, 0.0000000000, 0.0000000000, 'Amount', 0.00, 'Amount', 0.00, NULL, NULL, '2019-10-04 11:26:32', '2019-10-04 11:26:32'),
	(129, 1, 129, 8.0000000000, 0.0000000000, 0.0000000000, 'Amount', 0.00, 'Amount', 0.00, NULL, NULL, '2019-10-04 11:26:33', '2019-10-04 11:26:33'),
	(130, 1, 130, 16.0000000000, 0.0000000000, 0.0000000000, 'Amount', 0.00, 'Amount', 0.00, NULL, NULL, '2019-10-04 11:26:33', '2019-10-04 11:26:33'),
	(131, 1, 131, 65.0000000000, 0.0000000000, 0.0000000000, 'Amount', 0.00, 'Amount', 0.00, NULL, NULL, '2019-10-04 11:26:34', '2019-10-04 11:26:34'),
	(132, 1, 132, 16.0000000000, 0.0000000000, 0.0000000000, 'Amount', 0.00, 'Amount', 0.00, NULL, NULL, '2019-10-04 11:26:34', '2019-10-04 11:26:34'),
	(133, 1, 133, 26.0000000000, 0.0000000000, 0.0000000000, 'Amount', 0.00, 'Amount', 0.00, NULL, NULL, '2019-10-04 11:26:34', '2019-10-04 11:26:34'),
	(134, 1, 134, 16.0000000000, 0.0000000000, 0.0000000000, 'Amount', 0.00, 'Amount', 0.00, NULL, NULL, '2019-10-04 11:26:34', '2019-10-04 11:26:34'),
	(135, 1, 135, 26.0000000000, 0.0000000000, 0.0000000000, 'Amount', 0.00, 'Amount', 0.00, NULL, NULL, '2019-10-04 11:26:35', '2019-10-04 11:26:35'),
	(136, 1, 136, 28.3430000000, 0.0000000000, 0.0000000000, 'Amount', 0.00, 'Amount', 0.00, NULL, NULL, '2019-10-04 11:26:35', '2019-10-04 11:26:35'),
	(137, 1, 137, 28.3430000000, 0.0000000000, 0.0000000000, 'Amount', 0.00, 'Amount', 0.00, NULL, NULL, '2019-10-04 11:26:35', '2019-10-04 11:26:35'),
	(138, 1, 138, 28.3430000000, 0.0000000000, 0.0000000000, 'Amount', 0.00, 'Amount', 0.00, NULL, NULL, '2019-10-04 11:26:35', '2019-10-04 11:26:35'),
	(139, 1, 139, 75.8800000000, 0.0000000000, 0.0000000000, 'Amount', 0.00, 'Amount', 0.00, NULL, NULL, '2019-10-04 11:26:36', '2019-10-04 11:26:36'),
	(140, 1, 140, 57.6000000000, 0.0000000000, 0.0000000000, 'Amount', 0.00, 'Amount', 0.00, NULL, NULL, '2019-10-04 11:26:36', '2019-10-04 11:26:36'),
	(141, 1, 141, 75.8800000000, 0.0000000000, 0.0000000000, 'Amount', 0.00, 'Amount', 0.00, NULL, NULL, '2019-10-04 11:26:36', '2019-10-04 11:26:36'),
	(142, 1, 142, 57.6000000000, 0.0000000000, 0.0000000000, 'Amount', 0.00, 'Amount', 0.00, NULL, NULL, '2019-10-04 11:26:36', '2019-10-04 11:26:36'),
	(143, 1, 143, 75.8800000000, 0.0000000000, 0.0000000000, 'Amount', 0.00, 'Amount', 0.00, NULL, NULL, '2019-10-04 11:26:37', '2019-10-04 11:26:37'),
	(144, 1, 144, 57.6000000000, 0.0000000000, 0.0000000000, 'Amount', 0.00, 'Amount', 0.00, NULL, NULL, '2019-10-04 11:26:37', '2019-10-04 11:26:37'),
	(145, 1, 145, 0.0000000000, 12.8600000000, 0.0000000000, 'Amount', 0.00, 'Amount', 0.00, NULL, NULL, '2019-10-04 11:26:37', '2019-10-04 11:26:37'),
	(146, 1, 146, 0.0000000000, 12.8600000000, 0.0000000000, 'Amount', 0.00, 'Amount', 0.00, NULL, NULL, '2019-10-04 11:26:37', '2019-10-04 11:26:37'),
	(147, 1, 147, 29.2600000000, 0.0000000000, 0.0000000000, 'Amount', 0.00, 'Amount', 0.00, NULL, NULL, '2019-10-04 11:26:38', '2019-10-04 11:26:38'),
	(148, 1, 148, 12.8600000000, 12.8600000000, 0.0000000000, 'Amount', 0.00, 'Amount', 0.00, NULL, NULL, '2019-10-04 11:26:38', '2019-10-04 11:26:38'),
	(149, 1, 149, 30.0000000000, 30.0000000000, 0.0000000000, 'Amount', 0.00, 'Amount', 0.00, NULL, NULL, '2019-10-04 11:26:38', '2019-10-04 11:26:38'),
	(150, 1, 150, 22.0000000000, 0.0000000000, 0.0000000000, 'Amount', 0.00, 'Amount', 0.00, NULL, NULL, '2019-10-04 11:26:38', '2019-10-04 11:26:38'),
	(151, 1, 151, 28.0000000000, 0.0000000000, 0.0000000000, 'Amount', 0.00, 'Amount', 0.00, NULL, NULL, '2019-10-04 11:26:38', '2019-10-04 11:26:38'),
	(152, 1, 152, 40.0000000000, 0.0000000000, 0.0000000000, 'Amount', 0.00, 'Amount', 0.00, NULL, NULL, '2019-10-04 11:26:39', '2019-10-04 11:26:39'),
	(153, 1, 153, 0.0000000000, 0.0000000000, 0.0000000000, 'Amount', 0.00, 'Amount', 0.00, NULL, NULL, '2019-10-04 11:26:39', '2019-10-04 11:26:39'),
	(154, 1, 154, 0.0000000000, 0.0000000000, 0.0000000000, 'Amount', 0.00, 'Amount', 0.00, NULL, NULL, '2019-10-04 11:26:40', '2019-10-04 11:26:40'),
	(155, 1, 155, 27.0000000000, 0.0000000000, 0.0000000000, 'Amount', 0.00, 'Amount', 0.00, NULL, NULL, '2019-10-04 11:26:40', '2019-10-04 11:26:40'),
	(156, 1, 156, 9.0000000000, 0.0000000000, 0.0000000000, 'Amount', 0.00, 'Amount', 0.00, NULL, NULL, '2019-10-04 11:26:40', '2019-10-04 11:26:40'),
	(157, 1, 157, 18.0000000000, 0.0000000000, 0.0000000000, 'Amount', 0.00, 'Amount', 0.00, NULL, NULL, '2019-10-04 11:26:40', '2019-10-04 11:26:40'),
	(158, 1, 158, 18.0000000000, 0.0000000000, 0.0000000000, 'Amount', 0.00, 'Amount', 0.00, NULL, NULL, '2019-10-04 11:26:40', '2019-10-04 11:26:40'),
	(159, 1, 159, 9.0000000000, 0.0000000000, 0.0000000000, 'Amount', 0.00, 'Amount', 0.00, NULL, NULL, '2019-10-04 11:26:41', '2019-10-04 11:26:41'),
	(160, 1, 160, 9.1666600000, 0.0000000000, 0.0000000000, 'Amount', 0.00, 'Amount', 0.00, NULL, NULL, '2019-10-04 11:26:41', '2019-10-04 11:26:41'),
	(161, 1, 161, 27.5000000000, 0.0000000000, 0.0000000000, 'Amount', 0.00, 'Amount', 0.00, NULL, NULL, '2019-10-04 11:26:42', '2019-10-04 11:26:42'),
	(162, 1, 162, 27.5000000000, 0.0000000000, 0.0000000000, 'Amount', 0.00, 'Amount', 0.00, NULL, NULL, '2019-10-04 11:26:42', '2019-10-04 11:26:42'),
	(163, 1, 163, 0.0000000000, 0.0000000000, 0.0000000000, 'Amount', 0.00, 'Amount', 0.00, NULL, NULL, '2019-10-04 11:26:43', '2019-10-04 11:26:43'),
	(164, 1, 164, 61.0000000000, 0.0000000000, 0.0000000000, 'Amount', 0.00, 'Amount', 0.00, NULL, NULL, '2019-10-04 11:26:43', '2019-10-04 11:26:43'),
	(165, 1, 165, 18.0000000000, 0.0000000000, 0.0000000000, 'Amount', 0.00, 'Amount', 0.00, NULL, NULL, '2019-10-04 11:26:43', '2019-10-04 11:26:43'),
	(166, 1, 166, 23.0000000000, 0.0000000000, 0.0000000000, 'Amount', 0.00, 'Amount', 0.00, NULL, NULL, '2019-10-04 11:26:44', '2019-10-04 11:26:44'),
	(167, 1, 167, 34.0000000000, 0.0000000000, 0.0000000000, 'Amount', 0.00, 'Amount', 0.00, NULL, NULL, '2019-10-04 11:26:44', '2019-10-04 11:26:44'),
	(168, 1, 168, 20.0000000000, 0.0000000000, 0.0000000000, 'Amount', 0.00, 'Amount', 0.00, NULL, NULL, '2019-10-04 11:26:44', '2019-10-04 11:26:44'),
	(169, 1, 169, 36.0000000000, 0.0000000000, 0.0000000000, 'Amount', 0.00, 'Amount', 0.00, NULL, NULL, '2019-10-04 11:26:45', '2019-10-04 11:26:45'),
	(170, 1, 170, 18.0000000000, 0.0000000000, 0.0000000000, 'Amount', 0.00, 'Amount', 0.00, NULL, NULL, '2019-10-04 11:26:45', '2019-10-04 11:26:45'),
	(171, 1, 171, 27.0000000000, 0.0000000000, 0.0000000000, 'Amount', 0.00, 'Amount', 0.00, NULL, NULL, '2019-10-04 11:26:45', '2019-10-04 11:26:45'),
	(172, 1, 172, 98.0000000000, 0.0000000000, 0.0000000000, 'Amount', 0.00, 'Amount', 0.00, NULL, NULL, '2019-10-04 11:26:45', '2019-10-04 11:26:45'),
	(173, 1, 173, 195.0000000000, 0.0000000000, 183.0000000000, 'Amount', 0.00, 'Amount', 0.00, NULL, NULL, '2019-10-04 11:26:45', '2019-10-04 11:26:45'),
	(174, 1, 174, 180.0000000000, 0.0000000000, 0.0000000000, 'Amount', 0.00, 'Amount', 0.00, NULL, NULL, '2019-10-04 11:26:46', '2019-10-04 11:26:46'),
	(175, 1, 175, 180.0000000000, 0.0000000000, 0.0000000000, 'Amount', 0.00, 'Amount', 0.00, NULL, NULL, '2019-10-04 11:26:46', '2019-10-04 11:26:46'),
	(176, 1, 176, 170.0000000000, 0.0000000000, 0.0000000000, 'Amount', 0.00, 'Amount', 0.00, NULL, NULL, '2019-10-04 11:26:46', '2019-10-04 11:26:46'),
	(177, 1, 177, 190.0000000000, 0.0000000000, 0.0000000000, 'Amount', 0.00, 'Amount', 0.00, NULL, NULL, '2019-10-04 11:26:46', '2019-10-04 11:26:46'),
	(178, 1, 178, 11.0000000000, 0.0000000000, 0.0000000000, 'Amount', 0.00, 'Amount', 0.00, NULL, NULL, '2019-10-04 11:26:46', '2019-10-04 11:26:46'),
	(179, 1, 179, 17.0000000000, 0.0000000000, 0.0000000000, 'Amount', 0.00, 'Amount', 0.00, NULL, NULL, '2019-10-04 11:26:47', '2019-10-04 11:26:47'),
	(180, 1, 180, 30.0000000000, 0.0000000000, 0.0000000000, 'Amount', 0.00, 'Amount', 0.00, NULL, NULL, '2019-10-04 11:26:47', '2019-10-04 11:26:47'),
	(181, 1, 181, 63.0000000000, 0.0000000000, 0.0000000000, 'Amount', 0.00, 'Amount', 0.00, NULL, NULL, '2019-10-04 11:26:47', '2019-10-04 11:26:47'),
	(182, 1, 182, 0.0000000000, 0.0000000000, 0.0000000000, 'Amount', 0.00, 'Amount', 0.00, NULL, NULL, '2019-10-04 11:26:48', '2019-10-04 11:26:48'),
	(183, 1, 183, 7.8400000000, 7.8400000000, 7.1400000000, 'Amount', 0.00, 'Amount', 0.00, NULL, NULL, '2019-10-04 11:26:48', '2019-10-04 11:26:48'),
	(184, 1, 184, 7.8400000000, 0.0000000000, 0.0000000000, 'Amount', 0.00, 'Amount', 0.00, NULL, NULL, '2019-10-04 11:26:48', '2019-10-04 11:26:48'),
	(185, 1, 185, 21.0000000000, 0.0000000000, 0.0000000000, 'Amount', 0.00, 'Amount', 0.00, NULL, NULL, '2019-10-04 11:26:49', '2019-10-04 11:26:49'),
	(186, 1, 186, 7.8400000000, 7.8400000000, 0.0000000000, 'Amount', 0.00, 'Amount', 0.00, NULL, NULL, '2019-10-04 11:26:49', '2019-10-04 11:26:49'),
	(187, 1, 187, 42.0000000000, 0.0000000000, 0.0000000000, 'Amount', 0.00, 'Amount', 0.00, NULL, NULL, '2019-10-04 11:26:49', '2019-10-04 11:26:49'),
	(188, 1, 188, 7.8400000000, 7.8400000000, 0.0000000000, 'Amount', 0.00, 'Amount', 0.00, NULL, NULL, '2019-10-04 11:26:49', '2019-10-04 11:26:49'),
	(189, 1, 189, 0.0000000000, 0.0000000000, 0.0000000000, 'Amount', 0.00, 'Amount', 0.00, NULL, NULL, '2019-10-04 11:26:49', '2019-10-04 11:26:49'),
	(190, 1, 190, 8.0000000000, 0.0000000000, 0.0000000000, 'Amount', 0.00, 'Amount', 0.00, NULL, NULL, '2019-10-04 11:26:49', '2019-10-04 11:26:49'),
	(191, 1, 191, 8.0000000000, 0.0000000000, 0.0000000000, 'Amount', 0.00, 'Amount', 0.00, NULL, NULL, '2019-10-04 11:26:50', '2019-10-04 11:26:50'),
	(192, 1, 192, 25.0000000000, 0.0000000000, 0.0000000000, 'Amount', 0.00, 'Amount', 0.00, NULL, NULL, '2019-10-04 11:26:50', '2019-10-04 11:26:50'),
	(193, 1, 193, 65.0000000000, 0.0000000000, 0.0000000000, 'Amount', 0.00, 'Amount', 0.00, NULL, NULL, '2019-10-04 11:26:50', '2019-10-04 11:26:50'),
	(194, 1, 194, 65.0000000000, 0.0000000000, 0.0000000000, 'Amount', 0.00, 'Amount', 0.00, NULL, NULL, '2019-10-04 11:26:50', '2019-10-04 11:26:50'),
	(195, 1, 195, 120.0000000000, 99.0000000000, 0.0000000000, 'Amount', 0.00, 'Amount', 0.00, NULL, NULL, '2019-10-04 11:26:50', '2019-10-04 11:26:50'),
	(196, 1, 196, 27.5000000000, 27.5000000000, 0.0000000000, 'Amount', 0.00, 'Amount', 0.00, NULL, NULL, '2019-10-04 11:26:51', '2019-10-04 11:26:51'),
	(197, 1, 197, 27.5000000000, 27.5000000000, 0.0000000000, 'Amount', 0.00, 'Amount', 0.00, NULL, NULL, '2019-10-04 11:26:51', '2019-10-04 11:26:51'),
	(198, 1, 198, 120.0000000000, 0.0000000000, 0.0000000000, 'Amount', 0.00, 'Amount', 0.00, NULL, NULL, '2019-10-04 11:26:51', '2019-10-04 11:26:51'),
	(199, 1, 199, 120.0000000000, 0.0000000000, 0.0000000000, 'Amount', 0.00, 'Amount', 0.00, NULL, NULL, '2019-10-04 11:26:51', '2019-10-04 11:26:51'),
	(200, 1, 200, 27.5000000000, 0.0000000000, 0.0000000000, 'Amount', 0.00, 'Amount', 0.00, NULL, NULL, '2019-10-04 11:26:51', '2019-10-04 11:26:51'),
	(201, 1, 201, 105.0000000000, 0.0000000000, 0.0000000000, 'Amount', 0.00, 'Amount', 0.00, NULL, NULL, '2019-10-04 11:26:51', '2019-10-04 11:26:51'),
	(202, 1, 202, 80.0000000000, 0.0000000000, 0.0000000000, 'Amount', 0.00, 'Amount', 0.00, NULL, NULL, '2019-10-04 11:26:51', '2019-10-04 11:26:51'),
	(203, 1, 203, 85.0000000000, 0.0000000000, 0.0000000000, 'Amount', 0.00, 'Amount', 0.00, NULL, NULL, '2019-10-04 11:26:52', '2019-10-04 11:26:52'),
	(204, 1, 204, 22.0000000000, 0.0000000000, 0.0000000000, 'Amount', 0.00, 'Amount', 0.00, NULL, NULL, '2019-10-04 11:26:52', '2019-10-04 11:26:52'),
	(205, 1, 205, 0.0000000000, 0.0000000000, 0.0000000000, 'Amount', 0.00, 'Amount', 0.00, NULL, NULL, '2019-10-04 11:26:52', '2019-10-04 11:26:52'),
	(206, 1, 206, 85.0000000000, 0.0000000000, 0.0000000000, 'Amount', 0.00, 'Amount', 0.00, NULL, NULL, '2019-10-04 11:26:52', '2019-10-04 11:26:52'),
	(207, 1, 207, 75.0000000000, 0.0000000000, 0.0000000000, 'Amount', 0.00, 'Amount', 0.00, NULL, NULL, '2019-10-04 11:26:52', '2019-10-04 11:26:52'),
	(208, 1, 208, 180.0000000000, 0.0000000000, 0.0000000000, 'Amount', 0.00, 'Amount', 0.00, NULL, NULL, '2019-10-04 11:26:53', '2019-10-04 11:26:53'),
	(209, 1, 209, 92.0000000000, 0.0000000000, 0.0000000000, 'Amount', 0.00, 'Amount', 0.00, NULL, NULL, '2019-10-04 11:26:53', '2019-10-04 11:26:53'),
	(210, 1, 210, 70.0000000000, 0.0000000000, 0.0000000000, 'Amount', 0.00, 'Amount', 0.00, NULL, NULL, '2019-10-04 11:26:53', '2019-10-04 11:26:53'),
	(211, 1, 211, 18.0000000000, 0.0000000000, 0.0000000000, 'Amount', 0.00, 'Amount', 0.00, NULL, NULL, '2019-10-04 11:26:53', '2019-10-04 11:26:53');
/*!40000 ALTER TABLE `pricelist_products` ENABLE KEYS */;

-- Dumping structure for table appframe.products
DROP TABLE IF EXISTS `products`;
CREATE TABLE IF NOT EXISTS `products` (
  `id` bigint(20) unsigned NOT NULL AUTO_INCREMENT,
  `code` char(30) COLLATE utf8mb4_unicode_ci DEFAULT NULL,
  `name` varchar(64) COLLATE utf8mb4_unicode_ci DEFAULT NULL,
  `uom` char(15) COLLATE utf8mb4_unicode_ci DEFAULT NULL,
  `partcode` char(30) COLLATE utf8mb4_unicode_ci DEFAULT NULL,
  `barcode` varchar(128) COLLATE utf8mb4_unicode_ci DEFAULT NULL,
  `narration` varchar(1024) COLLATE utf8mb4_unicode_ci DEFAULT NULL,
  `narration2` varchar(1024) COLLATE utf8mb4_unicode_ci DEFAULT NULL,
  `taxcode01` char(15) COLLATE utf8mb4_unicode_ci DEFAULT NULL,
  `taxfactor01` decimal(30,10) NOT NULL DEFAULT '0.0000000000',
  `subtaxfactor01` decimal(30,10) NOT NULL DEFAULT '0.0000000000',
  `taxcode02` char(15) COLLATE utf8mb4_unicode_ci DEFAULT NULL,
  `taxfactor02` decimal(30,10) NOT NULL DEFAULT '0.0000000000',
  `subtaxfactor02` decimal(30,10) NOT NULL DEFAULT '0.0000000000',
  `type` enum('Public','Protected','System') COLLATE utf8mb4_unicode_ci DEFAULT 'Public',
  `status` enum('Active','Inactive') COLLATE utf8mb4_unicode_ci DEFAULT 'Active',
  `created_by` bigint(20) unsigned DEFAULT NULL,
  `updated_by` bigint(20) unsigned DEFAULT NULL,
  `created_at` timestamp NULL DEFAULT NULL,
  `updated_at` timestamp NULL DEFAULT NULL,
  PRIMARY KEY (`id`),
  KEY `products_code_index` (`code`),
  KEY `products_name_index` (`name`),
  KEY `products_taxcode01_index` (`taxcode01`),
  KEY `products_taxcode02_index` (`taxcode02`),
  KEY `products_created_by_index` (`created_by`),
  KEY `products_updated_by_index` (`updated_by`),
  CONSTRAINT `products_created_by_foreign` FOREIGN KEY (`created_by`) REFERENCES `users` (`id`) ON DELETE SET NULL ON UPDATE CASCADE,
  CONSTRAINT `products_updated_by_foreign` FOREIGN KEY (`updated_by`) REFERENCES `users` (`id`) ON DELETE SET NULL ON UPDATE CASCADE
) ENGINE=InnoDB AUTO_INCREMENT=212 DEFAULT CHARSET=utf8mb4 COLLATE=utf8mb4_unicode_ci;

-- Dumping data for table appframe.products: ~189 rows (approximately)
DELETE FROM `products`;
/*!40000 ALTER TABLE `products` DISABLE KEYS */;
INSERT INTO `products` (`id`, `code`, `name`, `uom`, `partcode`, `barcode`, `narration`, `narration2`, `taxcode01`, `taxfactor01`, `subtaxfactor01`, `taxcode02`, `taxfactor02`, `subtaxfactor02`, `type`, `status`, `created_by`, `updated_by`, `created_at`, `updated_at`) VALUES
	(1, '010010001', 'SAMBAR-N-100G', 'KG', '010010001', NULL, 'SAMBAR-N-100G', NULL, 'GST05', 0.0500000000, 0.0000000000, NULL, 0.0000000000, 0.0000000000, 'Public', 'Active', NULL, NULL, '2019-10-04 11:25:15', '2019-10-04 11:32:23'),
	(2, '010010002', 'CHILLY PWDER 100G', 'KG', '010010002', NULL, 'CHILLY PWDER 100G', NULL, 'GST05', 0.0500000000, 0.0000000000, NULL, 0.0000000000, 0.0000000000, 'Public', 'Active', NULL, NULL, '2019-10-04 11:25:15', '2019-10-04 11:32:23'),
	(3, '010010003', 'CHILLY POWDER 250G', 'KG', '010010003', NULL, 'CHILLY POWDER 250G', NULL, 'GST05', 0.0500000000, 0.0000000000, NULL, 0.0000000000, 0.0000000000, 'Public', 'Active', NULL, NULL, '2019-10-04 11:25:15', '2019-10-04 11:32:23'),
	(4, '010010004', 'CHILLY POWDER 500G', 'KG', '010010004', NULL, 'CHILLY POWDER 500G', NULL, 'GST05', 0.0500000000, 0.0000000000, NULL, 0.0000000000, 0.0000000000, 'Public', 'Active', NULL, NULL, '2019-10-04 11:25:15', '2019-10-04 11:32:23'),
	(5, '010010005', 'CHILLY POWDER 1KG', 'KG', '010010005', NULL, 'CHILLY POWDER 1KG', NULL, 'GST05', 0.0500000000, 0.0000000000, NULL, 0.0000000000, 0.0000000000, 'Public', 'Active', NULL, NULL, '2019-10-04 11:25:15', '2019-10-04 11:32:23'),
	(6, '010010006', 'CORIANDER POWDER 100G', 'KG', '010010006', NULL, 'CORIANDER POWDER 100G', NULL, 'GST05', 0.0500000000, 0.0000000000, NULL, 0.0000000000, 0.0000000000, 'Public', 'Active', NULL, NULL, '2019-10-04 11:25:15', '2019-10-04 11:32:24'),
	(7, '010010007', 'CORIANDER POWDER 250G', 'KG', '010010007', NULL, 'CORIANDER POWDER 250G', NULL, 'GST05', 0.0500000000, 0.0000000000, NULL, 0.0000000000, 0.0000000000, 'Public', 'Active', NULL, NULL, '2019-10-04 11:25:15', '2019-10-04 11:32:24'),
	(8, '010010008', 'CORIANDER POWDER 500G', 'KG', '010010008', NULL, 'CORIANDER POWDER 500G', NULL, 'GST05', 0.0500000000, 0.0000000000, NULL, 0.0000000000, 0.0000000000, 'Public', 'Active', NULL, NULL, '2019-10-04 11:25:15', '2019-10-04 11:32:24'),
	(9, '010010009', 'CORIANDER POWDER 1 KG', 'KG', '010010009', NULL, 'CORIANDER POWDER 1 KG', NULL, 'GST05', 0.0500000000, 0.0000000000, NULL, 0.0000000000, 0.0000000000, 'Public', 'Active', NULL, NULL, '2019-10-04 11:25:15', '2019-10-04 11:32:24'),
	(10, '010010010', 'TURMERIC POWDER 100G', 'KG', '010010010', NULL, 'TURMERIC POWDER 100G', NULL, 'GST05', 0.0500000000, 0.0000000000, NULL, 0.0000000000, 0.0000000000, 'Public', 'Active', NULL, NULL, '2019-10-04 11:25:15', '2019-10-04 11:32:24'),
	(11, '010010011', 'TURMERIC POWDER 250G', 'KG', '010010011', NULL, 'TURMERIC POWDER 250G', NULL, 'GST05', 0.0500000000, 0.0000000000, NULL, 0.0000000000, 0.0000000000, 'Public', 'Active', NULL, NULL, '2019-10-04 11:25:15', '2019-10-04 11:32:24'),
	(12, '010010012', 'MEAT MASALA 100G ', 'KG', '010010012', NULL, 'MEAT MASALA 100G ', NULL, 'GST05', 0.0500000000, 0.0000000000, NULL, 0.0000000000, 0.0000000000, 'Public', 'Active', NULL, NULL, '2019-10-04 11:25:15', '2019-10-04 11:32:24'),
	(13, '010010013', 'CHICKEN MASALA 100G', 'KG', '010010013', NULL, 'CHICKEN MASALA 100G', NULL, 'GST05', 0.0500000000, 0.0000000000, NULL, 0.0000000000, 0.0000000000, 'Public', 'Active', NULL, NULL, '2019-10-04 11:25:15', '2019-10-04 11:32:24'),
	(14, '010010014', 'PICKLE POWDER 100G', 'KG', '010010014', NULL, 'PICKLE POWDER 100G', NULL, 'GST05', 0.0500000000, 0.0000000000, NULL, 0.0000000000, 0.0000000000, 'Public', 'Active', NULL, NULL, '2019-10-04 11:25:15', '2019-10-04 11:32:24'),
	(15, '010010017', 'KASHMRI CHILLY 100G', 'KG', '010010017', NULL, 'KASHMRI CHILLY 100G', NULL, 'GST05', 0.0500000000, 0.0000000000, NULL, 0.0000000000, 0.0000000000, 'Public', 'Active', NULL, NULL, '2019-10-04 11:25:15', '2019-10-04 11:32:24'),
	(16, '010010022', 'KADUKU 250G', 'KG', '010010022', NULL, 'KADUKU 250G', NULL, 'GST05', 0.0500000000, 0.0000000000, NULL, 0.0000000000, 0.0000000000, 'Public', 'Active', NULL, NULL, '2019-10-04 11:25:15', '2019-10-04 11:32:24'),
	(17, '010010029', 'SAMBAR RS 10', 'PCS', '010010029', NULL, 'SAMBAR RS 10', NULL, 'GST05', 0.0500000000, 0.0000000000, NULL, 0.0000000000, 0.0000000000, 'Public', 'Active', NULL, NULL, '2019-10-04 11:25:15', '2019-10-04 11:32:24'),
	(18, '010010030', 'MEAT MASALA RS 10', 'PCS', '010010030', NULL, 'MEAT MASALA RS 10', NULL, 'GST05', 0.0500000000, 0.0000000000, NULL, 0.0000000000, 0.0000000000, 'Public', 'Active', NULL, NULL, '2019-10-04 11:25:15', '2019-10-04 11:32:24'),
	(19, '010010033', 'CORIANDER POWDER 5KG NIRAPARA', 'PCS', '010010033', NULL, 'CORIANDER POWDER 5KG NIRAPARA', NULL, 'GST05', 0.0500000000, 0.0000000000, NULL, 0.0000000000, 0.0000000000, 'Public', 'Active', NULL, NULL, '2019-10-04 11:25:16', '2019-10-04 11:32:24'),
	(20, '010010037', 'PEPPER POWDER 50G', 'PCS', '010010037', NULL, 'PEPPER POWDER 50G', NULL, 'GST05', 0.0500000000, 0.0000000000, NULL, 0.0000000000, 0.0000000000, 'Public', 'Active', NULL, NULL, '2019-10-04 11:25:16', '2019-10-04 11:32:25'),
	(21, '010010038', 'CHICKEN- MASALA-RS10', 'PCS', '010010038', NULL, 'CHICKEN- MASALA-RS10', NULL, 'GST05', 0.0500000000, 0.0000000000, NULL, 0.0000000000, 0.0000000000, 'Public', 'Active', NULL, NULL, '2019-10-04 11:25:16', '2019-10-04 11:32:25'),
	(22, '010010040', 'JEERAKA PODI 50', 'PCS', '010010040', NULL, 'JEERAKA PODI 50', NULL, 'GST05', 0.0500000000, 0.0000000000, NULL, 0.0000000000, 0.0000000000, 'Public', 'Active', NULL, NULL, '2019-10-04 11:25:16', '2019-10-04 11:32:25'),
	(23, '010050001', 'SEMIYA ROSTED', 'PCS', '010050001', NULL, 'SEMIYA ROSTED', NULL, 'GST05', 0.0500000000, 0.0000000000, NULL, 0.0000000000, 0.0000000000, 'Public', 'Active', NULL, NULL, '2019-10-04 11:25:16', '2019-10-04 11:32:25'),
	(24, '010050002', 'TAMRIND 100G A', 'PCS', '010050002', NULL, 'TAMRIND 100G A', NULL, 'GST05', 0.0500000000, 0.0000000000, NULL, 0.0000000000, 0.0000000000, 'Public', 'Active', NULL, NULL, '2019-10-04 11:25:16', '2019-10-04 11:32:25'),
	(25, '010050003', 'TAMRIND 250G A', 'PCS', '010050003', NULL, 'TAMRIND 250G A', NULL, 'GST05', 0.0500000000, 0.0000000000, NULL, 0.0000000000, 0.0000000000, 'Public', 'Active', NULL, NULL, '2019-10-04 11:25:16', '2019-10-04 11:32:25'),
	(26, '010070002', 'CHILLY POWDER 5KG', 'KG', '010070002', NULL, 'CHILLY POWDER 5KG', NULL, 'GST05', 0.0500000000, 0.0000000000, NULL, 0.0000000000, 0.0000000000, 'Public', 'Active', NULL, NULL, '2019-10-04 11:25:16', '2019-10-04 11:32:25'),
	(27, '010070005', 'TURMERIC POWDER 5KG', 'KG', '010070005', NULL, 'TURMERIC POWDER 5KG', NULL, 'GST05', 0.0500000000, 0.0000000000, NULL, 0.0000000000, 0.0000000000, 'Public', 'Active', NULL, NULL, '2019-10-04 11:25:16', '2019-10-04 11:32:25'),
	(28, '010070006', 'CORIANDER POWDER 1 KG', 'KG', '010070006', NULL, 'CORIANDER POWDER 1 KG', NULL, 'GST05', 0.0500000000, 0.0000000000, NULL, 0.0000000000, 0.0000000000, 'Public', 'Active', NULL, NULL, '2019-10-04 11:25:16', '2019-10-04 11:32:25'),
	(29, '010070007', 'CHLLY POWDER 1 KG', 'KG', '010070007', NULL, 'CHLLY POWDER 1 KG', NULL, 'GST05', 0.0500000000, 0.0000000000, NULL, 0.0000000000, 0.0000000000, 'Public', 'Active', NULL, NULL, '2019-10-04 11:25:17', '2019-10-04 11:32:25'),
	(30, '010070008', 'CHILLY POWDER 1 KG', 'KG', '010070008', NULL, 'CHILLY POWDER 1 KG', NULL, 'GST05', 0.0500000000, 0.0000000000, NULL, 0.0000000000, 0.0000000000, 'Public', 'Active', NULL, NULL, '2019-10-04 11:25:17', '2019-10-04 11:32:25'),
	(31, '010070010', 'CHILLY POWDER 250G EDEN', 'KG', '010070010', NULL, 'CHILLY POWDER 250G EDEN', NULL, 'GST05', 0.0500000000, 0.0000000000, NULL, 0.0000000000, 0.0000000000, 'Public', 'Active', NULL, NULL, '2019-10-04 11:25:17', '2019-10-04 11:32:25'),
	(32, '010070012', 'TURMERIC 100G EDEN', 'KG', '010070012', NULL, 'TURMERIC 100G EDEN', NULL, 'GST05', 0.0500000000, 0.0000000000, NULL, 0.0000000000, 0.0000000000, 'Public', 'Active', NULL, NULL, '2019-10-04 11:25:17', '2019-10-04 11:32:26'),
	(33, '010070013', 'SAMBAR 100G EDEN', 'KG', '010070013', NULL, 'SAMBAR 100G EDEN', NULL, 'GST05', 0.0500000000, 0.0000000000, NULL, 0.0000000000, 0.0000000000, 'Public', 'Active', NULL, NULL, '2019-10-04 11:25:17', '2019-10-04 11:32:26'),
	(34, '010070018', 'CHILLY POWDER 5K EDEN', 'PCS', '010070018', NULL, 'CHILLY POWDER 5K EDEN', NULL, 'GST05', 0.0500000000, 0.0000000000, NULL, 0.0000000000, 0.0000000000, 'Public', 'Active', NULL, NULL, '2019-10-04 11:25:17', '2019-10-04 11:32:26'),
	(35, '010070019', 'CORIADER 5KG EDEN', 'PCS', '010070019', NULL, 'CORIADER 5KG EDEN', NULL, 'GST05', 0.0500000000, 0.0000000000, NULL, 0.0000000000, 0.0000000000, 'Public', 'Active', NULL, NULL, '2019-10-04 11:25:17', '2019-10-04 11:32:26'),
	(36, '010110001', 'KADUKU 100G', 'KG', '010110001', NULL, 'KADUKU 100G', NULL, 'GST05', 0.0500000000, 0.0000000000, NULL, 0.0000000000, 0.0000000000, 'Public', 'Active', NULL, NULL, '2019-10-04 11:25:17', '2019-10-04 11:32:26'),
	(37, '010110002', 'KADUKU 250', 'KG', '010110002', NULL, 'KADUKU 250', NULL, 'GST05', 0.0500000000, 0.0000000000, NULL, 0.0000000000, 0.0000000000, 'Public', 'Active', NULL, NULL, '2019-10-04 11:25:17', '2019-10-04 11:32:26'),
	(38, '010110003', 'JEERAKAM 100G ESSEN', 'KG', '010110003', NULL, 'JEERAKAM 100G ESSEN', NULL, 'GST05', 0.0500000000, 0.0000000000, NULL, 0.0000000000, 0.0000000000, 'Public', 'Active', NULL, NULL, '2019-10-04 11:25:17', '2019-10-04 11:32:26'),
	(39, '010110005', 'JEERAKAM 50G ESSEN', 'KG', '010110005', NULL, 'JEERAKAM 50G ESSEN', NULL, 'GST05', 0.0500000000, 0.0000000000, NULL, 0.0000000000, 0.0000000000, 'Public', 'Active', NULL, NULL, '2019-10-04 11:25:17', '2019-10-04 11:32:26'),
	(40, '010110006', 'P.JEERAKAM 50', 'KG', '010110006', NULL, 'P.JEERAKAM 50', NULL, 'GST05', 0.0500000000, 0.0000000000, NULL, 0.0000000000, 0.0000000000, 'Public', 'Active', NULL, NULL, '2019-10-04 11:25:17', '2019-10-04 11:32:26'),
	(41, '010110007', 'P.JEERAKAM 100', 'KG', '010110007', NULL, 'P.JEERAKAM 100', NULL, 'GST05', 0.0500000000, 0.0000000000, NULL, 0.0000000000, 0.0000000000, 'Public', 'Active', NULL, NULL, '2019-10-04 11:25:17', '2019-10-04 11:32:26'),
	(42, '010110008', 'ULUVA 100G E', 'KG', '010110008', NULL, 'ULUVA 100G E', NULL, 'GST05', 0.0500000000, 0.0000000000, NULL, 0.0000000000, 0.0000000000, 'Public', 'Active', NULL, NULL, '2019-10-04 11:25:17', '2019-10-04 11:32:26'),
	(43, '010110012', 'CASHEW 320', 'PCS', '010110012', NULL, 'CASHEW 320', NULL, 'GST05', 0.0500000000, 0.0000000000, NULL, 0.0000000000, 0.0000000000, 'Public', 'Active', NULL, NULL, '2019-10-04 11:25:17', '2019-10-04 11:32:26'),
	(44, '010110013', 'KISMIS 1KG', 'PCS', '010110013', NULL, 'KISMIS 1KG', NULL, 'GST05', 0.0500000000, 0.0000000000, NULL, 0.0000000000, 0.0000000000, 'Public', 'Active', NULL, NULL, '2019-10-04 11:25:17', '2019-10-04 11:32:26'),
	(45, '010530001', 'BG. KAYAM 20G', 'PCS', '010530001', NULL, 'BG. KAYAM 20G', NULL, 'GST05', 0.0500000000, 0.0000000000, NULL, 0.0000000000, 0.0000000000, 'Public', 'Active', NULL, NULL, '2019-10-04 11:25:17', '2019-10-04 11:32:26'),
	(46, '010530002', 'KAYAM PODI 50g', 'PCS', '010530002', NULL, 'KAYAM PODI 50g', NULL, 'GST05', 0.0500000000, 0.0000000000, NULL, 0.0000000000, 0.0000000000, 'Public', 'Active', NULL, NULL, '2019-10-04 11:25:17', '2019-10-04 11:32:27'),
	(47, '010790001', 'TAMRIND 500G', 'PCS', '010790001', NULL, 'TAMRIND 500G', NULL, 'GST05', 0.0500000000, 0.0000000000, NULL, 0.0000000000, 0.0000000000, 'Public', 'Active', NULL, NULL, '2019-10-04 11:25:18', '2019-10-04 11:32:27'),
	(48, '020010002', 'RICE POWDER 5K NIRAPARA', 'PCS', '020010002', NULL, 'RICE POWDER 5K NIRAPARA', NULL, 'GST05', 0.0500000000, 0.0000000000, NULL, 0.0000000000, 0.0000000000, 'Public', 'Active', NULL, NULL, '2019-10-04 11:25:18', '2019-10-04 11:32:27'),
	(49, '020020006', 'SAMBA BROKEN WHEAT 500G', 'PCS', '020020006', NULL, 'SAMBA BROKEN WHEAT 500G', NULL, 'GST05', 0.0500000000, 0.0000000000, NULL, 0.0000000000, 0.0000000000, 'Public', 'Active', NULL, NULL, '2019-10-04 11:25:18', '2019-10-04 11:32:27'),
	(50, '020020009', 'ATTA 1 KG - MRP 47', 'PCS', '020020009', NULL, 'ATTA 1 KG - MRP 47', NULL, 'GST05', 0.0500000000, 0.0000000000, NULL, 0.0000000000, 0.0000000000, 'Public', 'Active', NULL, NULL, '2019-10-04 11:25:18', '2019-10-04 11:32:27'),
	(51, '020020010', 'BROKEN WHEAT 500g MRP36', 'PCS', '020020010', NULL, 'BROKEN WHEAT 500g MRP36', NULL, 'GST05', 0.0500000000, 0.0000000000, NULL, 0.0000000000, 0.0000000000, 'Public', 'Active', NULL, NULL, '2019-10-04 11:25:18', '2019-10-04 11:32:27'),
	(52, '020020012', 'ATTA- CHAKKI -ELITE 1KG', 'PCS', '020020012', NULL, 'ATTA- CHAKKI -ELITE 1KG', NULL, 'GST05', 0.0500000000, 0.0000000000, NULL, 0.0000000000, 0.0000000000, 'Public', 'Active', NULL, NULL, '2019-10-04 11:25:18', '2019-10-04 11:32:27'),
	(53, '020030001', 'RICE POWDER-K- 500G', 'PCS', '020030001', NULL, 'RICE POWDER-K- 500G', NULL, 'GST05', 0.0500000000, 0.0000000000, NULL, 0.0000000000, 0.0000000000, 'Public', 'Active', NULL, NULL, '2019-10-04 11:25:18', '2019-10-04 11:32:27'),
	(54, '020030003', 'RICE POWDER 5 KG', 'PCS', '020030003', NULL, 'RICE POWDER 5 KG', NULL, 'GST05', 0.0500000000, 0.0000000000, NULL, 0.0000000000, 0.0000000000, 'Public', 'Active', NULL, NULL, '2019-10-04 11:25:18', '2019-10-04 11:32:27'),
	(55, '020030005', 'RICE POWDER-K- 1K', 'PCS', '020030005', NULL, 'RICE POWDER-K- 1K', NULL, 'GST05', 0.0500000000, 0.0000000000, NULL, 0.0000000000, 0.0000000000, 'Public', 'Active', NULL, NULL, '2019-10-04 11:25:18', '2019-10-04 11:32:27'),
	(56, '020050001', 'BIRIYANI -FAMILY- ANUS', 'PCS', '020050001', NULL, 'BIRIYANI -FAMILY- ANUS', NULL, 'GST05', 0.0500000000, 0.0000000000, NULL, 0.0000000000, 0.0000000000, 'Public', 'Active', NULL, NULL, '2019-10-04 11:25:18', '2019-10-04 11:32:27'),
	(57, '020050004', 'BIRIYANI -KIT MALABAR ', 'PCS', '020050004', NULL, 'BIRIYANI -KIT MALABAR ', NULL, 'GST05', 0.0500000000, 0.0000000000, NULL, 0.0000000000, 0.0000000000, 'Public', 'Active', NULL, NULL, '2019-10-04 11:25:18', '2019-10-04 11:32:27'),
	(58, '020060001', 'PUTTUPODI 500G-PK', 'PCS', '020060001', NULL, 'PUTTUPODI 500G-PK', NULL, 'GST05', 0.0500000000, 0.0000000000, NULL, 0.0000000000, 0.0000000000, 'Public', 'Active', NULL, NULL, '2019-10-04 11:25:18', '2019-10-04 11:32:27'),
	(59, '020060002', 'PUTTUPDI 1KG-PK', 'PCS', '020060002', NULL, 'PUTTUPDI 1KG-PK', NULL, 'GST05', 0.0500000000, 0.0000000000, NULL, 0.0000000000, 0.0000000000, 'Public', 'Active', NULL, NULL, '2019-10-04 11:25:18', '2019-10-04 11:32:27'),
	(60, '020060003', 'RICE POWDER 5K- PK', 'PCS', '020060003', NULL, 'RICE POWDER 5K- PK', NULL, 'GST05', 0.0500000000, 0.0000000000, NULL, 0.0000000000, 0.0000000000, 'Public', 'Active', NULL, NULL, '2019-10-04 11:25:18', '2019-10-04 11:32:27'),
	(61, '020060004', 'PUTTUPODI PK 5K', 'PCS', '020060004', NULL, 'PUTTUPODI PK 5K', NULL, 'GST05', 0.0500000000, 0.0000000000, NULL, 0.0000000000, 0.0000000000, 'Public', 'Active', NULL, NULL, '2019-10-04 11:25:18', '2019-10-04 11:32:28'),
	(62, '020060005', 'APPAM POdI -PK 500', 'PCS', '020060005', NULL, 'APPAM POdI -PK 500', NULL, 'GST05', 0.0500000000, 0.0000000000, NULL, 0.0000000000, 0.0000000000, 'Public', 'Active', NULL, NULL, '2019-10-04 11:25:18', '2019-10-04 11:32:28'),
	(63, '020060006', 'APPAM PODI -PK-1KG', 'PCS', '020060006', NULL, 'APPAM PODI -PK-1KG', NULL, 'GST05', 0.0500000000, 0.0000000000, NULL, 0.0000000000, 0.0000000000, 'Public', 'Active', NULL, NULL, '2019-10-04 11:25:18', '2019-10-04 11:32:28'),
	(64, '020060008', 'ATTA 1K PONKATHIR', 'PCS', '020060008', NULL, 'ATTA 1K PONKATHIR', NULL, 'GST05', 0.0500000000, 0.0000000000, NULL, 0.0000000000, 0.0000000000, 'Public', 'Active', NULL, NULL, '2019-10-04 11:25:19', '2019-10-04 11:32:28'),
	(65, '020060010', 'WHEA PUTTU PODI', 'PCS', '020060010', NULL, 'WHEA PUTTU PODI', NULL, 'GST05', 0.0500000000, 0.0000000000, NULL, 0.0000000000, 0.0000000000, 'Public', 'Active', NULL, NULL, '2019-10-04 11:25:19', '2019-10-04 11:32:29'),
	(66, '020070001', 'RAVA 500g EDEN', 'PCS', '020070001', NULL, 'RAVA 500g EDEN', NULL, 'GST05', 0.0500000000, 0.0000000000, NULL, 0.0000000000, 0.0000000000, 'Public', 'Active', NULL, NULL, '2019-10-04 11:25:19', '2019-10-04 11:32:29'),
	(67, '020110001', 'KISMIS 1KG', 'PCS', '020110001', NULL, 'KISMIS 1KG', NULL, 'GST05', 0.0500000000, 0.0000000000, NULL, 0.0000000000, 0.0000000000, 'Public', 'Active', NULL, NULL, '2019-10-04 11:25:19', '2019-10-04 11:32:29'),
	(68, '020130001', 'VATTEPPAM PODI 500G', 'PCS', '020130001', NULL, 'VATTEPPAM PODI 500G', NULL, 'GST05', 0.0500000000, 0.0000000000, NULL, 0.0000000000, 0.0000000000, 'Public', 'Active', NULL, NULL, '2019-10-04 11:25:19', '2019-10-04 11:32:29'),
	(69, '020130002', 'PALAPPAM PODI 500G', 'PCS', '020130002', NULL, 'PALAPPAM PODI 500G', NULL, 'GST05', 0.0500000000, 0.0000000000, NULL, 0.0000000000, 0.0000000000, 'Public', 'Active', NULL, NULL, '2019-10-04 11:25:19', '2019-10-04 11:32:29'),
	(70, '020130003', 'EASY PALAPPAM-500G', 'PCS', '020130003', NULL, 'EASY PALAPPAM-500G', NULL, 'GST05', 0.0500000000, 0.0000000000, NULL, 0.0000000000, 0.0000000000, 'Public', 'Active', NULL, NULL, '2019-10-04 11:25:19', '2019-10-04 11:32:29'),
	(71, '020370001', 'SEMIYA-325G', 'PCS', '020370001', NULL, 'SEMIYA-325G', NULL, 'GST05', 0.0500000000, 0.0000000000, NULL, 0.0000000000, 0.0000000000, 'Public', 'Active', NULL, NULL, '2019-10-04 11:25:19', '2019-10-04 11:32:29'),
	(72, '020370002', 'SEMIYA 150g', 'PCS', '020370002', NULL, 'SEMIYA 150g', NULL, 'GST05', 0.0500000000, 0.0000000000, NULL, 0.0000000000, 0.0000000000, 'Public', 'Active', NULL, NULL, '2019-10-04 11:25:19', '2019-10-04 11:32:29'),
	(73, '020600001', 'ADA -', 'PCS', '020600001', NULL, 'ADA -', NULL, 'GST05', 0.0500000000, 0.0000000000, NULL, 0.0000000000, 0.0000000000, 'Public', 'Active', NULL, NULL, '2019-10-04 11:25:19', '2019-10-04 11:32:29'),
	(74, '020780001', 'RICE POWDER 5K -ITHAL', 'PCS', '020780001', NULL, 'RICE POWDER 5K -ITHAL', NULL, 'GST05', 0.0500000000, 0.0000000000, NULL, 0.0000000000, 0.0000000000, 'Public', 'Active', NULL, NULL, '2019-10-04 11:25:19', '2019-10-04 11:32:29'),
	(75, '030080002', 'S.F.OIL 500ML', 'PCS', '030080002', NULL, 'S.F.OIL 500ML', NULL, 'GST05', 0.0500000000, 0.0000000000, 'IGST05', 0.0500000000, 0.0000000000, 'Public', 'Active', NULL, NULL, '2019-10-04 11:25:19', '2019-10-04 11:32:29'),
	(76, '030090001', 'VILAKKENNA 1 L', 'PCS', '030090001', NULL, 'VILAKKENNA 1 L', NULL, 'GST05', 0.0500000000, 0.0000000000, 'IGST05', 0.0500000000, 0.0000000000, 'Public', 'Active', NULL, NULL, '2019-10-04 11:25:19', '2019-10-04 11:32:29'),
	(77, '030090002', 'VILAKKENA 500 ML', 'PCS', '030090002', NULL, 'VILAKKENA 500 ML', NULL, 'GST05', 0.0500000000, 0.0000000000, 'IGST05', 0.0500000000, 0.0000000000, 'Public', 'Active', NULL, NULL, '2019-10-04 11:25:19', '2019-10-04 11:32:29'),
	(78, '030090003', 'VILAKKENNA 200 ML', 'PCS', '030090003', NULL, 'VILAKKENNA 200 ML', NULL, 'GST05', 0.0500000000, 0.0000000000, 'IGST05', 0.0500000000, 0.0000000000, 'Public', 'Active', NULL, NULL, '2019-10-04 11:25:19', '2019-10-04 11:32:29'),
	(79, '030100001', 'NALLENNA 1 L', 'PCS', '030100001', NULL, 'NALLENNA 1 L', NULL, 'GST05', 0.0500000000, 0.0000000000, 'IGST05', 0.0500000000, 0.0000000000, 'Public', 'Active', NULL, NULL, '2019-10-04 11:25:19', '2019-10-04 11:32:29'),
	(80, '030100002', 'NALLENNA 500 ML', 'PCS', '030100002', NULL, 'NALLENNA 500 ML', NULL, 'GST05', 0.0500000000, 0.0000000000, 'IGST05', 0.0500000000, 0.0000000000, 'Public', 'Active', NULL, NULL, '2019-10-04 11:25:19', '2019-10-04 11:32:29'),
	(81, '030100003', 'NALLENNA 200 ML', 'PCS', '030100003', NULL, 'NALLENNA 200 ML', NULL, 'GST05', 0.0500000000, 0.0000000000, 'IGST05', 0.0500000000, 0.0000000000, 'Public', 'Active', NULL, NULL, '2019-10-04 11:25:19', '2019-10-04 11:32:29'),
	(82, '030100004', 'NALLENNA 100ML', 'PCS', '030100004', NULL, 'NALLENNA 100ML', NULL, 'GST05', 0.0500000000, 0.0000000000, 'IGST05', 0.0500000000, 0.0000000000, 'Public', 'Active', NULL, NULL, '2019-10-04 11:25:20', '2019-10-04 11:32:29'),
	(83, '030400001', 'VILAKKENNA 100ML', 'PCS', '030400001', NULL, 'VILAKKENNA 100ML', NULL, 'GST05', 0.0500000000, 0.0000000000, 'IGST05', 0.0500000000, 0.0000000000, 'Public', 'Active', NULL, NULL, '2019-10-04 11:25:20', '2019-10-04 11:32:30'),
	(84, '030750002', 'PARACHUTE C OIL 100ml -RS 39', 'PCS', '030750002', NULL, 'PARACHUTE C OIL 100ml -RS 39', NULL, 'GST05', 0.0500000000, 0.0000000000, 'IGST05', 0.0500000000, 0.0000000000, 'Public', 'Active', NULL, NULL, '2019-10-04 11:25:20', '2019-10-04 11:32:30'),
	(85, '030750003', 'PARACHUTE C.OIL RS 10', 'PCS', '030750003', NULL, 'PARACHUTE C.OIL RS 10', NULL, 'GST05', 0.0500000000, 0.0000000000, 'IGST05', 0.0500000000, 0.0000000000, 'Public', 'Active', NULL, NULL, '2019-10-04 11:25:20', '2019-10-04 11:32:30'),
	(86, '030760001', 'S.F OIL 1 L -MIKHAS', 'PCS', '030760001', NULL, 'S.F OIL 1 L -MIKHAS', NULL, 'GST05', 0.0500000000, 0.0000000000, 'IGST05', 0.0500000000, 0.0000000000, 'Public', 'Active', NULL, NULL, '2019-10-04 11:25:20', '2019-10-04 11:32:30'),
	(87, '030760002', 'S.F OIL 500ML-MIKHAS', 'PCS', '030760002', NULL, 'S.F OIL 500ML-MIKHAS', NULL, 'GST05', 0.0500000000, 0.0000000000, 'IGST05', 0.0500000000, 0.0000000000, 'Public', 'Active', NULL, NULL, '2019-10-04 11:25:20', '2019-10-04 11:32:30'),
	(88, '030760003', 'PALMOLEN OIL 1L', 'PCS', '030760003', NULL, 'PALMOLEN OIL 1L', NULL, 'GST05', 0.0500000000, 0.0000000000, 'IGST05', 0.0500000000, 0.0000000000, 'Public', 'Active', NULL, NULL, '2019-10-04 11:25:20', '2019-10-04 11:32:30'),
	(89, '030860001', 'VILAKKENNA- RASI 1 L', 'PCS', '030860001', NULL, 'VILAKKENNA- RASI 1 L', NULL, 'GST05', 0.0500000000, 0.0000000000, 'IGST05', 0.0500000000, 0.0000000000, 'Public', 'Active', NULL, NULL, '2019-10-04 11:25:20', '2019-10-04 11:32:30'),
	(90, '030860002', 'VILAKKENNA RASI 500ML', 'PCS', '030860002', NULL, 'VILAKKENNA RASI 500ML', NULL, 'GST05', 0.0500000000, 0.0000000000, 'IGST05', 0.0500000000, 0.0000000000, 'Public', 'Active', NULL, NULL, '2019-10-04 11:25:20', '2019-10-04 11:32:30'),
	(91, '030860003', 'VILAKKENNA RASI 200ML', 'PCS', '030860003', NULL, 'VILAKKENNA RASI 200ML', NULL, 'GST05', 0.0500000000, 0.0000000000, 'IGST05', 0.0500000000, 0.0000000000, 'Public', 'Active', NULL, NULL, '2019-10-04 11:25:20', '2019-10-04 11:32:30'),
	(92, '040170001', 'DR. WASH SOAP', 'PCS', '040170001', NULL, 'DR. WASH SOAP', NULL, 'GST18', 0.1800000000, 0.0000000000, 'IGST18', 0.1800000000, 0.0000000000, 'Public', 'Active', NULL, NULL, '2019-10-04 11:25:20', '2019-10-04 11:32:30'),
	(93, '040180001', 'KHADI SOAP 1KG', 'PCS', '040180001', NULL, 'KHADI SOAP 1KG', NULL, 'GST18', 0.1800000000, 0.0000000000, 'IGST18', 0.1800000000, 0.0000000000, 'Public', 'Active', NULL, NULL, '2019-10-04 11:25:20', '2019-10-04 11:32:30'),
	(94, '040190001', 'XL BAR SOAP', 'PCS', '040190001', NULL, 'XL BAR SOAP', NULL, 'GST18', 0.1800000000, 0.0000000000, 'IGST18', 0.1800000000, 0.0000000000, 'Public', 'Active', NULL, NULL, '2019-10-04 11:25:20', '2019-10-04 11:32:30'),
	(95, '040190002', 'CHANDRA -KATTA-10', 'PCS', '040190002', NULL, 'CHANDRA -KATTA-10', NULL, 'GST18', 0.1800000000, 0.0000000000, 'IGST18', 0.1800000000, 0.0000000000, 'Public', 'Active', NULL, NULL, '2019-10-04 11:25:20', '2019-10-04 11:32:30'),
	(96, '040190003', 'CHANDRA BAR 750G', 'PCS', '040190003', NULL, 'CHANDRA BAR 750G', NULL, 'GST18', 0.1800000000, 0.0000000000, 'IGST18', 0.1800000000, 0.0000000000, 'Public', 'Active', NULL, NULL, '2019-10-04 11:25:20', '2019-10-04 11:32:31'),
	(97, '040490003', 'DISH WASH - MRP 10 ', 'PCS', '040490003', NULL, 'DISH WASH - MRP 10', NULL, 'GST18', 0.1800000000, 0.0000000000, 'IGST18', 0.1800000000, 0.0000000000, 'Public', 'Active', NULL, NULL, '2019-10-04 11:25:20', '2019-10-04 11:32:31'),
	(98, '050140004', 'santoor soap 29', 'PCS', '050140004', NULL, 'santoor soap 29', NULL, 'GST18', 0.1800000000, 0.0000000000, 'IGST18', 0.1800000000, 0.0000000000, 'Public', 'Active', NULL, NULL, '2019-10-04 11:25:20', '2019-10-04 11:32:31'),
	(99, '050140005', 'SANTOOR-29', 'PCS', '050140005', NULL, 'SANTOOR-29', NULL, 'GST18', 0.1800000000, 0.0000000000, 'IGST18', 0.1800000000, 0.0000000000, 'Public', 'Active', NULL, NULL, '2019-10-04 11:25:20', '2019-10-04 11:32:31'),
	(100, '050140006', 'SANTOOR-100G-Rs30', 'PCS', '050140006', NULL, 'SANTOOR-100G-Rs30', NULL, 'GST18', 0.1800000000, 0.0000000000, 'IGST18', 0.1800000000, 0.0000000000, 'Public', 'Active', NULL, NULL, '2019-10-04 11:25:20', '2019-10-04 11:32:31'),
	(101, '050160001', 'VIVEL 100G', 'PCS', '050160001', NULL, 'VIVEL 100G', NULL, 'GST18', 0.1800000000, 0.0000000000, 'IGST18', 0.1800000000, 0.0000000000, 'Public', 'Active', NULL, NULL, '2019-10-04 11:25:20', '2019-10-04 11:32:31'),
	(102, '050490002', 'LORA SOAP RS20', 'PCS', '050490002', NULL, 'LORA SOAP RS20', NULL, 'GST18', 0.1800000000, 0.0000000000, 'IGST18', 0.1800000000, 0.0000000000, 'Public', 'Active', NULL, NULL, '2019-10-04 11:25:20', '2019-10-04 11:32:31'),
	(103, '050870001', 'CUTEE SOAP MRP 20', 'PCS', '050870001', NULL, 'CUTEE SOAP MRP 20', NULL, 'GST18', 0.1800000000, 0.0000000000, 'IGST18', 0.1800000000, 0.0000000000, 'Public', 'Active', NULL, NULL, '2019-10-04 11:25:21', '2019-10-04 11:32:31'),
	(104, '060150001', 'CHANDRIKA 75G', 'PCS', '060150001', NULL, 'CHANDRIKA 75G', NULL, 'GST18', 0.1800000000, 0.0000000000, 'IGST18', 0.1800000000, 0.0000000000, 'Public', 'Active', NULL, NULL, '2019-10-04 11:25:21', '2019-10-04 11:32:31'),
	(105, '080010001', 'LIME PICKLE 1KG NIRAPARA', 'PCS', '080010001', NULL, 'LIME PICKLE 1KG NIRAPARA', NULL, 'GST12', 0.1200000000, 0.0000000000, NULL, 0.0000000000, 0.0000000000, 'Public', 'Active', NULL, NULL, '2019-10-04 11:25:21', '2019-10-04 11:32:31'),
	(106, '080010002', 'MANGO PICKLE 1KG N', 'PCS', '080010002', NULL, 'MANGO PICKLE 1KG N', NULL, 'GST12', 0.1200000000, 0.0000000000, NULL, 0.0000000000, 0.0000000000, 'Public', 'Active', NULL, NULL, '2019-10-04 11:25:21', '2019-10-04 11:32:31'),
	(107, '080010003', 'MANGO PICKLE 5KG-N', 'PCS', '080010003', NULL, 'MANGO PICKLE 5KG-N', NULL, 'GST12', 0.1200000000, 0.0000000000, NULL, 0.0000000000, 0.0000000000, 'Public', 'Active', NULL, NULL, '2019-10-04 11:25:21', '2019-10-04 11:32:31'),
	(108, '080010004', 'LIME-PICKLE 5 KG-N', 'PCS', '080010004', NULL, 'LIME-PICKLE 5 KG-N', NULL, 'GST12', 0.1200000000, 0.0000000000, NULL, 0.0000000000, 0.0000000000, 'Public', 'Active', NULL, NULL, '2019-10-04 11:25:21', '2019-10-04 11:32:31'),
	(109, '080010007', 'Tender Mango pickle 150g', 'PCS', '080010007', NULL, 'Tender Mango pickle 150g', NULL, 'GST12', 0.1200000000, 0.0000000000, NULL, 0.0000000000, 0.0000000000, 'Public', 'Active', NULL, NULL, '2019-10-04 11:25:21', '2019-10-04 11:32:32'),
	(110, '080040001', 'LIME PICKLE 200G', 'PCS', '080040001', NULL, 'LIME PICKLE 200G', NULL, 'GST12', 0.1200000000, 0.0000000000, NULL, 0.0000000000, 0.0000000000, 'Public', 'Active', NULL, NULL, '2019-10-04 11:25:21', '2019-10-04 11:32:32'),
	(111, '080040002', 'MANGO PICKLE 200G', 'PCS', '080040002', NULL, 'MANGO PICKLE 200G', NULL, 'GST12', 0.1200000000, 0.0000000000, NULL, 0.0000000000, 0.0000000000, 'Public', 'Active', NULL, NULL, '2019-10-04 11:25:21', '2019-10-04 11:32:32'),
	(112, '080040003', 'TENDER MANGO 200G', 'PCS', '080040003', NULL, 'TENDER MANGO 200G', NULL, 'GST12', 0.1200000000, 0.0000000000, NULL, 0.0000000000, 0.0000000000, 'Public', 'Active', NULL, NULL, '2019-10-04 11:25:21', '2019-10-04 11:32:32'),
	(113, '080040004', 'GARLIC PICKLE 200G', 'PCS', '080040004', NULL, 'GARLIC PICKLE 200G', NULL, 'GST12', 0.1200000000, 0.0000000000, NULL, 0.0000000000, 0.0000000000, 'Public', 'Active', NULL, NULL, '2019-10-04 11:25:21', '2019-10-04 11:32:32'),
	(114, '080040005', 'LIME PICKE 500G', 'PCS', '080040005', NULL, 'LIME PICKE 500G', NULL, 'GST12', 0.1200000000, 0.0000000000, NULL, 0.0000000000, 0.0000000000, 'Public', 'Active', NULL, NULL, '2019-10-04 11:25:21', '2019-10-04 11:32:32'),
	(115, '080040006', 'MANGO PICKLE 500G', 'PCS', '080040006', NULL, 'MANGO PICKLE 500G', NULL, 'GST12', 0.1200000000, 0.0000000000, NULL, 0.0000000000, 0.0000000000, 'Public', 'Active', NULL, NULL, '2019-10-04 11:25:21', '2019-10-04 11:32:32'),
	(116, '080040008', 'LIME PICKLE 1 KG', 'PCS', '080040008', NULL, 'LIME PICKLE 1 KG', NULL, 'GST12', 0.1200000000, 0.0000000000, NULL, 0.0000000000, 0.0000000000, 'Public', 'Active', NULL, NULL, '2019-10-04 11:25:21', '2019-10-04 11:32:32'),
	(117, '080040009', 'MANGO PICKLE 1KG', 'PCS', '080040009', NULL, 'MANGO PICKLE 1KG', NULL, 'GST12', 0.1200000000, 0.0000000000, NULL, 0.0000000000, 0.0000000000, 'Public', 'Active', NULL, NULL, '2019-10-04 11:25:21', '2019-10-04 11:32:32'),
	(118, '080040010', 'LIME PICKLE 5 KG', 'PCS', '080040010', NULL, 'LIME PICKLE 5 KG', NULL, 'GST12', 0.1200000000, 0.0000000000, NULL, 0.0000000000, 0.0000000000, 'Public', 'Active', NULL, NULL, '2019-10-04 11:25:21', '2019-10-04 11:32:32'),
	(119, '080040011', 'MANGO PICKLE 5 KG', 'PCS', '080040011', NULL, 'MANGO PICKLE 5 KG', NULL, 'GST12', 0.1200000000, 0.0000000000, NULL, 0.0000000000, 0.0000000000, 'Public', 'Active', NULL, NULL, '2019-10-04 11:25:21', '2019-10-04 11:32:32'),
	(120, '080050003', 'SAUSE 200 ML TOMATO', 'PCS', '080050003', NULL, 'SAUSE 200 ML TOMATO', NULL, 'GST12', 0.1200000000, 0.0000000000, NULL, 0.0000000000, 0.0000000000, 'Public', 'Active', NULL, NULL, '2019-10-04 11:25:21', '2019-10-04 11:32:32'),
	(121, '080050004', 'TAMARIND-100', 'PCS', '080050004', NULL, 'TAMARIND-100', NULL, 'GST12', 0.1200000000, 0.0000000000, NULL, 0.0000000000, 0.0000000000, 'Public', 'Active', NULL, NULL, '2019-10-04 11:25:21', '2019-10-04 11:32:33'),
	(122, '080050006', 'SAUSE TOMTO 1L', 'PCS', '080050006', NULL, 'SAUSE TOMTO 1L', NULL, 'GST12', 0.1200000000, 0.0000000000, NULL, 0.0000000000, 0.0000000000, 'Public', 'Active', NULL, NULL, '2019-10-04 11:25:21', '2019-10-04 11:32:33'),
	(123, '080050007', 'SAUSE 200ML CH', 'PCS', '080050007', NULL, 'SAUSE 200ML CH', NULL, 'GST12', 0.1200000000, 0.0000000000, NULL, 0.0000000000, 0.0000000000, 'Public', 'Active', NULL, NULL, '2019-10-04 11:25:21', '2019-10-04 11:32:33'),
	(124, '080050008', 'SAUSE 200ML SOYA', 'PCS', '080050008', NULL, 'SAUSE 200ML SOYA', NULL, 'GST12', 0.1200000000, 0.0000000000, NULL, 0.0000000000, 0.0000000000, 'Public', 'Active', NULL, NULL, '2019-10-04 11:25:22', '2019-10-04 11:32:33'),
	(125, '080050009', 'SAUSE CHILLY 700ML', 'PCS', '080050009', NULL, 'SAUSE CHILLY 700ML', NULL, 'GST12', 0.1200000000, 0.0000000000, NULL, 0.0000000000, 0.0000000000, 'Public', 'Active', NULL, NULL, '2019-10-04 11:25:22', '2019-10-04 11:32:33'),
	(126, '080050013', 'SOYA SAUS 700ML', 'PCS', '080050013', NULL, 'SOYA SAUS 700ML', NULL, 'GST12', 0.1200000000, 0.0000000000, NULL, 0.0000000000, 0.0000000000, 'Public', 'Active', NULL, NULL, '2019-10-04 11:25:22', '2019-10-04 11:32:33'),
	(127, '080050015', 'GARLIC PICKLE 100g', 'PCS', '080050015', NULL, 'GARLIC PICKLE 100g', NULL, 'GST12', 0.1200000000, 0.0000000000, NULL, 0.0000000000, 0.0000000000, 'Public', 'Active', NULL, NULL, '2019-10-04 11:25:22', '2019-10-04 11:32:33'),
	(128, '080240001', 'LIME PICKLE 80G', 'PCS', '080240001', NULL, 'LIME PICKLE 80G', NULL, 'GST12', 0.1200000000, 0.0000000000, NULL, 0.0000000000, 0.0000000000, 'Public', 'Active', NULL, NULL, '2019-10-04 11:25:22', '2019-10-04 11:32:33'),
	(129, '080240002', 'MANGO PICKLE 80G', 'PCS', '080240002', NULL, 'MANGO PICKLE 80G', NULL, 'GST12', 0.1200000000, 0.0000000000, NULL, 0.0000000000, 0.0000000000, 'Public', 'Active', NULL, NULL, '2019-10-04 11:25:22', '2019-10-04 11:32:33'),
	(130, '080240003', 'TENDER MANGO 80G', 'PCS', '080240003', NULL, 'TENDER MANGO 80G', NULL, 'GST12', 0.1200000000, 0.0000000000, NULL, 0.0000000000, 0.0000000000, 'Public', 'Active', NULL, NULL, '2019-10-04 11:25:22', '2019-10-04 11:32:33'),
	(131, '080240007', 'PINAPLE SYRUP-700ML', 'PCS', '080240007', NULL, 'PINAPLE SYRUP-700ML', NULL, 'GST12', 0.1200000000, 0.0000000000, NULL, 0.0000000000, 0.0000000000, 'Public', 'Active', NULL, NULL, '2019-10-04 11:25:22', '2019-10-04 11:32:33'),
	(132, '090050001', 'JAM-100G -PINEAPPLE', 'PCS', '090050001', NULL, 'JAM-100G -PINEAPPLE', NULL, 'GST12', 0.1200000000, 0.0000000000, NULL, 0.0000000000, 0.0000000000, 'Public', 'Active', NULL, NULL, '2019-10-04 11:25:22', '2019-10-04 11:32:33'),
	(133, '090050002', 'JAM 200G- MIXED FRUIT', 'PCS', '090050002', NULL, 'JAM 200G- MIXED FRUIT', NULL, 'GST12', 0.1200000000, 0.0000000000, NULL, 0.0000000000, 0.0000000000, 'Public', 'Active', NULL, NULL, '2019-10-04 11:25:22', '2019-10-04 11:32:33'),
	(134, '090240001', 'JAM 100 G-MIXED', 'PCS', '090240001', NULL, 'JAM 100 G-MIXED', NULL, 'GST12', 0.1200000000, 0.0000000000, NULL, 0.0000000000, 0.0000000000, 'Public', 'Active', NULL, NULL, '2019-10-04 11:25:22', '2019-10-04 11:32:34'),
	(135, '090240002', 'JAM 200 G PINEAPPLE', 'PCS', '090240002', NULL, 'JAM 200 G PINEAPPLE', NULL, 'GST12', 0.1200000000, 0.0000000000, NULL, 0.0000000000, 0.0000000000, 'Public', 'Active', NULL, NULL, '2019-10-04 11:25:22', '2019-10-04 11:32:34'),
	(136, '110270001', '7 UP 600 ML', 'PCS', '110270001', NULL, '7 UP 600 ML', NULL, 'GST28+', 0.2800000000, 0.1200000000, NULL, 0.0000000000, 0.0000000000, 'Public', 'Active', NULL, NULL, '2019-10-04 11:25:22', '2019-10-04 11:32:34'),
	(137, '110270002', 'PEPSI 600 ML', 'PCS', '110270002', NULL, 'PEPSI 600 ML', NULL, 'GST28+', 0.2800000000, 0.1200000000, NULL, 0.0000000000, 0.0000000000, 'Public', 'Active', NULL, NULL, '2019-10-04 11:25:22', '2019-10-04 11:32:34'),
	(138, '110270003', 'MIRANDA 600ML', 'PCS', '110270003', NULL, 'MIRANDA 600ML', NULL, 'GST28+', 0.2800000000, 0.1200000000, NULL, 0.0000000000, 0.0000000000, 'Public', 'Active', NULL, NULL, '2019-10-04 11:25:22', '2019-10-04 11:32:34'),
	(139, '110270004', '7 UP 2 L', 'PCS', '110270004', NULL, '7 UP 2 L', NULL, 'GST28+', 0.2800000000, 0.1200000000, NULL, 0.0000000000, 0.0000000000, 'Public', 'Active', NULL, NULL, '2019-10-04 11:25:22', '2019-10-04 11:32:34'),
	(140, '110270005', '7 UP 1.25 L', 'PCS', '110270005', NULL, '7 UP 1.25 L', NULL, 'GST28+', 0.2800000000, 0.1200000000, NULL, 0.0000000000, 0.0000000000, 'Public', 'Active', NULL, NULL, '2019-10-04 11:25:22', '2019-10-04 11:32:34'),
	(141, '110270006', 'PEPSI 2L', 'PCS', '110270006', NULL, 'PEPSI 2L', NULL, 'GST28+', 0.2800000000, 0.1200000000, NULL, 0.0000000000, 0.0000000000, 'Public', 'Active', NULL, NULL, '2019-10-04 11:25:22', '2019-10-04 11:32:34'),
	(142, '110270007', 'PEPSI 1.25L', 'PCS', '110270007', NULL, 'PEPSI 1.25L', NULL, 'GST28+', 0.2800000000, 0.1200000000, NULL, 0.0000000000, 0.0000000000, 'Public', 'Active', NULL, NULL, '2019-10-04 11:25:22', '2019-10-04 11:32:34'),
	(143, '110270008', 'MIRANDA 2 L', 'PCS', '110270008', NULL, 'MIRANDA 2 L', NULL, 'GST28+', 0.2800000000, 0.1200000000, NULL, 0.0000000000, 0.0000000000, 'Public', 'Active', NULL, NULL, '2019-10-04 11:25:22', '2019-10-04 11:32:34'),
	(144, '110270009', 'MIRANDA 1.25 L', 'PCS', '110270009', NULL, 'MIRANDA 1.25 L', NULL, 'GST28+', 0.2800000000, 0.1200000000, NULL, 0.0000000000, 0.0000000000, 'Public', 'Active', NULL, NULL, '2019-10-04 11:25:22', '2019-10-04 11:32:34'),
	(145, '110270010', 'PEPSI CAN MRP 20', 'PCS', '110270010', NULL, 'PEPSI CAN MRP 20', NULL, 'GST28+', 0.2800000000, 0.1200000000, NULL, 0.0000000000, 0.0000000000, 'Public', 'Active', NULL, NULL, '2019-10-04 11:25:22', '2019-10-04 11:32:34'),
	(146, '110270011', '7 UP CAN MRP 20', 'PCS', '110270011', NULL, '7 UP CAN MRP 20', NULL, 'GST28+', 0.2800000000, 0.1200000000, NULL, 0.0000000000, 0.0000000000, 'Public', 'Active', NULL, NULL, '2019-10-04 11:25:22', '2019-10-04 11:32:34'),
	(147, '110270012', 'COCA COLA 600ML MRP 38', 'PCS', '110270012', NULL, 'COCA COLA 600ML MRP 38', NULL, 'GST28+', 0.2800000000, 0.1200000000, NULL, 0.0000000000, 0.0000000000, 'Public', 'Active', NULL, NULL, '2019-10-04 11:25:22', '2019-10-04 11:32:35'),
	(148, '110270013', 'MIRINDA 150ML MRP 20', 'PCS', '110270013', NULL, 'MIRINDA 150ML MRP 20', NULL, 'GST28+', 0.2800000000, 0.1200000000, NULL, 0.0000000000, 0.0000000000, 'Public', 'Active', NULL, NULL, '2019-10-04 11:25:23', '2019-10-04 11:32:35'),
	(149, '110580001', 'SPRITE 600 ML MRP 38', 'PCS', '110580001', NULL, 'SPRITE 600 ML MRP 38', NULL, 'GST28+', 0.2800000000, 0.1200000000, NULL, 0.0000000000, 0.0000000000, 'Public', 'Active', NULL, NULL, '2019-10-04 11:25:23', '2019-10-04 11:32:35'),
	(150, '120030002', 'K-PUTTU PODI 500', 'PCS', '120030002', NULL, 'K-PUTTU PODI 500', NULL, 'GST00', 0.0000000000, 0.0000000000, NULL, 0.0000000000, 0.0000000000, 'Public', 'Active', NULL, NULL, '2019-10-04 11:25:23', '2019-10-04 11:32:35'),
	(151, '120050001', 'PODI ARI -ANUS', 'PCS', '120050001', NULL, 'PODI ARI -ANUS', NULL, 'GST00', 0.0000000000, 0.0000000000, NULL, 0.0000000000, 0.0000000000, 'Public', 'Active', NULL, NULL, '2019-10-04 11:25:23', '2019-10-04 11:32:35'),
	(152, '120120001', 'GRAM FLOR 500G', 'PCS', '120120001', NULL, 'GRAM FLOR 500G', NULL, 'GST00', 0.0000000000, 0.0000000000, NULL, 0.0000000000, 0.0000000000, 'Public', 'Active', NULL, NULL, '2019-10-04 11:25:23', '2019-10-04 11:32:35'),
	(153, '130010001', 'MASALA OATS TOM 40G', 'PCS', '130010001', NULL, 'MASALA OATS TOM 40G', NULL, 'GST18', 0.1800000000, 0.0000000000, 'GST18', 0.1800000000, 0.0000000000, 'Public', 'Active', NULL, NULL, '2019-10-04 11:25:23', '2019-10-04 11:32:35'),
	(154, '130010002', 'MASALA OATS CHOCO 40G', 'PCS', '130010002', NULL, 'MASALA OATS CHOCO 40G', NULL, 'GST18', 0.1800000000, 0.0000000000, 'GST18', 0.1800000000, 0.0000000000, 'Public', 'Active', NULL, NULL, '2019-10-04 11:25:23', '2019-10-04 11:32:35'),
	(155, '130160001', 'DARK FANTASY -30', 'PCS', '130160001', NULL, 'DARK FANTASY -30', NULL, 'GST18', 0.1800000000, 0.0000000000, 'GST18', 0.1800000000, 0.0000000000, 'Public', 'Active', NULL, NULL, '2019-10-04 11:25:23', '2019-10-04 11:32:35'),
	(156, '130160002', 'BOUNCE CREAM-10 ', 'PCS', '130160002', NULL, 'BOUNCE CREAM-10 ', NULL, 'GST18', 0.1800000000, 0.0000000000, 'GST18', 0.1800000000, 0.0000000000, 'Public', 'Active', NULL, NULL, '2019-10-04 11:25:23', '2019-10-04 11:32:35'),
	(157, '130200001', 'PARLE G RS 20', 'PCS', '130200001', NULL, 'PARLE G RS 20', NULL, 'GST18', 0.1800000000, 0.0000000000, 'GST18', 0.1800000000, 0.0000000000, 'Public', 'Active', NULL, NULL, '2019-10-04 11:25:23', '2019-10-04 11:32:35'),
	(158, '130200002', '20-20 BUTER RS 20', 'PCS', '130200002', NULL, '20-20 BUTER RS 20', NULL, 'GST18', 0.1800000000, 0.0000000000, 'GST18', 0.1800000000, 0.0000000000, 'Public', 'Active', NULL, NULL, '2019-10-04 11:25:23', '2019-10-04 11:32:35'),
	(159, '130200003', 'PARLE G RS-10', 'PCS', '130200003', NULL, 'PARLE G RS-10', NULL, 'GST18', 0.1800000000, 0.0000000000, 'GST18', 0.1800000000, 0.0000000000, 'Public', 'Active', NULL, NULL, '2019-10-04 11:25:23', '2019-10-04 11:32:35'),
	(160, '130200008', 'MAGIX 10', 'PCS', '130200008', NULL, 'MAGIX 10', NULL, 'GST18', 0.1800000000, 0.0000000000, 'GST18', 0.1800000000, 0.0000000000, 'Public', 'Active', NULL, NULL, '2019-10-04 11:25:23', '2019-10-04 11:32:35'),
	(161, '130200012', 'H & SEEK 30', 'PCS', '130200012', NULL, 'H & SEEK 30', NULL, 'GST18', 0.1800000000, 0.0000000000, 'GST18', 0.1800000000, 0.0000000000, 'Public', 'Active', NULL, NULL, '2019-10-04 11:25:23', '2019-10-04 11:32:35'),
	(162, '130200015', 'KRACK JACK 30', 'PCS', '130200015', NULL, 'KRACK JACK 30', NULL, 'GST18', 0.1800000000, 0.0000000000, 'GST18', 0.1800000000, 0.0000000000, 'Public', 'Active', NULL, NULL, '2019-10-04 11:25:23', '2019-10-04 11:32:36'),
	(163, '130200024', 'RUSK 300g', 'PCS', '130200024', NULL, 'RUSK 300g', NULL, 'GST18', 0.1800000000, 0.0000000000, 'GST18', 0.1800000000, 0.0000000000, 'Public', 'Active', NULL, NULL, '2019-10-04 11:25:23', '2019-10-04 11:32:36'),
	(164, '130200027', 'PARLE G MRP 65', 'PCS', '130200027', NULL, 'PARLE G MRP 65', NULL, 'GST18', 0.1800000000, 0.0000000000, 'GST18', 0.1800000000, 0.0000000000, 'Public', 'Active', NULL, NULL, '2019-10-04 11:25:23', '2019-10-04 11:32:36'),
	(165, '130210006', 'GOODAY-20', 'PCS', '130210006', NULL, 'GOODAY-20', NULL, 'GST18', 0.1800000000, 0.0000000000, 'GST18', 0.1800000000, 0.0000000000, 'Public', 'Active', NULL, NULL, '2019-10-04 11:25:23', '2019-10-04 11:32:36'),
	(166, '130210007', '50-50 MRP-25', 'PCS', '130210007', NULL, '50-50 MRP-25', NULL, 'GST18', 0.1800000000, 0.0000000000, 'GST18', 0.1800000000, 0.0000000000, 'Public', 'Active', NULL, NULL, '2019-10-04 11:25:23', '2019-10-04 11:32:36'),
	(167, '130210009', 'A ROOT 37', 'PCS', '130210009', NULL, 'A ROOT 37', NULL, 'GST18', 0.1800000000, 0.0000000000, 'GST18', 0.1800000000, 0.0000000000, 'Public', 'Active', NULL, NULL, '2019-10-04 11:25:23', '2019-10-04 11:32:36'),
	(168, '130210010', 'A ROOT 22', 'PCS', '130210010', NULL, 'A ROOT 22', NULL, 'GST18', 0.1800000000, 0.0000000000, 'GST18', 0.1800000000, 0.0000000000, 'Public', 'Active', NULL, NULL, '2019-10-04 11:25:23', '2019-10-04 11:32:36'),
	(169, '130210011', 'GooDay-40', 'PCS', '130210011', NULL, 'GooDay-40', NULL, 'GST18', 0.1800000000, 0.0000000000, 'GST18', 0.1800000000, 0.0000000000, 'Public', 'Active', NULL, NULL, '2019-10-04 11:25:23', '2019-10-04 11:32:36'),
	(170, '130280001', 'DREAM CREAM RS-20', 'PCS', '130280001', NULL, 'DREAM CREAM RS-20', NULL, 'GST18', 0.1800000000, 0.0000000000, 'GST18', 0.1800000000, 0.0000000000, 'Public', 'Active', NULL, NULL, '2019-10-04 11:25:24', '2019-10-04 11:32:36'),
	(171, '130430001', 'OREO 30', 'PCS', '130430001', NULL, 'OREO 30', NULL, 'GST18', 0.1800000000, 0.0000000000, 'GST18', 0.1800000000, 0.0000000000, 'Public', 'Active', NULL, NULL, '2019-10-04 11:25:24', '2019-10-04 11:32:36'),
	(172, '130480001', 'HORLICS 200g MRP-105', 'PCS', '130480001', NULL, 'HORLICS 200g MRP-105', NULL, 'GST18', 0.1800000000, 0.0000000000, 'GST18', 0.1800000000, 0.0000000000, 'Public', 'Active', NULL, NULL, '2019-10-04 11:25:24', '2019-10-04 11:32:36'),
	(173, '130740001', 'CENTER FRES RS1- 202Pcs', 'PCS', '130740001', NULL, 'CENTER FRES RS1- 202Pcs', NULL, 'GST18', 0.1800000000, 0.0000000000, 'GST18', 0.1800000000, 0.0000000000, 'Public', 'Active', NULL, NULL, '2019-10-04 11:25:24', '2019-10-04 11:32:36'),
	(174, '140070001', 'TEA 100', 'KG', '140070001', NULL, 'TEA 100', NULL, 'GST05', 0.0500000000, 0.0000000000, NULL, 0.0000000000, 0.0000000000, 'Public', 'Active', NULL, NULL, '2019-10-04 11:25:24', '2019-10-04 11:32:36'),
	(175, '140070002', 'TEA 250', 'PCS', '140070002', NULL, 'TEA 250', NULL, 'GST05', 0.0500000000, 0.0000000000, NULL, 0.0000000000, 0.0000000000, 'Public', 'Active', NULL, NULL, '2019-10-04 11:25:24', '2019-10-04 11:32:36'),
	(176, '140070003', 'TEA 1KG SMT', 'PCS', '140070003', NULL, 'TEA 1KG SMT', NULL, 'GST05', 0.0500000000, 0.0000000000, NULL, 0.0000000000, 0.0000000000, 'Public', 'Active', NULL, NULL, '2019-10-04 11:25:24', '2019-10-04 11:32:36'),
	(177, '140880001', 'TEA 1KG KANNAN DEVAN', 'PCS', '140880001', NULL, 'TEA 1KG KANNAN DEVAN', NULL, 'GST05', 0.0500000000, 0.0000000000, NULL, 0.0000000000, 0.0000000000, 'Public', 'Active', NULL, NULL, '2019-10-04 11:25:24', '2019-10-04 11:32:36'),
	(178, '150050001', 'VINEGER-SYN-500ML', 'PCS', '150050001', NULL, 'VINEGER-SYN-500ML', NULL, 'GST18', 0.1800000000, 0.0000000000, NULL, 0.0000000000, 0.0000000000, 'Public', 'Active', NULL, NULL, '2019-10-04 11:25:24', '2019-10-04 11:32:36'),
	(179, '150050002', 'VINEGER 1 L SY', 'PCS', '150050002', NULL, 'VINEGER 1 L SY', NULL, 'GST18', 0.1800000000, 0.0000000000, NULL, 0.0000000000, 0.0000000000, 'Public', 'Active', NULL, NULL, '2019-10-04 11:25:24', '2019-10-04 11:32:36'),
	(180, '160270001', 'MANGO JUICE-SLICE  600ML', 'PCS', '160270001', NULL, 'MANGO JUICE-SLICE  600ML', NULL, 'GST12', 0.1200000000, 0.0000000000, NULL, 0.0000000000, 0.0000000000, 'Public', 'Active', NULL, NULL, '2019-10-04 11:25:24', '2019-10-04 11:32:37'),
	(181, '160270002', 'MANGO JUICE slice-1L', 'PCS', '160270002', NULL, 'MANGO JUICE slice-1L', NULL, 'GST12', 0.1200000000, 0.0000000000, NULL, 0.0000000000, 0.0000000000, 'Public', 'Active', NULL, NULL, '2019-10-04 11:25:24', '2019-10-04 11:32:37'),
	(182, '160270003', 'TROPICANA 200 ML JUICE', 'PCS', '160270003', NULL, 'TROPICANA 200 ML JUICE', NULL, 'GST12', 0.1200000000, 0.0000000000, NULL, 0.0000000000, 0.0000000000, 'Public', 'Active', NULL, NULL, '2019-10-04 11:25:24', '2019-10-04 11:32:37'),
	(183, '160300001', 'APPLE JUICE 200ML', 'PCS', '160300001', NULL, 'APPLE JUICE 200ML', NULL, 'GST12', 0.1200000000, 0.0000000000, NULL, 0.0000000000, 0.0000000000, 'Public', 'Active', NULL, NULL, '2019-10-04 11:25:24', '2019-10-04 11:32:37'),
	(184, '160300002', 'GUAVA-JUICE 200', 'PCS', '160300002', NULL, 'GUAVA-JUICE 200', NULL, 'GST12', 0.1200000000, 0.0000000000, NULL, 0.0000000000, 0.0000000000, 'Public', 'Active', NULL, NULL, '2019-10-04 11:25:24', '2019-10-04 11:32:37'),
	(185, '160310001', 'MANGO JUICE 500ML', 'PCS', '160310001', NULL, 'MANGO JUICE 500ML', NULL, 'GST12', 0.1200000000, 0.0000000000, NULL, 0.0000000000, 0.0000000000, 'Public', 'Active', NULL, NULL, '2019-10-04 11:25:24', '2019-10-04 11:32:37'),
	(186, '160310002', '200 MANGO JUICE', 'PCS', '160310002', NULL, '200 MANGO JUICE', NULL, 'GST12', 0.1200000000, 0.0000000000, NULL, 0.0000000000, 0.0000000000, 'Public', 'Active', NULL, NULL, '2019-10-04 11:25:24', '2019-10-04 11:32:37'),
	(187, '160310003', 'MANGO JUICE 1L', 'PCS', '160310003', NULL, 'MANGO JUICE 1L', NULL, 'GST12', 0.1200000000, 0.0000000000, NULL, 0.0000000000, 0.0000000000, 'Public', 'Active', NULL, NULL, '2019-10-04 11:25:24', '2019-10-04 11:32:37'),
	(188, '160310004', 'DAMER- L-DRINK-200ML', 'PCS', '160310004', NULL, 'DAMER- L-DRINK-200ML', NULL, 'GST12', 0.1200000000, 0.0000000000, NULL, 0.0000000000, 0.0000000000, 'Public', 'Active', NULL, NULL, '2019-10-04 11:25:24', '2019-10-04 11:32:37'),
	(189, '160310007', 'DAMER 200ML white', 'PCS', '160310007', NULL, 'DAMER 200ML white', NULL, 'GST12', 0.1200000000, 0.0000000000, NULL, 0.0000000000, 0.0000000000, 'Public', 'Active', NULL, NULL, '2019-10-04 11:25:24', '2019-10-04 11:32:37'),
	(190, '160540001', 'SWEET- DRINK 200ml', 'PCS', '160540001', NULL, 'SWEET- DRINK 200ml', NULL, 'GST12', 0.1200000000, 0.0000000000, NULL, 0.0000000000, 0.0000000000, 'Public', 'Active', NULL, NULL, '2019-10-04 11:25:25', '2019-10-04 11:32:37'),
	(191, '170340002', 'WASHIG POWDER-10', 'PCS', '170340002', NULL, 'WASHIG POWDER-10', NULL, 'GST18', 0.1800000000, 0.0000000000, 'IGST18', 0.1800000000, 0.0000000000, 'Public', 'Active', NULL, NULL, '2019-10-04 11:25:25', '2019-10-04 11:32:37'),
	(192, '170340004', 'WASH-POWDER 500G', 'PCS', '170340004', NULL, 'WASH-POWDER 500G', NULL, 'GST18', 0.1800000000, 0.0000000000, 'IGST18', 0.1800000000, 0.0000000000, 'Public', 'Active', NULL, NULL, '2019-10-04 11:25:25', '2019-10-04 11:32:37'),
	(193, '180390001', 'MATCH BOX(100)', 'BOX', '180390001', NULL, 'MATCH BOX(100)', NULL, 'GST18', 0.1800000000, 0.0000000000, 'IGST18', 0.1800000000, 0.0000000000, 'Public', 'Active', NULL, NULL, '2019-10-04 11:25:25', '2019-10-04 11:32:37'),
	(194, '180390002', 'MATCHES - GODA', 'PCS', '180390002', NULL, 'MATCHES - GODA', NULL, 'GST18', 0.1800000000, 0.0000000000, 'IGST18', 0.1800000000, 0.0000000000, 'Public', 'Active', NULL, NULL, '2019-10-04 11:25:25', '2019-10-04 11:32:37'),
	(195, '180440001', 'TANG-500 ORANGE', 'PCS', '180440001', NULL, 'TANG-500 ORANGE', NULL, 'GST18', 0.1800000000, 0.0000000000, 'IGST18', 0.1800000000, 0.0000000000, 'Public', 'Active', NULL, NULL, '2019-10-04 11:25:25', '2019-10-04 11:32:37'),
	(196, '180440002', 'TANG-RS-30-OR', 'PCS', '180440002', NULL, 'TANG-RS-30-OR', NULL, 'GST18', 0.1800000000, 0.0000000000, 'IGST18', 0.1800000000, 0.0000000000, 'Public', 'Active', NULL, NULL, '2019-10-04 11:25:25', '2019-10-04 11:32:38'),
	(197, '180440003', 'TANG-30-MANGO', 'PCS', '180440003', NULL, 'TANG-30-MANGO', NULL, 'GST18', 0.1800000000, 0.0000000000, 'IGST18', 0.1800000000, 0.0000000000, 'Public', 'Active', NULL, NULL, '2019-10-04 11:25:25', '2019-10-04 11:32:38'),
	(198, '180440004', 'TANG 500 LEMON', 'PCS', '180440004', NULL, 'TANG 500 LEMON', NULL, 'GST18', 0.1800000000, 0.0000000000, 'IGST18', 0.1800000000, 0.0000000000, 'Public', 'Active', NULL, NULL, '2019-10-04 11:25:25', '2019-10-04 11:32:38'),
	(199, '180440005', 'TANG-500-MANGO', 'PCS', '180440005', NULL, 'TANG-500-MANGO', NULL, 'GST18', 0.1800000000, 0.0000000000, 'IGST18', 0.1800000000, 0.0000000000, 'Public', 'Active', NULL, NULL, '2019-10-04 11:25:25', '2019-10-04 11:32:38'),
	(200, '180440006', 'TANG 30 lemon', 'PCS', '180440006', NULL, 'TANG 30 lemon', NULL, 'GST18', 0.1800000000, 0.0000000000, 'IGST18', 0.1800000000, 0.0000000000, 'Public', 'Active', NULL, NULL, '2019-10-04 11:25:25', '2019-10-04 11:32:38'),
	(201, '190440002', 'MUNCH 5', 'PCS', '190440002', NULL, 'MUNCH 5', NULL, 'GST18', 0.1800000000, 0.0000000000, 'IGST18', 0.1800000000, 0.0000000000, 'Public', 'Active', NULL, NULL, '2019-10-04 11:25:25', '2019-10-04 11:32:38'),
	(202, '190500001', 'PEANUT CHICKI-100', 'PCS', '190500001', NULL, 'PEANUT CHICKI-100', NULL, 'GST18', 0.1800000000, 0.0000000000, 'IGST18', 0.1800000000, 0.0000000000, 'Public', 'Active', NULL, NULL, '2019-10-04 11:25:25', '2019-10-04 11:32:38'),
	(203, '200440001', 'MILKY BAR-RS1', 'PCS', '200440001', NULL, 'MILKY BAR-RS1', NULL, 'GST18', 0.1800000000, 0.0000000000, 'IGST18', 0.1800000000, 0.0000000000, 'Public', 'Active', NULL, NULL, '2019-10-04 11:25:25', '2019-10-04 11:32:38'),
	(204, '210230001', 'AYURVEDAMIX', 'PCS', '210230001', NULL, 'AYURVEDAMIX', NULL, 'GST12', 0.1200000000, 0.0000000000, NULL, 0.0000000000, 0.0000000000, 'Public', 'Active', NULL, NULL, '2019-10-04 11:25:25', '2019-10-04 11:32:38'),
	(205, '220110002', 'CASHEW 4PC', 'PCS', '220110002', NULL, 'CASHEW 4PC', NULL, 'GST05', 0.0500000000, 0.0000000000, NULL, 0.0000000000, 0.0000000000, 'Public', 'Active', NULL, NULL, '2019-10-04 11:25:25', '2019-10-04 11:32:38'),
	(206, '240440001', 'MILKY BAR-100', 'PCS', '240440001', NULL, 'MILKY BAR-100', NULL, 'GST12', 0.1200000000, 0.0000000000, NULL, 0.0000000000, 0.0000000000, 'Public', 'Active', NULL, NULL, '2019-10-04 11:25:25', '2019-10-04 11:32:38'),
	(207, '240500001', 'PEANUT CHICKI-100', 'PCS', '240500001', NULL, 'PEANUT CHICKI-100', NULL, 'GST12', 0.1200000000, 0.0000000000, NULL, 0.0000000000, 0.0000000000, 'Public', 'Active', NULL, NULL, '2019-10-04 11:25:25', '2019-10-04 11:32:38'),
	(208, '250510001', 'ROSE MILK 240PC JAR', 'PCS', '250510001', NULL, 'ROSE MILK 240PC JAR', NULL, 'GST12', 0.1200000000, 0.0000000000, NULL, 0.0000000000, 0.0000000000, 'Public', 'Active', NULL, NULL, '2019-10-04 11:25:25', '2019-10-04 11:32:38'),
	(209, '250510003', 'KOPIKO 115PC', 'PCS', '250510003', NULL, 'KOPIKO 115PC', NULL, 'GST12', 0.1200000000, 0.0000000000, NULL, 0.0000000000, 0.0000000000, 'Public', 'Active', NULL, NULL, '2019-10-04 11:25:25', '2019-10-04 11:32:38'),
	(210, '260010001', 'GHEE 100G ', 'PCS', '260010001', NULL, 'GHEE 100G ', NULL, 'GST12', 0.1200000000, 0.0000000000, NULL, 0.0000000000, 0.0000000000, 'Public', 'Active', NULL, NULL, '2019-10-04 11:25:25', '2019-10-04 11:32:39'),
	(211, '280800003', 'COLGATE MRP 20', 'PCS', '280800003', NULL, 'COLGATE MRP 20', NULL, 'GST18', 0.1800000000, 0.0000000000, 'IGST18', 0.1800000000, 0.0000000000, 'Public', 'Active', NULL, NULL, '2019-10-04 11:25:25', '2019-10-04 11:32:39');
/*!40000 ALTER TABLE `products` ENABLE KEYS */;

-- Dumping structure for table appframe.product_groups
DROP TABLE IF EXISTS `product_groups`;
CREATE TABLE IF NOT EXISTS `product_groups` (
  `id` bigint(20) unsigned NOT NULL AUTO_INCREMENT,
  `product` bigint(20) unsigned NOT NULL,
  `g01` bigint(20) unsigned DEFAULT NULL,
  `g02` bigint(20) unsigned DEFAULT NULL,
  `g03` bigint(20) unsigned DEFAULT NULL,
  `g04` bigint(20) unsigned DEFAULT NULL,
  `g05` bigint(20) unsigned DEFAULT NULL,
  `g06` bigint(20) unsigned DEFAULT NULL,
  `g07` bigint(20) unsigned DEFAULT NULL,
  `g08` bigint(20) unsigned DEFAULT NULL,
  `g09` bigint(20) unsigned DEFAULT NULL,
  `g10` bigint(20) unsigned DEFAULT NULL,
  `created_by` bigint(20) unsigned DEFAULT NULL,
  `updated_by` bigint(20) unsigned DEFAULT NULL,
  `created_at` timestamp NULL DEFAULT NULL,
  `updated_at` timestamp NULL DEFAULT NULL,
  PRIMARY KEY (`id`),
  KEY `product_groups_product_index` (`product`),
  KEY `product_groups_g01_index` (`g01`),
  KEY `product_groups_g02_index` (`g02`),
  KEY `product_groups_g03_index` (`g03`),
  KEY `product_groups_g04_index` (`g04`),
  KEY `product_groups_g05_index` (`g05`),
  KEY `product_groups_g06_index` (`g06`),
  KEY `product_groups_g07_index` (`g07`),
  KEY `product_groups_g08_index` (`g08`),
  KEY `product_groups_g09_index` (`g09`),
  KEY `product_groups_g10_index` (`g10`),
  KEY `product_groups_created_by_index` (`created_by`),
  KEY `product_groups_updated_by_index` (`updated_by`),
  CONSTRAINT `product_groups_created_by_foreign` FOREIGN KEY (`created_by`) REFERENCES `users` (`id`) ON DELETE SET NULL ON UPDATE CASCADE,
  CONSTRAINT `product_groups_g01_foreign` FOREIGN KEY (`g01`) REFERENCES `product_group_master` (`id`) ON DELETE SET NULL ON UPDATE CASCADE,
  CONSTRAINT `product_groups_g02_foreign` FOREIGN KEY (`g02`) REFERENCES `product_group_master` (`id`) ON DELETE SET NULL ON UPDATE CASCADE,
  CONSTRAINT `product_groups_g03_foreign` FOREIGN KEY (`g03`) REFERENCES `product_group_master` (`id`) ON DELETE SET NULL ON UPDATE CASCADE,
  CONSTRAINT `product_groups_g04_foreign` FOREIGN KEY (`g04`) REFERENCES `product_group_master` (`id`) ON DELETE SET NULL ON UPDATE CASCADE,
  CONSTRAINT `product_groups_g05_foreign` FOREIGN KEY (`g05`) REFERENCES `product_group_master` (`id`) ON DELETE SET NULL ON UPDATE CASCADE,
  CONSTRAINT `product_groups_g06_foreign` FOREIGN KEY (`g06`) REFERENCES `product_group_master` (`id`) ON DELETE SET NULL ON UPDATE CASCADE,
  CONSTRAINT `product_groups_g07_foreign` FOREIGN KEY (`g07`) REFERENCES `product_group_master` (`id`) ON DELETE SET NULL ON UPDATE CASCADE,
  CONSTRAINT `product_groups_g08_foreign` FOREIGN KEY (`g08`) REFERENCES `product_group_master` (`id`) ON DELETE SET NULL ON UPDATE CASCADE,
  CONSTRAINT `product_groups_g09_foreign` FOREIGN KEY (`g09`) REFERENCES `product_group_master` (`id`) ON DELETE SET NULL ON UPDATE CASCADE,
  CONSTRAINT `product_groups_g10_foreign` FOREIGN KEY (`g10`) REFERENCES `product_group_master` (`id`) ON DELETE SET NULL ON UPDATE CASCADE,
  CONSTRAINT `product_groups_product_foreign` FOREIGN KEY (`product`) REFERENCES `products` (`id`) ON DELETE CASCADE ON UPDATE CASCADE,
  CONSTRAINT `product_groups_updated_by_foreign` FOREIGN KEY (`updated_by`) REFERENCES `users` (`id`) ON DELETE SET NULL ON UPDATE CASCADE
) ENGINE=InnoDB AUTO_INCREMENT=212 DEFAULT CHARSET=utf8mb4 COLLATE=utf8mb4_unicode_ci;

-- Dumping data for table appframe.product_groups: ~211 rows (approximately)
DELETE FROM `product_groups`;
/*!40000 ALTER TABLE `product_groups` DISABLE KEYS */;
INSERT INTO `product_groups` (`id`, `product`, `g01`, `g02`, `g03`, `g04`, `g05`, `g06`, `g07`, `g08`, `g09`, `g10`, `created_by`, `updated_by`, `created_at`, `updated_at`) VALUES
	(1, 1, 1, 29, NULL, NULL, NULL, NULL, NULL, NULL, NULL, NULL, NULL, NULL, '2019-10-04 11:25:26', '2019-10-04 11:25:26'),
	(2, 2, 1, 29, NULL, NULL, NULL, NULL, NULL, NULL, NULL, NULL, NULL, NULL, '2019-10-04 11:25:26', '2019-10-04 11:25:26'),
	(3, 3, 1, 29, NULL, NULL, NULL, NULL, NULL, NULL, NULL, NULL, NULL, NULL, '2019-10-04 11:25:26', '2019-10-04 11:25:26'),
	(4, 4, 1, 29, NULL, NULL, NULL, NULL, NULL, NULL, NULL, NULL, NULL, NULL, '2019-10-04 11:25:26', '2019-10-04 11:25:26'),
	(5, 5, 1, 29, NULL, NULL, NULL, NULL, NULL, NULL, NULL, NULL, NULL, NULL, '2019-10-04 11:25:26', '2019-10-04 11:25:26'),
	(6, 6, 1, 29, NULL, NULL, NULL, NULL, NULL, NULL, NULL, NULL, NULL, NULL, '2019-10-04 11:25:26', '2019-10-04 11:25:26'),
	(7, 7, 1, 29, NULL, NULL, NULL, NULL, NULL, NULL, NULL, NULL, NULL, NULL, '2019-10-04 11:25:26', '2019-10-04 11:25:26'),
	(8, 8, 1, 29, NULL, NULL, NULL, NULL, NULL, NULL, NULL, NULL, NULL, NULL, '2019-10-04 11:25:26', '2019-10-04 11:25:26'),
	(9, 9, 1, 29, NULL, NULL, NULL, NULL, NULL, NULL, NULL, NULL, NULL, NULL, '2019-10-04 11:25:26', '2019-10-04 11:25:26'),
	(10, 10, 1, 29, NULL, NULL, NULL, NULL, NULL, NULL, NULL, NULL, NULL, NULL, '2019-10-04 11:25:26', '2019-10-04 11:25:26'),
	(11, 11, 1, 29, NULL, NULL, NULL, NULL, NULL, NULL, NULL, NULL, NULL, NULL, '2019-10-04 11:25:26', '2019-10-04 11:25:26'),
	(12, 12, 1, 29, NULL, NULL, NULL, NULL, NULL, NULL, NULL, NULL, NULL, NULL, '2019-10-04 11:25:26', '2019-10-04 11:25:26'),
	(13, 13, 1, 29, NULL, NULL, NULL, NULL, NULL, NULL, NULL, NULL, NULL, NULL, '2019-10-04 11:25:26', '2019-10-04 11:25:26'),
	(14, 14, 1, 29, NULL, NULL, NULL, NULL, NULL, NULL, NULL, NULL, NULL, NULL, '2019-10-04 11:25:26', '2019-10-04 11:25:26'),
	(15, 15, 1, 29, NULL, NULL, NULL, NULL, NULL, NULL, NULL, NULL, NULL, NULL, '2019-10-04 11:25:26', '2019-10-04 11:25:26'),
	(16, 16, 1, 29, NULL, NULL, NULL, NULL, NULL, NULL, NULL, NULL, NULL, NULL, '2019-10-04 11:25:26', '2019-10-04 11:25:26'),
	(17, 17, 1, 29, NULL, NULL, NULL, NULL, NULL, NULL, NULL, NULL, NULL, NULL, '2019-10-04 11:25:26', '2019-10-04 11:25:26'),
	(18, 18, 1, 29, NULL, NULL, NULL, NULL, NULL, NULL, NULL, NULL, NULL, NULL, '2019-10-04 11:25:26', '2019-10-04 11:25:26'),
	(19, 19, 1, 29, NULL, NULL, NULL, NULL, NULL, NULL, NULL, NULL, NULL, NULL, '2019-10-04 11:25:26', '2019-10-04 11:25:26'),
	(20, 20, 1, 29, NULL, NULL, NULL, NULL, NULL, NULL, NULL, NULL, NULL, NULL, '2019-10-04 11:25:26', '2019-10-04 11:25:26'),
	(21, 21, 1, 29, NULL, NULL, NULL, NULL, NULL, NULL, NULL, NULL, NULL, NULL, '2019-10-04 11:25:26', '2019-10-04 11:25:26'),
	(22, 22, 1, 29, NULL, NULL, NULL, NULL, NULL, NULL, NULL, NULL, NULL, NULL, '2019-10-04 11:25:26', '2019-10-04 11:25:26'),
	(23, 23, 1, 33, NULL, NULL, NULL, NULL, NULL, NULL, NULL, NULL, NULL, NULL, '2019-10-04 11:25:26', '2019-10-04 11:25:26'),
	(24, 24, 1, 33, NULL, NULL, NULL, NULL, NULL, NULL, NULL, NULL, NULL, NULL, '2019-10-04 11:25:26', '2019-10-04 11:25:26'),
	(25, 25, 1, 33, NULL, NULL, NULL, NULL, NULL, NULL, NULL, NULL, NULL, NULL, '2019-10-04 11:25:26', '2019-10-04 11:25:26'),
	(26, 26, 1, 35, NULL, NULL, NULL, NULL, NULL, NULL, NULL, NULL, NULL, NULL, '2019-10-04 11:25:26', '2019-10-04 11:25:26'),
	(27, 27, 1, 35, NULL, NULL, NULL, NULL, NULL, NULL, NULL, NULL, NULL, NULL, '2019-10-04 11:25:26', '2019-10-04 11:25:26'),
	(28, 28, 1, 35, NULL, NULL, NULL, NULL, NULL, NULL, NULL, NULL, NULL, NULL, '2019-10-04 11:25:26', '2019-10-04 11:25:26'),
	(29, 29, 1, 35, NULL, NULL, NULL, NULL, NULL, NULL, NULL, NULL, NULL, NULL, '2019-10-04 11:25:26', '2019-10-04 11:25:26'),
	(30, 30, 1, 35, NULL, NULL, NULL, NULL, NULL, NULL, NULL, NULL, NULL, NULL, '2019-10-04 11:25:26', '2019-10-04 11:25:26'),
	(31, 31, 1, 35, NULL, NULL, NULL, NULL, NULL, NULL, NULL, NULL, NULL, NULL, '2019-10-04 11:25:26', '2019-10-04 11:25:26'),
	(32, 32, 1, 35, NULL, NULL, NULL, NULL, NULL, NULL, NULL, NULL, NULL, NULL, '2019-10-04 11:25:26', '2019-10-04 11:25:26'),
	(33, 33, 1, 35, NULL, NULL, NULL, NULL, NULL, NULL, NULL, NULL, NULL, NULL, '2019-10-04 11:25:26', '2019-10-04 11:25:26'),
	(34, 34, 1, 35, NULL, NULL, NULL, NULL, NULL, NULL, NULL, NULL, NULL, NULL, '2019-10-04 11:25:26', '2019-10-04 11:25:26'),
	(35, 35, 1, 35, NULL, NULL, NULL, NULL, NULL, NULL, NULL, NULL, NULL, NULL, '2019-10-04 11:25:26', '2019-10-04 11:25:26'),
	(36, 36, 1, 39, NULL, NULL, NULL, NULL, NULL, NULL, NULL, NULL, NULL, NULL, '2019-10-04 11:25:26', '2019-10-04 11:25:26'),
	(37, 37, 1, 39, NULL, NULL, NULL, NULL, NULL, NULL, NULL, NULL, NULL, NULL, '2019-10-04 11:25:26', '2019-10-04 11:25:26'),
	(38, 38, 1, 39, NULL, NULL, NULL, NULL, NULL, NULL, NULL, NULL, NULL, NULL, '2019-10-04 11:25:26', '2019-10-04 11:25:26'),
	(39, 39, 1, 39, NULL, NULL, NULL, NULL, NULL, NULL, NULL, NULL, NULL, NULL, '2019-10-04 11:25:26', '2019-10-04 11:25:26'),
	(40, 40, 1, 39, NULL, NULL, NULL, NULL, NULL, NULL, NULL, NULL, NULL, NULL, '2019-10-04 11:25:26', '2019-10-04 11:25:26'),
	(41, 41, 1, 39, NULL, NULL, NULL, NULL, NULL, NULL, NULL, NULL, NULL, NULL, '2019-10-04 11:25:26', '2019-10-04 11:25:26'),
	(42, 42, 1, 39, NULL, NULL, NULL, NULL, NULL, NULL, NULL, NULL, NULL, NULL, '2019-10-04 11:25:26', '2019-10-04 11:25:26'),
	(43, 43, 1, 39, NULL, NULL, NULL, NULL, NULL, NULL, NULL, NULL, NULL, NULL, '2019-10-04 11:25:26', '2019-10-04 11:25:26'),
	(44, 44, 1, 39, NULL, NULL, NULL, NULL, NULL, NULL, NULL, NULL, NULL, NULL, '2019-10-04 11:25:26', '2019-10-04 11:25:26'),
	(45, 45, 1, 81, NULL, NULL, NULL, NULL, NULL, NULL, NULL, NULL, NULL, NULL, '2019-10-04 11:25:26', '2019-10-04 11:25:26'),
	(46, 46, 1, 81, NULL, NULL, NULL, NULL, NULL, NULL, NULL, NULL, NULL, NULL, '2019-10-04 11:25:26', '2019-10-04 11:25:26'),
	(47, 47, 1, 107, NULL, NULL, NULL, NULL, NULL, NULL, NULL, NULL, NULL, NULL, '2019-10-04 11:25:26', '2019-10-04 11:25:26'),
	(48, 48, 2, 29, NULL, NULL, NULL, NULL, NULL, NULL, NULL, NULL, NULL, NULL, '2019-10-04 11:25:26', '2019-10-04 11:25:26'),
	(49, 49, 2, 30, NULL, NULL, NULL, NULL, NULL, NULL, NULL, NULL, NULL, NULL, '2019-10-04 11:25:26', '2019-10-04 11:25:26'),
	(50, 50, 2, 30, NULL, NULL, NULL, NULL, NULL, NULL, NULL, NULL, NULL, NULL, '2019-10-04 11:25:26', '2019-10-04 11:25:26'),
	(51, 51, 2, 30, NULL, NULL, NULL, NULL, NULL, NULL, NULL, NULL, NULL, NULL, '2019-10-04 11:25:26', '2019-10-04 11:25:26'),
	(52, 52, 2, 30, NULL, NULL, NULL, NULL, NULL, NULL, NULL, NULL, NULL, NULL, '2019-10-04 11:25:26', '2019-10-04 11:25:26'),
	(53, 53, 2, 31, NULL, NULL, NULL, NULL, NULL, NULL, NULL, NULL, NULL, NULL, '2019-10-04 11:25:26', '2019-10-04 11:25:26'),
	(54, 54, 2, 31, NULL, NULL, NULL, NULL, NULL, NULL, NULL, NULL, NULL, NULL, '2019-10-04 11:25:26', '2019-10-04 11:25:26'),
	(55, 55, 2, 31, NULL, NULL, NULL, NULL, NULL, NULL, NULL, NULL, NULL, NULL, '2019-10-04 11:25:26', '2019-10-04 11:25:26'),
	(56, 56, 2, 33, NULL, NULL, NULL, NULL, NULL, NULL, NULL, NULL, NULL, NULL, '2019-10-04 11:25:26', '2019-10-04 11:25:26'),
	(57, 57, 2, 33, NULL, NULL, NULL, NULL, NULL, NULL, NULL, NULL, NULL, NULL, '2019-10-04 11:25:26', '2019-10-04 11:25:26'),
	(58, 58, 2, 34, NULL, NULL, NULL, NULL, NULL, NULL, NULL, NULL, NULL, NULL, '2019-10-04 11:25:26', '2019-10-04 11:25:26'),
	(59, 59, 2, 34, NULL, NULL, NULL, NULL, NULL, NULL, NULL, NULL, NULL, NULL, '2019-10-04 11:25:26', '2019-10-04 11:25:26'),
	(60, 60, 2, 34, NULL, NULL, NULL, NULL, NULL, NULL, NULL, NULL, NULL, NULL, '2019-10-04 11:25:26', '2019-10-04 11:25:26'),
	(61, 61, 2, 34, NULL, NULL, NULL, NULL, NULL, NULL, NULL, NULL, NULL, NULL, '2019-10-04 11:25:26', '2019-10-04 11:25:26'),
	(62, 62, 2, 34, NULL, NULL, NULL, NULL, NULL, NULL, NULL, NULL, NULL, NULL, '2019-10-04 11:25:26', '2019-10-04 11:25:26'),
	(63, 63, 2, 34, NULL, NULL, NULL, NULL, NULL, NULL, NULL, NULL, NULL, NULL, '2019-10-04 11:25:26', '2019-10-04 11:25:26'),
	(64, 64, 2, 34, NULL, NULL, NULL, NULL, NULL, NULL, NULL, NULL, NULL, NULL, '2019-10-04 11:25:26', '2019-10-04 11:25:26'),
	(65, 65, 2, 34, NULL, NULL, NULL, NULL, NULL, NULL, NULL, NULL, NULL, NULL, '2019-10-04 11:25:26', '2019-10-04 11:25:26'),
	(66, 66, 2, 35, NULL, NULL, NULL, NULL, NULL, NULL, NULL, NULL, NULL, NULL, '2019-10-04 11:25:26', '2019-10-04 11:25:26'),
	(67, 67, 2, 39, NULL, NULL, NULL, NULL, NULL, NULL, NULL, NULL, NULL, NULL, '2019-10-04 11:25:26', '2019-10-04 11:25:26'),
	(68, 68, 2, 41, NULL, NULL, NULL, NULL, NULL, NULL, NULL, NULL, NULL, NULL, '2019-10-04 11:25:26', '2019-10-04 11:25:26'),
	(69, 69, 2, 41, NULL, NULL, NULL, NULL, NULL, NULL, NULL, NULL, NULL, NULL, '2019-10-04 11:25:26', '2019-10-04 11:25:26'),
	(70, 70, 2, 41, NULL, NULL, NULL, NULL, NULL, NULL, NULL, NULL, NULL, NULL, '2019-10-04 11:25:26', '2019-10-04 11:25:26'),
	(71, 71, 2, 65, NULL, NULL, NULL, NULL, NULL, NULL, NULL, NULL, NULL, NULL, '2019-10-04 11:25:26', '2019-10-04 11:25:26'),
	(72, 72, 2, 65, NULL, NULL, NULL, NULL, NULL, NULL, NULL, NULL, NULL, NULL, '2019-10-04 11:25:26', '2019-10-04 11:25:26'),
	(73, 73, 2, 88, NULL, NULL, NULL, NULL, NULL, NULL, NULL, NULL, NULL, NULL, '2019-10-04 11:25:26', '2019-10-04 11:25:26'),
	(74, 74, 2, 106, NULL, NULL, NULL, NULL, NULL, NULL, NULL, NULL, NULL, NULL, '2019-10-04 11:25:26', '2019-10-04 11:25:26'),
	(75, 75, 3, 36, NULL, NULL, NULL, NULL, NULL, NULL, NULL, NULL, NULL, NULL, '2019-10-04 11:25:26', '2019-10-04 11:25:26'),
	(76, 76, 3, 37, NULL, NULL, NULL, NULL, NULL, NULL, NULL, NULL, NULL, NULL, '2019-10-04 11:25:26', '2019-10-04 11:25:26'),
	(77, 77, 3, 37, NULL, NULL, NULL, NULL, NULL, NULL, NULL, NULL, NULL, NULL, '2019-10-04 11:25:26', '2019-10-04 11:25:26'),
	(78, 78, 3, 37, NULL, NULL, NULL, NULL, NULL, NULL, NULL, NULL, NULL, NULL, '2019-10-04 11:25:26', '2019-10-04 11:25:26'),
	(79, 79, 3, 38, NULL, NULL, NULL, NULL, NULL, NULL, NULL, NULL, NULL, NULL, '2019-10-04 11:25:26', '2019-10-04 11:25:26'),
	(80, 80, 3, 38, NULL, NULL, NULL, NULL, NULL, NULL, NULL, NULL, NULL, NULL, '2019-10-04 11:25:26', '2019-10-04 11:25:26'),
	(81, 81, 3, 38, NULL, NULL, NULL, NULL, NULL, NULL, NULL, NULL, NULL, NULL, '2019-10-04 11:25:26', '2019-10-04 11:25:26'),
	(82, 82, 3, 38, NULL, NULL, NULL, NULL, NULL, NULL, NULL, NULL, NULL, NULL, '2019-10-04 11:25:26', '2019-10-04 11:25:26'),
	(83, 83, 3, 68, NULL, NULL, NULL, NULL, NULL, NULL, NULL, NULL, NULL, NULL, '2019-10-04 11:25:26', '2019-10-04 11:25:26'),
	(84, 84, 3, 103, NULL, NULL, NULL, NULL, NULL, NULL, NULL, NULL, NULL, NULL, '2019-10-04 11:25:26', '2019-10-04 11:25:26'),
	(85, 85, 3, 103, NULL, NULL, NULL, NULL, NULL, NULL, NULL, NULL, NULL, NULL, '2019-10-04 11:25:26', '2019-10-04 11:25:26'),
	(86, 86, 3, 104, NULL, NULL, NULL, NULL, NULL, NULL, NULL, NULL, NULL, NULL, '2019-10-04 11:25:26', '2019-10-04 11:25:26'),
	(87, 87, 3, 104, NULL, NULL, NULL, NULL, NULL, NULL, NULL, NULL, NULL, NULL, '2019-10-04 11:25:26', '2019-10-04 11:25:26'),
	(88, 88, 3, 104, NULL, NULL, NULL, NULL, NULL, NULL, NULL, NULL, NULL, NULL, '2019-10-04 11:25:26', '2019-10-04 11:25:26'),
	(89, 89, 3, 114, NULL, NULL, NULL, NULL, NULL, NULL, NULL, NULL, NULL, NULL, '2019-10-04 11:25:26', '2019-10-04 11:25:26'),
	(90, 90, 3, 114, NULL, NULL, NULL, NULL, NULL, NULL, NULL, NULL, NULL, NULL, '2019-10-04 11:25:26', '2019-10-04 11:25:26'),
	(91, 91, 3, 114, NULL, NULL, NULL, NULL, NULL, NULL, NULL, NULL, NULL, NULL, '2019-10-04 11:25:26', '2019-10-04 11:25:26'),
	(92, 92, 4, 45, NULL, NULL, NULL, NULL, NULL, NULL, NULL, NULL, NULL, NULL, '2019-10-04 11:25:26', '2019-10-04 11:25:26'),
	(93, 93, 4, 46, NULL, NULL, NULL, NULL, NULL, NULL, NULL, NULL, NULL, NULL, '2019-10-04 11:25:26', '2019-10-04 11:25:26'),
	(94, 94, 4, 47, NULL, NULL, NULL, NULL, NULL, NULL, NULL, NULL, NULL, NULL, '2019-10-04 11:25:26', '2019-10-04 11:25:26'),
	(95, 95, 4, 47, NULL, NULL, NULL, NULL, NULL, NULL, NULL, NULL, NULL, NULL, '2019-10-04 11:25:26', '2019-10-04 11:25:26'),
	(96, 96, 4, 47, NULL, NULL, NULL, NULL, NULL, NULL, NULL, NULL, NULL, NULL, '2019-10-04 11:25:26', '2019-10-04 11:25:26'),
	(97, 97, 4, 77, NULL, NULL, NULL, NULL, NULL, NULL, NULL, NULL, NULL, NULL, '2019-10-04 11:25:26', '2019-10-04 11:25:26'),
	(98, 98, 5, 42, NULL, NULL, NULL, NULL, NULL, NULL, NULL, NULL, NULL, NULL, '2019-10-04 11:25:26', '2019-10-04 11:25:26'),
	(99, 99, 5, 42, NULL, NULL, NULL, NULL, NULL, NULL, NULL, NULL, NULL, NULL, '2019-10-04 11:25:26', '2019-10-04 11:25:26'),
	(100, 100, 5, 42, NULL, NULL, NULL, NULL, NULL, NULL, NULL, NULL, NULL, NULL, '2019-10-04 11:25:26', '2019-10-04 11:25:26'),
	(101, 101, 5, 44, NULL, NULL, NULL, NULL, NULL, NULL, NULL, NULL, NULL, NULL, '2019-10-04 11:25:26', '2019-10-04 11:25:26'),
	(102, 102, 5, 77, NULL, NULL, NULL, NULL, NULL, NULL, NULL, NULL, NULL, NULL, '2019-10-04 11:25:26', '2019-10-04 11:25:26'),
	(103, 103, 5, 115, NULL, NULL, NULL, NULL, NULL, NULL, NULL, NULL, NULL, NULL, '2019-10-04 11:25:26', '2019-10-04 11:25:26'),
	(104, 104, 6, 43, NULL, NULL, NULL, NULL, NULL, NULL, NULL, NULL, NULL, NULL, '2019-10-04 11:25:26', '2019-10-04 11:25:26'),
	(105, 105, 8, 29, NULL, NULL, NULL, NULL, NULL, NULL, NULL, NULL, NULL, NULL, '2019-10-04 11:25:26', '2019-10-04 11:25:26'),
	(106, 106, 8, 29, NULL, NULL, NULL, NULL, NULL, NULL, NULL, NULL, NULL, NULL, '2019-10-04 11:25:26', '2019-10-04 11:25:26'),
	(107, 107, 8, 29, NULL, NULL, NULL, NULL, NULL, NULL, NULL, NULL, NULL, NULL, '2019-10-04 11:25:26', '2019-10-04 11:25:26'),
	(108, 108, 8, 29, NULL, NULL, NULL, NULL, NULL, NULL, NULL, NULL, NULL, NULL, '2019-10-04 11:25:26', '2019-10-04 11:25:26'),
	(109, 109, 8, 29, NULL, NULL, NULL, NULL, NULL, NULL, NULL, NULL, NULL, NULL, '2019-10-04 11:25:26', '2019-10-04 11:25:26'),
	(110, 110, 8, 32, NULL, NULL, NULL, NULL, NULL, NULL, NULL, NULL, NULL, NULL, '2019-10-04 11:25:26', '2019-10-04 11:25:26'),
	(111, 111, 8, 32, NULL, NULL, NULL, NULL, NULL, NULL, NULL, NULL, NULL, NULL, '2019-10-04 11:25:26', '2019-10-04 11:25:26'),
	(112, 112, 8, 32, NULL, NULL, NULL, NULL, NULL, NULL, NULL, NULL, NULL, NULL, '2019-10-04 11:25:26', '2019-10-04 11:25:26'),
	(113, 113, 8, 32, NULL, NULL, NULL, NULL, NULL, NULL, NULL, NULL, NULL, NULL, '2019-10-04 11:25:26', '2019-10-04 11:25:26'),
	(114, 114, 8, 32, NULL, NULL, NULL, NULL, NULL, NULL, NULL, NULL, NULL, NULL, '2019-10-04 11:25:26', '2019-10-04 11:25:26'),
	(115, 115, 8, 32, NULL, NULL, NULL, NULL, NULL, NULL, NULL, NULL, NULL, NULL, '2019-10-04 11:25:26', '2019-10-04 11:25:26'),
	(116, 116, 8, 32, NULL, NULL, NULL, NULL, NULL, NULL, NULL, NULL, NULL, NULL, '2019-10-04 11:25:26', '2019-10-04 11:25:26'),
	(117, 117, 8, 32, NULL, NULL, NULL, NULL, NULL, NULL, NULL, NULL, NULL, NULL, '2019-10-04 11:25:26', '2019-10-04 11:25:26'),
	(118, 118, 8, 32, NULL, NULL, NULL, NULL, NULL, NULL, NULL, NULL, NULL, NULL, '2019-10-04 11:25:26', '2019-10-04 11:25:26'),
	(119, 119, 8, 32, NULL, NULL, NULL, NULL, NULL, NULL, NULL, NULL, NULL, NULL, '2019-10-04 11:25:26', '2019-10-04 11:25:26'),
	(120, 120, 8, 33, NULL, NULL, NULL, NULL, NULL, NULL, NULL, NULL, NULL, NULL, '2019-10-04 11:25:26', '2019-10-04 11:25:26'),
	(121, 121, 8, 33, NULL, NULL, NULL, NULL, NULL, NULL, NULL, NULL, NULL, NULL, '2019-10-04 11:25:26', '2019-10-04 11:25:26'),
	(122, 122, 8, 33, NULL, NULL, NULL, NULL, NULL, NULL, NULL, NULL, NULL, NULL, '2019-10-04 11:25:26', '2019-10-04 11:25:26'),
	(123, 123, 8, 33, NULL, NULL, NULL, NULL, NULL, NULL, NULL, NULL, NULL, NULL, '2019-10-04 11:25:26', '2019-10-04 11:25:26'),
	(124, 124, 8, 33, NULL, NULL, NULL, NULL, NULL, NULL, NULL, NULL, NULL, NULL, '2019-10-04 11:25:26', '2019-10-04 11:25:26'),
	(125, 125, 8, 33, NULL, NULL, NULL, NULL, NULL, NULL, NULL, NULL, NULL, NULL, '2019-10-04 11:25:26', '2019-10-04 11:25:26'),
	(126, 126, 8, 33, NULL, NULL, NULL, NULL, NULL, NULL, NULL, NULL, NULL, NULL, '2019-10-04 11:25:26', '2019-10-04 11:25:26'),
	(127, 127, 8, 33, NULL, NULL, NULL, NULL, NULL, NULL, NULL, NULL, NULL, NULL, '2019-10-04 11:25:26', '2019-10-04 11:25:26'),
	(128, 128, 8, 52, NULL, NULL, NULL, NULL, NULL, NULL, NULL, NULL, NULL, NULL, '2019-10-04 11:25:26', '2019-10-04 11:25:26'),
	(129, 129, 8, 52, NULL, NULL, NULL, NULL, NULL, NULL, NULL, NULL, NULL, NULL, '2019-10-04 11:25:26', '2019-10-04 11:25:26'),
	(130, 130, 8, 52, NULL, NULL, NULL, NULL, NULL, NULL, NULL, NULL, NULL, NULL, '2019-10-04 11:25:26', '2019-10-04 11:25:26'),
	(131, 131, 8, 52, NULL, NULL, NULL, NULL, NULL, NULL, NULL, NULL, NULL, NULL, '2019-10-04 11:25:26', '2019-10-04 11:25:26'),
	(132, 132, 9, 33, NULL, NULL, NULL, NULL, NULL, NULL, NULL, NULL, NULL, NULL, '2019-10-04 11:25:26', '2019-10-04 11:25:26'),
	(133, 133, 9, 33, NULL, NULL, NULL, NULL, NULL, NULL, NULL, NULL, NULL, NULL, '2019-10-04 11:25:26', '2019-10-04 11:25:26'),
	(134, 134, 9, 52, NULL, NULL, NULL, NULL, NULL, NULL, NULL, NULL, NULL, NULL, '2019-10-04 11:25:26', '2019-10-04 11:25:26'),
	(135, 135, 9, 52, NULL, NULL, NULL, NULL, NULL, NULL, NULL, NULL, NULL, NULL, '2019-10-04 11:25:26', '2019-10-04 11:25:26'),
	(136, 136, 11, 55, NULL, NULL, NULL, NULL, NULL, NULL, NULL, NULL, NULL, NULL, '2019-10-04 11:25:26', '2019-10-04 11:25:26'),
	(137, 137, 11, 55, NULL, NULL, NULL, NULL, NULL, NULL, NULL, NULL, NULL, NULL, '2019-10-04 11:25:26', '2019-10-04 11:25:26'),
	(138, 138, 11, 55, NULL, NULL, NULL, NULL, NULL, NULL, NULL, NULL, NULL, NULL, '2019-10-04 11:25:26', '2019-10-04 11:25:26'),
	(139, 139, 11, 55, NULL, NULL, NULL, NULL, NULL, NULL, NULL, NULL, NULL, NULL, '2019-10-04 11:25:26', '2019-10-04 11:25:26'),
	(140, 140, 11, 55, NULL, NULL, NULL, NULL, NULL, NULL, NULL, NULL, NULL, NULL, '2019-10-04 11:25:26', '2019-10-04 11:25:26'),
	(141, 141, 11, 55, NULL, NULL, NULL, NULL, NULL, NULL, NULL, NULL, NULL, NULL, '2019-10-04 11:25:26', '2019-10-04 11:25:26'),
	(142, 142, 11, 55, NULL, NULL, NULL, NULL, NULL, NULL, NULL, NULL, NULL, NULL, '2019-10-04 11:25:26', '2019-10-04 11:25:26'),
	(143, 143, 11, 55, NULL, NULL, NULL, NULL, NULL, NULL, NULL, NULL, NULL, NULL, '2019-10-04 11:25:26', '2019-10-04 11:25:26'),
	(144, 144, 11, 55, NULL, NULL, NULL, NULL, NULL, NULL, NULL, NULL, NULL, NULL, '2019-10-04 11:25:26', '2019-10-04 11:25:26'),
	(145, 145, 11, 55, NULL, NULL, NULL, NULL, NULL, NULL, NULL, NULL, NULL, NULL, '2019-10-04 11:25:26', '2019-10-04 11:25:26'),
	(146, 146, 11, 55, NULL, NULL, NULL, NULL, NULL, NULL, NULL, NULL, NULL, NULL, '2019-10-04 11:25:26', '2019-10-04 11:25:26'),
	(147, 147, 11, 55, NULL, NULL, NULL, NULL, NULL, NULL, NULL, NULL, NULL, NULL, '2019-10-04 11:25:26', '2019-10-04 11:25:26'),
	(148, 148, 11, 55, NULL, NULL, NULL, NULL, NULL, NULL, NULL, NULL, NULL, NULL, '2019-10-04 11:25:26', '2019-10-04 11:25:26'),
	(149, 149, 11, 86, NULL, NULL, NULL, NULL, NULL, NULL, NULL, NULL, NULL, NULL, '2019-10-04 11:25:26', '2019-10-04 11:25:26'),
	(150, 150, 12, 31, NULL, NULL, NULL, NULL, NULL, NULL, NULL, NULL, NULL, NULL, '2019-10-04 11:25:26', '2019-10-04 11:25:26'),
	(151, 151, 12, 33, NULL, NULL, NULL, NULL, NULL, NULL, NULL, NULL, NULL, NULL, '2019-10-04 11:25:26', '2019-10-04 11:25:26'),
	(152, 152, 12, 40, NULL, NULL, NULL, NULL, NULL, NULL, NULL, NULL, NULL, NULL, '2019-10-04 11:25:26', '2019-10-04 11:25:26'),
	(153, 153, 13, 29, NULL, NULL, NULL, NULL, NULL, NULL, NULL, NULL, NULL, NULL, '2019-10-04 11:25:26', '2019-10-04 11:25:26'),
	(154, 154, 13, 29, NULL, NULL, NULL, NULL, NULL, NULL, NULL, NULL, NULL, NULL, '2019-10-04 11:25:26', '2019-10-04 11:25:26'),
	(155, 155, 13, 44, NULL, NULL, NULL, NULL, NULL, NULL, NULL, NULL, NULL, NULL, '2019-10-04 11:25:26', '2019-10-04 11:25:26'),
	(156, 156, 13, 44, NULL, NULL, NULL, NULL, NULL, NULL, NULL, NULL, NULL, NULL, '2019-10-04 11:25:26', '2019-10-04 11:25:26'),
	(157, 157, 13, 48, NULL, NULL, NULL, NULL, NULL, NULL, NULL, NULL, NULL, NULL, '2019-10-04 11:25:26', '2019-10-04 11:25:26'),
	(158, 158, 13, 48, NULL, NULL, NULL, NULL, NULL, NULL, NULL, NULL, NULL, NULL, '2019-10-04 11:25:26', '2019-10-04 11:25:26'),
	(159, 159, 13, 48, NULL, NULL, NULL, NULL, NULL, NULL, NULL, NULL, NULL, NULL, '2019-10-04 11:25:26', '2019-10-04 11:25:26'),
	(160, 160, 13, 48, NULL, NULL, NULL, NULL, NULL, NULL, NULL, NULL, NULL, NULL, '2019-10-04 11:25:26', '2019-10-04 11:25:26'),
	(161, 161, 13, 48, NULL, NULL, NULL, NULL, NULL, NULL, NULL, NULL, NULL, NULL, '2019-10-04 11:25:26', '2019-10-04 11:25:26'),
	(162, 162, 13, 48, NULL, NULL, NULL, NULL, NULL, NULL, NULL, NULL, NULL, NULL, '2019-10-04 11:25:26', '2019-10-04 11:25:26'),
	(163, 163, 13, 48, NULL, NULL, NULL, NULL, NULL, NULL, NULL, NULL, NULL, NULL, '2019-10-04 11:25:26', '2019-10-04 11:25:26'),
	(164, 164, 13, 48, NULL, NULL, NULL, NULL, NULL, NULL, NULL, NULL, NULL, NULL, '2019-10-04 11:25:26', '2019-10-04 11:25:26'),
	(165, 165, 13, 49, NULL, NULL, NULL, NULL, NULL, NULL, NULL, NULL, NULL, NULL, '2019-10-04 11:25:26', '2019-10-04 11:25:26'),
	(166, 166, 13, 49, NULL, NULL, NULL, NULL, NULL, NULL, NULL, NULL, NULL, NULL, '2019-10-04 11:25:26', '2019-10-04 11:25:26'),
	(167, 167, 13, 49, NULL, NULL, NULL, NULL, NULL, NULL, NULL, NULL, NULL, NULL, '2019-10-04 11:25:26', '2019-10-04 11:25:26'),
	(168, 168, 13, 49, NULL, NULL, NULL, NULL, NULL, NULL, NULL, NULL, NULL, NULL, '2019-10-04 11:25:26', '2019-10-04 11:25:26'),
	(169, 169, 13, 49, NULL, NULL, NULL, NULL, NULL, NULL, NULL, NULL, NULL, NULL, '2019-10-04 11:25:26', '2019-10-04 11:25:26'),
	(170, 170, 13, 56, NULL, NULL, NULL, NULL, NULL, NULL, NULL, NULL, NULL, NULL, '2019-10-04 11:25:26', '2019-10-04 11:25:26'),
	(171, 171, 13, 71, NULL, NULL, NULL, NULL, NULL, NULL, NULL, NULL, NULL, NULL, '2019-10-04 11:25:26', '2019-10-04 11:25:26'),
	(172, 172, 13, 76, NULL, NULL, NULL, NULL, NULL, NULL, NULL, NULL, NULL, NULL, '2019-10-04 11:25:26', '2019-10-04 11:25:26'),
	(173, 173, 13, 102, NULL, NULL, NULL, NULL, NULL, NULL, NULL, NULL, NULL, NULL, '2019-10-04 11:25:26', '2019-10-04 11:25:26'),
	(174, 174, 14, 35, NULL, NULL, NULL, NULL, NULL, NULL, NULL, NULL, NULL, NULL, '2019-10-04 11:25:26', '2019-10-04 11:25:26'),
	(175, 175, 14, 35, NULL, NULL, NULL, NULL, NULL, NULL, NULL, NULL, NULL, NULL, '2019-10-04 11:25:26', '2019-10-04 11:25:26'),
	(176, 176, 14, 35, NULL, NULL, NULL, NULL, NULL, NULL, NULL, NULL, NULL, NULL, '2019-10-04 11:25:26', '2019-10-04 11:25:26'),
	(177, 177, 14, 116, NULL, NULL, NULL, NULL, NULL, NULL, NULL, NULL, NULL, NULL, '2019-10-04 11:25:26', '2019-10-04 11:25:26'),
	(178, 178, 15, 33, NULL, NULL, NULL, NULL, NULL, NULL, NULL, NULL, NULL, NULL, '2019-10-04 11:25:26', '2019-10-04 11:25:26'),
	(179, 179, 15, 33, NULL, NULL, NULL, NULL, NULL, NULL, NULL, NULL, NULL, NULL, '2019-10-04 11:25:26', '2019-10-04 11:25:26'),
	(180, 180, 16, 55, NULL, NULL, NULL, NULL, NULL, NULL, NULL, NULL, NULL, NULL, '2019-10-04 11:25:26', '2019-10-04 11:25:26'),
	(181, 181, 16, 55, NULL, NULL, NULL, NULL, NULL, NULL, NULL, NULL, NULL, NULL, '2019-10-04 11:25:26', '2019-10-04 11:25:26'),
	(182, 182, 16, 55, NULL, NULL, NULL, NULL, NULL, NULL, NULL, NULL, NULL, NULL, '2019-10-04 11:25:26', '2019-10-04 11:25:26'),
	(183, 183, 16, 58, NULL, NULL, NULL, NULL, NULL, NULL, NULL, NULL, NULL, NULL, '2019-10-04 11:25:26', '2019-10-04 11:25:26'),
	(184, 184, 16, 58, NULL, NULL, NULL, NULL, NULL, NULL, NULL, NULL, NULL, NULL, '2019-10-04 11:25:26', '2019-10-04 11:25:26'),
	(185, 185, 16, 59, NULL, NULL, NULL, NULL, NULL, NULL, NULL, NULL, NULL, NULL, '2019-10-04 11:25:26', '2019-10-04 11:25:26'),
	(186, 186, 16, 59, NULL, NULL, NULL, NULL, NULL, NULL, NULL, NULL, NULL, NULL, '2019-10-04 11:25:26', '2019-10-04 11:25:26'),
	(187, 187, 16, 59, NULL, NULL, NULL, NULL, NULL, NULL, NULL, NULL, NULL, NULL, '2019-10-04 11:25:26', '2019-10-04 11:25:26'),
	(188, 188, 16, 59, NULL, NULL, NULL, NULL, NULL, NULL, NULL, NULL, NULL, NULL, '2019-10-04 11:25:26', '2019-10-04 11:25:26'),
	(189, 189, 16, 59, NULL, NULL, NULL, NULL, NULL, NULL, NULL, NULL, NULL, NULL, '2019-10-04 11:25:26', '2019-10-04 11:25:26'),
	(190, 190, 16, 82, NULL, NULL, NULL, NULL, NULL, NULL, NULL, NULL, NULL, NULL, '2019-10-04 11:25:26', '2019-10-04 11:25:26'),
	(191, 191, 17, 62, NULL, NULL, NULL, NULL, NULL, NULL, NULL, NULL, NULL, NULL, '2019-10-04 11:25:26', '2019-10-04 11:25:26'),
	(192, 192, 17, 62, NULL, NULL, NULL, NULL, NULL, NULL, NULL, NULL, NULL, NULL, '2019-10-04 11:25:26', '2019-10-04 11:25:26'),
	(193, 193, 18, 67, NULL, NULL, NULL, NULL, NULL, NULL, NULL, NULL, NULL, NULL, '2019-10-04 11:25:26', '2019-10-04 11:25:26'),
	(194, 194, 18, 67, NULL, NULL, NULL, NULL, NULL, NULL, NULL, NULL, NULL, NULL, '2019-10-04 11:25:26', '2019-10-04 11:25:26'),
	(195, 195, 18, 72, NULL, NULL, NULL, NULL, NULL, NULL, NULL, NULL, NULL, NULL, '2019-10-04 11:25:26', '2019-10-04 11:25:26'),
	(196, 196, 18, 72, NULL, NULL, NULL, NULL, NULL, NULL, NULL, NULL, NULL, NULL, '2019-10-04 11:25:26', '2019-10-04 11:25:26'),
	(197, 197, 18, 72, NULL, NULL, NULL, NULL, NULL, NULL, NULL, NULL, NULL, NULL, '2019-10-04 11:25:26', '2019-10-04 11:25:26'),
	(198, 198, 18, 72, NULL, NULL, NULL, NULL, NULL, NULL, NULL, NULL, NULL, NULL, '2019-10-04 11:25:26', '2019-10-04 11:25:26'),
	(199, 199, 18, 72, NULL, NULL, NULL, NULL, NULL, NULL, NULL, NULL, NULL, NULL, '2019-10-04 11:25:26', '2019-10-04 11:25:26'),
	(200, 200, 18, 72, NULL, NULL, NULL, NULL, NULL, NULL, NULL, NULL, NULL, NULL, '2019-10-04 11:25:26', '2019-10-04 11:25:26'),
	(201, 201, 19, 72, NULL, NULL, NULL, NULL, NULL, NULL, NULL, NULL, NULL, NULL, '2019-10-04 11:25:26', '2019-10-04 11:25:26'),
	(202, 202, 19, 78, NULL, NULL, NULL, NULL, NULL, NULL, NULL, NULL, NULL, NULL, '2019-10-04 11:25:26', '2019-10-04 11:25:26'),
	(203, 203, 20, 72, NULL, NULL, NULL, NULL, NULL, NULL, NULL, NULL, NULL, NULL, '2019-10-04 11:25:26', '2019-10-04 11:25:26'),
	(204, 204, 21, 51, NULL, NULL, NULL, NULL, NULL, NULL, NULL, NULL, NULL, NULL, '2019-10-04 11:25:26', '2019-10-04 11:25:26'),
	(205, 205, 22, 39, NULL, NULL, NULL, NULL, NULL, NULL, NULL, NULL, NULL, NULL, '2019-10-04 11:25:26', '2019-10-04 11:25:26'),
	(206, 206, 24, 72, NULL, NULL, NULL, NULL, NULL, NULL, NULL, NULL, NULL, NULL, '2019-10-04 11:25:26', '2019-10-04 11:25:26'),
	(207, 207, 24, 78, NULL, NULL, NULL, NULL, NULL, NULL, NULL, NULL, NULL, NULL, '2019-10-04 11:25:26', '2019-10-04 11:25:26'),
	(208, 208, 25, 79, NULL, NULL, NULL, NULL, NULL, NULL, NULL, NULL, NULL, NULL, '2019-10-04 11:25:26', '2019-10-04 11:25:26'),
	(209, 209, 25, 79, NULL, NULL, NULL, NULL, NULL, NULL, NULL, NULL, NULL, NULL, '2019-10-04 11:25:26', '2019-10-04 11:25:26'),
	(210, 210, 26, 29, NULL, NULL, NULL, NULL, NULL, NULL, NULL, NULL, NULL, NULL, '2019-10-04 11:25:26', '2019-10-04 11:25:26'),
	(211, 211, 28, 108, NULL, NULL, NULL, NULL, NULL, NULL, NULL, NULL, NULL, NULL, '2019-10-04 11:25:33', '2019-10-04 11:25:33');
/*!40000 ALTER TABLE `product_groups` ENABLE KEYS */;

-- Dumping structure for table appframe.product_group_master
DROP TABLE IF EXISTS `product_group_master`;
CREATE TABLE IF NOT EXISTS `product_group_master` (
  `id` bigint(20) unsigned NOT NULL AUTO_INCREMENT,
  `name` varchar(64) COLLATE utf8mb4_unicode_ci DEFAULT NULL,
  `code` char(15) COLLATE utf8mb4_unicode_ci DEFAULT NULL,
  `list` char(15) COLLATE utf8mb4_unicode_ci DEFAULT NULL,
  `created_by` bigint(20) unsigned DEFAULT NULL,
  `updated_by` bigint(20) unsigned DEFAULT NULL,
  `created_at` timestamp NULL DEFAULT NULL,
  `updated_at` timestamp NULL DEFAULT NULL,
  PRIMARY KEY (`id`),
  KEY `product_group_master_name_index` (`name`),
  KEY `product_group_master_code_index` (`code`),
  KEY `product_group_master_list_index` (`list`),
  KEY `product_group_master_created_by_index` (`created_by`),
  KEY `product_group_master_updated_by_index` (`updated_by`),
  CONSTRAINT `product_group_master_updated_by_foreign` FOREIGN KEY (`updated_by`) REFERENCES `users` (`id`) ON DELETE SET NULL ON UPDATE CASCADE,
  CONSTRAINT `product_group_master_created_by_foreign` FOREIGN KEY (`created_by`) REFERENCES `users` (`id`) ON DELETE SET NULL ON UPDATE CASCADE
) ENGINE=InnoDB AUTO_INCREMENT=118 DEFAULT CHARSET=utf8mb4 COLLATE=utf8mb4_unicode_ci;

-- Dumping data for table appframe.product_group_master: ~117 rows (approximately)
DELETE FROM `product_group_master`;
/*!40000 ALTER TABLE `product_group_master` DISABLE KEYS */;
INSERT INTO `product_group_master` (`id`, `name`, `code`, `list`, `created_by`, `updated_by`, `created_at`, `updated_at`) VALUES
	(1, 'MASALA POWDER', '01', '01', NULL, NULL, '2019-10-04 09:56:25', '2019-10-04 09:56:25'),
	(2, 'RICE POWDER', '02', '01', NULL, NULL, '2019-10-04 09:56:25', '2019-10-04 09:56:25'),
	(3, 'OIL', '03', '01', NULL, NULL, '2019-10-04 09:56:25', '2019-10-04 09:56:25'),
	(4, 'WASHING SOAP', '04', '01', NULL, NULL, '2019-10-04 09:56:25', '2019-10-04 09:56:25'),
	(5, 'TOILET SOAP', '05', '01', NULL, NULL, '2019-10-04 09:56:25', '2019-10-04 09:56:25'),
	(6, 'AYURVEDIC', '06', '01', NULL, NULL, '2019-10-04 09:56:25', '2019-10-04 09:56:25'),
	(7, 'RICE', '07', '01', NULL, NULL, '2019-10-04 09:56:25', '2019-10-04 09:56:25'),
	(8, 'PICKLES-12%', '08', '01', NULL, NULL, '2019-10-04 09:56:25', '2019-10-04 09:56:25'),
	(9, 'JAM', '09', '01', NULL, NULL, '2019-10-04 09:56:25', '2019-10-04 09:56:25'),
	(10, 'RUSK', '10', '01', NULL, NULL, '2019-10-04 09:56:25', '2019-10-04 09:56:25'),
	(11, 'SOFT DRINKS', '11', '01', NULL, NULL, '2019-10-04 09:56:25', '2019-10-04 09:56:25'),
	(12, 'RICE powder-0', '12', '01', NULL, NULL, '2019-10-04 09:56:26', '2019-10-04 09:56:26'),
	(13, 'BUISCUTS', '13', '01', NULL, NULL, '2019-10-04 09:56:26', '2019-10-04 09:56:26'),
	(14, 'TEA ', '14', '01', NULL, NULL, '2019-10-04 09:56:26', '2019-10-04 09:56:26'),
	(15, 'VINAGRY', '15', '01', NULL, NULL, '2019-10-04 09:56:26', '2019-10-04 09:56:26'),
	(16, 'JUICES', '16', '01', NULL, NULL, '2019-10-04 09:56:26', '2019-10-04 09:56:26'),
	(17, 'DETERGENT', '17', '01', NULL, NULL, '2019-10-04 09:56:26', '2019-10-04 09:56:26'),
	(18, 'OTHERS GST 18%', '18', '01', NULL, NULL, '2019-10-04 09:56:26', '2019-10-04 09:56:26'),
	(19, 'SWEETS& COFEC', '19', '01', NULL, NULL, '2019-10-04 09:56:26', '2019-10-04 09:56:26'),
	(20, 'CHOCOLATES', '20', '01', NULL, NULL, '2019-10-04 09:56:26', '2019-10-04 09:56:26'),
	(21, 'AYURVEDIC 12%', '21', '01', NULL, NULL, '2019-10-04 09:56:26', '2019-10-04 09:56:26'),
	(22, 'NUTS', '22', '01', NULL, NULL, '2019-10-04 09:56:27', '2019-10-04 09:56:27'),
	(23, 'pickles-5%', '23', '01', NULL, NULL, '2019-10-04 09:56:27', '2019-10-04 09:56:27'),
	(24, '12%', '24', '01', NULL, NULL, '2019-10-04 09:56:27', '2019-10-04 09:56:27'),
	(25, 'SWEETS 12%', '25', '01', NULL, NULL, '2019-10-04 09:56:27', '2019-10-04 09:56:27'),
	(26, 'GHEE', '26', '01', NULL, NULL, '2019-10-04 09:56:27', '2019-10-04 09:56:27'),
	(27, 'NOODLES', '27', '01', NULL, NULL, '2019-10-04 09:56:27', '2019-10-04 09:56:27'),
	(28, 'PASTE', '28', '01', NULL, NULL, '2019-10-04 09:56:27', '2019-10-04 09:56:27'),
	(29, 'NIRAPARA', '001', '02', NULL, NULL, '2019-10-04 09:56:27', '2019-10-04 09:56:27'),
	(30, 'ELITE', '002', '02', NULL, NULL, '2019-10-04 09:56:28', '2019-10-04 09:56:28'),
	(31, 'KWALITY', '003', '02', NULL, NULL, '2019-10-04 09:56:28', '2019-10-04 09:56:28'),
	(32, 'RAINS', '004', '02', NULL, NULL, '2019-10-04 09:56:28', '2019-10-04 09:56:28'),
	(33, 'ANUS', '005', '02', NULL, NULL, '2019-10-04 09:56:28', '2019-10-04 09:56:28'),
	(34, 'PONKATHIR', '006', '02', NULL, NULL, '2019-10-04 09:56:28', '2019-10-04 09:56:28'),
	(35, 'EDEN', '007', '02', NULL, NULL, '2019-10-04 09:56:28', '2019-10-04 09:56:28'),
	(36, 'ADITI', '008', '02', NULL, NULL, '2019-10-04 09:56:28', '2019-10-04 09:56:28'),
	(37, 'AGNI', '009', '02', NULL, NULL, '2019-10-04 09:56:28', '2019-10-04 09:56:28'),
	(38, 'PAVITHRAM', '010', '02', NULL, NULL, '2019-10-04 09:56:29', '2019-10-04 09:56:29'),
	(39, 'ESSEN', '011', '02', NULL, NULL, '2019-10-04 09:56:29', '2019-10-04 09:56:29'),
	(40, 'SUPER ONE', '012', '02', NULL, NULL, '2019-10-04 09:56:29', '2019-10-04 09:56:29'),
	(41, 'CLASSIC', '013', '02', NULL, NULL, '2019-10-04 09:56:29', '2019-10-04 09:56:29'),
	(42, 'SANTOOR', '014', '02', NULL, NULL, '2019-10-04 09:56:29', '2019-10-04 09:56:29'),
	(43, 'CHANDRIKA', '015', '02', NULL, NULL, '2019-10-04 09:56:29', '2019-10-04 09:56:29'),
	(44, 'ITC', '016', '02', NULL, NULL, '2019-10-04 09:56:29', '2019-10-04 09:56:29'),
	(45, 'THAI', '017', '02', NULL, NULL, '2019-10-04 09:56:29', '2019-10-04 09:56:29'),
	(46, 'KHADI', '018', '02', NULL, NULL, '2019-10-04 09:56:29', '2019-10-04 09:56:29'),
	(47, 'A.S.SOAPS ', '019', '02', NULL, NULL, '2019-10-04 09:56:29', '2019-10-04 09:56:29'),
	(48, 'PARLE', '020', '02', NULL, NULL, '2019-10-04 09:56:30', '2019-10-04 09:56:30'),
	(49, 'BRITANIA', '021', '02', NULL, NULL, '2019-10-04 09:56:30', '2019-10-04 09:56:30'),
	(50, 'AMEERAS', '022', '02', NULL, NULL, '2019-10-04 09:56:30', '2019-10-04 09:56:30'),
	(51, 'SANJEVANI', '023', '02', NULL, NULL, '2019-10-04 09:56:30', '2019-10-04 09:56:30'),
	(52, 'DELLS', '024', '02', NULL, NULL, '2019-10-04 09:56:30', '2019-10-04 09:56:30'),
	(53, 'AMEERAS', '025', '02', NULL, NULL, '2019-10-04 09:56:30', '2019-10-04 09:56:30'),
	(54, 'KHADI', '026', '02', NULL, NULL, '2019-10-04 09:56:30', '2019-10-04 09:56:30'),
	(55, 'PEPSI', '027', '02', NULL, NULL, '2019-10-04 09:56:30', '2019-10-04 09:56:30'),
	(56, 'ITC', '028', '02', NULL, NULL, '2019-10-04 09:56:30', '2019-10-04 09:56:30'),
	(57, 'KERALA SOAPS', '029', '02', NULL, NULL, '2019-10-04 09:56:31', '2019-10-04 09:56:31'),
	(58, 'PEP', '030', '02', NULL, NULL, '2019-10-04 09:56:31', '2019-10-04 09:56:31'),
	(59, 'RICH YA ', '031', '02', NULL, NULL, '2019-10-04 09:56:31', '2019-10-04 09:56:31'),
	(60, 'PEP', '032', '02', NULL, NULL, '2019-10-04 09:56:31', '2019-10-04 09:56:31'),
	(61, 'LAMSY', '033', '02', NULL, NULL, '2019-10-04 09:56:31', '2019-10-04 09:56:31'),
	(62, 'JEWEL', '034', '02', NULL, NULL, '2019-10-04 09:56:31', '2019-10-04 09:56:31'),
	(63, 'FEMO', '035', '02', NULL, NULL, '2019-10-04 09:56:31', '2019-10-04 09:56:31'),
	(64, 'VIKAS', '036', '02', NULL, NULL, '2019-10-04 09:56:31', '2019-10-04 09:56:31'),
	(65, 'SAVORIT', '037', '02', NULL, NULL, '2019-10-04 09:56:31', '2019-10-04 09:56:31'),
	(66, 'PULARI', '038', '02', NULL, NULL, '2019-10-04 09:56:32', '2019-10-04 09:56:32'),
	(67, 'MAZA', '039', '02', NULL, NULL, '2019-10-04 09:56:32', '2019-10-04 09:56:32'),
	(68, 'DEEPA', '040', '02', NULL, NULL, '2019-10-04 09:56:32', '2019-10-04 09:56:32'),
	(69, 'KERA NALIKERA', '041', '02', NULL, NULL, '2019-10-04 09:56:32', '2019-10-04 09:56:32'),
	(70, 'NUTRINE', '042', '02', NULL, NULL, '2019-10-04 09:56:32', '2019-10-04 09:56:32'),
	(71, 'CADBOURY', '043', '02', NULL, NULL, '2019-10-04 09:56:32', '2019-10-04 09:56:32'),
	(72, 'NESTLE', '044', '02', NULL, NULL, '2019-10-04 09:56:32', '2019-10-04 09:56:32'),
	(73, 'DAKSHINA', '045', '02', NULL, NULL, '2019-10-04 09:56:32', '2019-10-04 09:56:32'),
	(74, 'PRAYAGH', '046', '02', NULL, NULL, '2019-10-04 09:56:32', '2019-10-04 09:56:32'),
	(75, 'VINKEES', '047', '02', NULL, NULL, '2019-10-04 09:56:33', '2019-10-04 09:56:33'),
	(76, 'HORLICS', '048', '02', NULL, NULL, '2019-10-04 09:56:33', '2019-10-04 09:56:33'),
	(77, 'LORA', '049', '02', NULL, NULL, '2019-10-04 09:56:33', '2019-10-04 09:56:33'),
	(78, 'ALVIN', '050', '02', NULL, NULL, '2019-10-04 09:56:33', '2019-10-04 09:56:33'),
	(79, 'KOPIKO', '051', '02', NULL, NULL, '2019-10-04 09:56:33', '2019-10-04 09:56:33'),
	(80, 'TASTY', '052', '02', NULL, NULL, '2019-10-04 09:56:33', '2019-10-04 09:56:33'),
	(81, 'B G', '053', '02', NULL, NULL, '2019-10-04 09:56:33', '2019-10-04 09:56:33'),
	(82, 'ABBA', '054', '02', NULL, NULL, '2019-10-04 09:56:33', '2019-10-04 09:56:33'),
	(83, 'Sunland', '055', '02', NULL, NULL, '2019-10-04 09:56:33', '2019-10-04 09:56:33'),
	(84, 'AIMEE', '056', '02', NULL, NULL, '2019-10-04 09:56:33', '2019-10-04 09:56:33'),
	(85, 'GOLD WINNER', '057', '02', NULL, NULL, '2019-10-04 09:56:34', '2019-10-04 09:56:34'),
	(86, 'coca cola', '058', '02', NULL, NULL, '2019-10-04 09:56:34', '2019-10-04 09:56:34'),
	(87, 'Nathan', '059', '02', NULL, NULL, '2019-10-04 09:56:34', '2019-10-04 09:56:34'),
	(88, 'SOORAJ', '060', '02', NULL, NULL, '2019-10-04 09:56:34', '2019-10-04 09:56:34'),
	(89, 'other', '061', '02', NULL, NULL, '2019-10-04 09:56:34', '2019-10-04 09:56:34'),
	(90, 'alena', '062', '02', NULL, NULL, '2019-10-04 09:56:34', '2019-10-04 09:56:34'),
	(91, 'INDIA GATE', '063', '02', NULL, NULL, '2019-10-04 09:56:34', '2019-10-04 09:56:34'),
	(92, 'UJALA', '064', '02', NULL, NULL, '2019-10-04 09:56:34', '2019-10-04 09:56:34'),
	(93, 'ECHO', '065', '02', NULL, NULL, '2019-10-04 09:56:34', '2019-10-04 09:56:34'),
	(94, 'PILSBERRY', '066', '02', NULL, NULL, '2019-10-04 09:56:35', '2019-10-04 09:56:35'),
	(95, 'GONE MAD', '067', '02', NULL, NULL, '2019-10-04 09:56:35', '2019-10-04 09:56:35'),
	(96, 'tic tac', '068', '02', NULL, NULL, '2019-10-04 09:56:35', '2019-10-04 09:56:35'),
	(97, 'ds', '069', '02', NULL, NULL, '2019-10-04 09:56:35', '2019-10-04 09:56:35'),
	(98, 'KITCHEN TREASSURS', '070', '02', NULL, NULL, '2019-10-04 09:56:35', '2019-10-04 09:56:35'),
	(99, 'MEDIMX', '071', '02', NULL, NULL, '2019-10-04 09:56:35', '2019-10-04 09:56:35'),
	(100, 'BOOST', '072', '02', NULL, NULL, '2019-10-04 09:56:35', '2019-10-04 09:56:35'),
	(101, 'VIM', '073', '02', NULL, NULL, '2019-10-04 09:56:35', '2019-10-04 09:56:35'),
	(102, 'CENTER FREDS\'', '074', '02', NULL, NULL, '2019-10-04 09:56:36', '2019-10-04 09:56:36'),
	(103, 'PARACHUTE', '075', '02', NULL, NULL, '2019-10-04 09:56:36', '2019-10-04 09:56:36'),
	(104, 'MIKHAS', '076', '02', NULL, NULL, '2019-10-04 09:56:36', '2019-10-04 09:56:36'),
	(105, 'Lux', '077', '02', NULL, NULL, '2019-10-04 09:56:36', '2019-10-04 09:56:36'),
	(106, 'ITHAL', '078', '02', NULL, NULL, '2019-10-04 09:56:36', '2019-10-04 09:56:36'),
	(107, 'POORAM', '079', '02', NULL, NULL, '2019-10-04 09:56:36', '2019-10-04 09:56:36'),
	(108, 'COLGATE', '080', '02', NULL, NULL, '2019-10-04 09:56:37', '2019-10-04 09:56:37'),
	(109, 'P&G', '081', '02', NULL, NULL, '2019-10-04 09:56:37', '2019-10-04 09:56:37'),
	(110, 'CHOCO ROYAL', '082', '02', NULL, NULL, '2019-10-04 09:56:37', '2019-10-04 09:56:37'),
	(111, 'LIFEBOY', '083', '02', NULL, NULL, '2019-10-04 09:56:37', '2019-10-04 09:56:37'),
	(112, 'ALWIN', '084', '02', NULL, NULL, '2019-10-04 09:56:37', '2019-10-04 09:56:37'),
	(113, 'REXONA', '085', '02', NULL, NULL, '2019-10-04 09:56:37', '2019-10-04 09:56:37'),
	(114, 'RASI', '086', '02', NULL, NULL, '2019-10-04 09:56:37', '2019-10-04 09:56:37'),
	(115, 'CUTEE', '087', '02', NULL, NULL, '2019-10-04 09:56:37', '2019-10-04 09:56:37'),
	(116, 'KANNAN DEVAN', '088', '02', NULL, NULL, '2019-10-04 09:56:37', '2019-10-04 09:56:37'),
	(117, 'UNIBIC', '089', '02', NULL, NULL, '2019-10-04 09:56:37', '2019-10-04 09:56:37');
/*!40000 ALTER TABLE `product_group_master` ENABLE KEYS */;

-- Dumping structure for table appframe.product_images
DROP TABLE IF EXISTS `product_images`;
CREATE TABLE IF NOT EXISTS `product_images` (
  `id` bigint(20) unsigned NOT NULL AUTO_INCREMENT,
  `product` bigint(20) unsigned DEFAULT NULL,
  `image01` varchar(1024) COLLATE utf8mb4_unicode_ci DEFAULT NULL,
  `image02` varchar(1024) COLLATE utf8mb4_unicode_ci DEFAULT NULL,
  `image03` varchar(1024) COLLATE utf8mb4_unicode_ci DEFAULT NULL,
  `image04` varchar(1024) COLLATE utf8mb4_unicode_ci DEFAULT NULL,
  `image05` varchar(1024) COLLATE utf8mb4_unicode_ci DEFAULT NULL,
  `default` enum('Image 01','Image 02','Image 03','Image 04','Image 05') COLLATE utf8mb4_unicode_ci DEFAULT 'Image 01',
  `created_by` bigint(20) unsigned DEFAULT NULL,
  `updated_by` bigint(20) unsigned DEFAULT NULL,
  `created_at` timestamp NULL DEFAULT NULL,
  `updated_at` timestamp NULL DEFAULT NULL,
  PRIMARY KEY (`id`),
  KEY `product_images_product_index` (`product`),
  KEY `product_images_created_by_index` (`created_by`),
  KEY `product_images_updated_by_index` (`updated_by`),
  CONSTRAINT `product_images_updated_by_foreign` FOREIGN KEY (`updated_by`) REFERENCES `users` (`id`) ON DELETE SET NULL ON UPDATE CASCADE,
  CONSTRAINT `product_images_created_by_foreign` FOREIGN KEY (`created_by`) REFERENCES `users` (`id`) ON DELETE SET NULL ON UPDATE CASCADE,
  CONSTRAINT `product_images_product_foreign` FOREIGN KEY (`product`) REFERENCES `products` (`id`) ON DELETE SET NULL ON UPDATE CASCADE
) ENGINE=InnoDB DEFAULT CHARSET=utf8mb4 COLLATE=utf8mb4_unicode_ci;

-- Dumping data for table appframe.product_images: ~0 rows (approximately)
DELETE FROM `product_images`;
/*!40000 ALTER TABLE `product_images` DISABLE KEYS */;
/*!40000 ALTER TABLE `product_images` ENABLE KEYS */;

-- Dumping structure for table appframe.receipts
DROP TABLE IF EXISTS `receipts`;
CREATE TABLE IF NOT EXISTS `receipts` (
  `id` bigint(20) unsigned NOT NULL AUTO_INCREMENT,
  `docno` char(20) COLLATE utf8mb4_unicode_ci DEFAULT NULL,
  `store` bigint(20) unsigned DEFAULT NULL,
  `fycode` char(5) COLLATE utf8mb4_unicode_ci DEFAULT NULL,
  `fncode` char(5) COLLATE utf8mb4_unicode_ci DEFAULT NULL,
  `user` bigint(20) unsigned DEFAULT NULL,
  `mode` enum('Cash','Cheque') COLLATE utf8mb4_unicode_ci DEFAULT 'Cash',
  `customer` bigint(20) unsigned DEFAULT NULL,
  `date` timestamp NOT NULL DEFAULT CURRENT_TIMESTAMP,
  `amount` decimal(30,10) NOT NULL DEFAULT '0.0000000000',
  `bank` varchar(60) COLLATE utf8mb4_unicode_ci DEFAULT NULL,
  `cheque` varchar(60) COLLATE utf8mb4_unicode_ci DEFAULT NULL,
  `cheque_date` datetime DEFAULT NULL,
  `source` enum('ePlus','SS') COLLATE utf8mb4_unicode_ci DEFAULT 'ePlus',
  `_ref` char(30) COLLATE utf8mb4_unicode_ci DEFAULT NULL,
  `status` enum('Active','Inactive') COLLATE utf8mb4_unicode_ci DEFAULT 'Active',
  `created_by` bigint(20) unsigned DEFAULT NULL,
  `updated_by` bigint(20) unsigned DEFAULT NULL,
  `created_at` timestamp NULL DEFAULT NULL,
  `updated_at` timestamp NULL DEFAULT NULL,
  PRIMARY KEY (`id`),
  KEY `receipts_docno_index` (`docno`),
  KEY `receipts_store_index` (`store`),
  KEY `receipts_fycode_index` (`fycode`),
  KEY `receipts_fncode_index` (`fncode`),
  KEY `receipts_user_index` (`user`),
  KEY `receipts_customer_index` (`customer`),
  KEY `receipts__ref_index` (`_ref`),
  KEY `receipts_created_by_index` (`created_by`),
  KEY `receipts_updated_by_index` (`updated_by`),
  CONSTRAINT `receipts_updated_by_foreign` FOREIGN KEY (`updated_by`) REFERENCES `users` (`id`) ON DELETE SET NULL ON UPDATE CASCADE,
  CONSTRAINT `receipts_created_by_foreign` FOREIGN KEY (`created_by`) REFERENCES `users` (`id`) ON DELETE SET NULL ON UPDATE CASCADE,
  CONSTRAINT `receipts_customer_foreign` FOREIGN KEY (`customer`) REFERENCES `users` (`id`) ON DELETE SET NULL ON UPDATE CASCADE,
  CONSTRAINT `receipts_store_foreign` FOREIGN KEY (`store`) REFERENCES `stores` (`id`) ON DELETE SET NULL ON UPDATE CASCADE,
  CONSTRAINT `receipts_user_foreign` FOREIGN KEY (`user`) REFERENCES `users` (`id`) ON DELETE SET NULL ON UPDATE CASCADE
) ENGINE=InnoDB AUTO_INCREMENT=2 DEFAULT CHARSET=utf8mb4 COLLATE=utf8mb4_unicode_ci;

-- Dumping data for table appframe.receipts: ~1 rows (approximately)
DELETE FROM `receipts`;
/*!40000 ALTER TABLE `receipts` DISABLE KEYS */;
INSERT INTO `receipts` (`id`, `docno`, `store`, `fycode`, `fncode`, `user`, `mode`, `customer`, `date`, `amount`, `bank`, `cheque`, `cheque_date`, `source`, `_ref`, `status`, `created_by`, `updated_by`, `created_at`, `updated_at`) VALUES
	(1, 'KA1920-0001', 1, '1920', 'CR1', 300104, 'Cash', 300105, '2019-09-28 21:54:17', 2500.0000000000, NULL, NULL, NULL, 'ePlus', 'U300104T15701888232327', 'Active', NULL, NULL, '2019-10-04 11:33:46', '2019-10-04 11:34:32');
/*!40000 ALTER TABLE `receipts` ENABLE KEYS */;

-- Dumping structure for table appframe.sales_order
DROP TABLE IF EXISTS `sales_order`;
CREATE TABLE IF NOT EXISTS `sales_order` (
  `id` bigint(20) unsigned NOT NULL AUTO_INCREMENT,
  `docno` char(20) COLLATE utf8mb4_unicode_ci DEFAULT NULL,
  `date` timestamp NOT NULL DEFAULT CURRENT_TIMESTAMP,
  `user` bigint(20) unsigned DEFAULT NULL,
  `customer` bigint(20) unsigned DEFAULT NULL,
  `store` bigint(20) unsigned DEFAULT NULL,
  `fycode` char(5) COLLATE utf8mb4_unicode_ci DEFAULT NULL,
  `fncode` char(5) COLLATE utf8mb4_unicode_ci DEFAULT NULL,
  `payment_type` enum('Cash','Credit','Card','Cheque','DemandDraft','Digital Wallet','Multi') COLLATE utf8mb4_unicode_ci DEFAULT 'Cash',
  `progress` enum('Incomplete','Partial','Completed') COLLATE utf8mb4_unicode_ci DEFAULT 'Incomplete',
  `_ref` char(30) COLLATE utf8mb4_unicode_ci DEFAULT NULL,
  `status` enum('Active','Inactive') COLLATE utf8mb4_unicode_ci DEFAULT 'Active',
  `created_by` bigint(20) unsigned DEFAULT NULL,
  `updated_by` bigint(20) unsigned DEFAULT NULL,
  `created_at` timestamp NULL DEFAULT NULL,
  `updated_at` timestamp NULL DEFAULT NULL,
  PRIMARY KEY (`id`),
  KEY `sales_order_docno_index` (`docno`),
  KEY `sales_order_user_index` (`user`),
  KEY `sales_order_customer_index` (`customer`),
  KEY `sales_order_store_index` (`store`),
  KEY `sales_order_fycode_index` (`fycode`),
  KEY `sales_order_fncode_index` (`fncode`),
  KEY `sales_order__ref_index` (`_ref`),
  KEY `sales_order_created_by_index` (`created_by`),
  KEY `sales_order_updated_by_index` (`updated_by`),
  CONSTRAINT `sales_order_updated_by_foreign` FOREIGN KEY (`updated_by`) REFERENCES `users` (`id`) ON DELETE SET NULL ON UPDATE CASCADE,
  CONSTRAINT `sales_order_created_by_foreign` FOREIGN KEY (`created_by`) REFERENCES `users` (`id`) ON DELETE SET NULL ON UPDATE CASCADE,
  CONSTRAINT `sales_order_customer_foreign` FOREIGN KEY (`customer`) REFERENCES `users` (`id`) ON DELETE SET NULL ON UPDATE CASCADE,
  CONSTRAINT `sales_order_store_foreign` FOREIGN KEY (`store`) REFERENCES `stores` (`id`) ON DELETE SET NULL ON UPDATE CASCADE,
  CONSTRAINT `sales_order_user_foreign` FOREIGN KEY (`user`) REFERENCES `users` (`id`) ON DELETE SET NULL ON UPDATE CASCADE
) ENGINE=InnoDB AUTO_INCREMENT=57 DEFAULT CHARSET=utf8mb4 COLLATE=utf8mb4_unicode_ci;

-- Dumping data for table appframe.sales_order: ~56 rows (approximately)
DELETE FROM `sales_order`;
/*!40000 ALTER TABLE `sales_order` DISABLE KEYS */;
INSERT INTO `sales_order` (`id`, `docno`, `date`, `user`, `customer`, `store`, `fycode`, `fncode`, `payment_type`, `progress`, `_ref`, `status`, `created_by`, `updated_by`, `created_at`, `updated_at`) VALUES
	(1, 'KASO1-1920004500', '2019-09-27 20:37:13', 300287, 300114, 1, '1920', 'SO1', 'Cash', 'Incomplete', 'U300287T15701887630634', 'Active', NULL, NULL, '2019-10-04 11:32:43', '2019-10-04 11:32:43'),
	(2, 'KASO1-1920004501', '2019-09-27 20:49:02', 300287, 300125, 1, '1920', 'SO1', 'Cash', 'Incomplete', 'U300287T15701887632225', 'Active', NULL, NULL, '2019-10-04 11:32:43', '2019-10-04 11:32:43'),
	(3, 'KASQ-1920001098', '2019-06-18 05:52:29', 300287, 300233, 1, '1920', 'SO1', 'Credit', 'Incomplete', 'U300287T15701887633115', 'Active', NULL, NULL, '2019-10-04 11:32:43', '2019-10-04 11:32:43'),
	(4, 'KASQ-1920001099', '2019-06-18 06:00:33', 300287, 300196, 1, '1920', 'SO1', 'Credit', 'Incomplete', 'U300287T15701887634004', 'Active', NULL, NULL, '2019-10-04 11:32:43', '2019-10-04 11:32:43'),
	(5, 'KASQ-1920001100', '2019-06-18 06:04:07', 300287, 300127, 1, '1920', 'SO1', 'Credit', 'Incomplete', 'U300287T15701887634807', 'Active', NULL, NULL, '2019-10-04 11:32:43', '2019-10-04 11:32:43'),
	(6, 'KASQ-1920001101', '2019-06-18 06:05:56', 300287, 300210, 1, '1920', 'SO1', 'Credit', 'Incomplete', 'U300287T15701887635412', 'Active', NULL, NULL, '2019-10-04 11:32:43', '2019-10-04 11:32:43'),
	(7, 'KASQ-1920001102', '2019-06-18 06:06:40', 300287, 300172, 1, '1920', 'SO1', 'Credit', 'Incomplete', 'U300287T15701887636374', 'Active', NULL, NULL, '2019-10-04 11:32:43', '2019-10-04 11:32:43'),
	(8, 'KASQ-1920001103', '2019-06-18 06:08:17', 300287, 300220, 1, '1920', 'SO1', 'Credit', 'Incomplete', 'U300287T15701887637198', 'Active', NULL, NULL, '2019-10-04 11:32:43', '2019-10-04 11:32:43'),
	(9, 'KASQ-1920001104', '2019-06-18 06:16:47', 300287, 300128, 1, '1920', 'SO1', 'Credit', 'Incomplete', 'U300287T15701887638115', 'Active', NULL, NULL, '2019-10-04 11:32:43', '2019-10-04 11:32:43'),
	(10, 'KASQ-1920001105', '2019-06-18 06:17:57', 300287, 300215, 1, '1920', 'SO1', 'Credit', 'Incomplete', 'U300287T15701887638754', 'Active', NULL, NULL, '2019-10-04 11:32:43', '2019-10-04 11:32:43'),
	(11, 'KASQ-1920001106', '2019-06-18 06:20:09', 300287, 300158, 1, '1920', 'SO1', 'Credit', 'Incomplete', 'U300287T15701887639450', 'Active', NULL, NULL, '2019-10-04 11:32:43', '2019-10-04 11:32:43'),
	(12, 'KASQ-1920001107', '2019-06-18 06:25:02', 300287, 300147, 1, '1920', 'SO1', 'Credit', 'Incomplete', 'U300287T15701887639976', 'Active', NULL, NULL, '2019-10-04 11:32:43', '2019-10-04 11:32:43'),
	(13, 'KASQ-1920001108', '2019-06-18 06:26:27', 300287, 300234, 1, '1920', 'SO1', 'Credit', 'Incomplete', 'U300287T15701887641020', 'Active', NULL, NULL, '2019-10-04 11:32:44', '2019-10-04 11:32:44'),
	(14, 'KASQ-1920001109', '2019-06-18 06:27:11', 300287, 300159, 1, '1920', 'SO1', 'Credit', 'Incomplete', 'U300287T15701887641669', 'Active', NULL, NULL, '2019-10-04 11:32:44', '2019-10-04 11:32:44'),
	(15, 'KASQ-1920001110', '2019-06-18 06:28:36', 300287, 300195, 1, '1920', 'SO1', 'Credit', 'Incomplete', 'U300287T15701887642443', 'Active', NULL, NULL, '2019-10-04 11:32:44', '2019-10-04 11:32:44'),
	(16, 'KASQ-1920001111', '2019-06-18 06:30:04', 300287, 300235, 1, '1920', 'SO1', 'Credit', 'Incomplete', 'U300287T15701887643114', 'Active', NULL, NULL, '2019-10-04 11:32:44', '2019-10-04 11:32:44'),
	(17, 'KASQ-1920001112', '2019-06-18 06:32:18', 300287, 300264, 1, '1920', 'SO1', 'Credit', 'Incomplete', 'U300287T15701887644003', 'Active', NULL, NULL, '2019-10-04 11:32:44', '2019-10-04 11:32:44'),
	(18, 'KASQ-1920001113', '2019-06-18 06:39:26', 300287, 300179, 1, '1920', 'SO1', 'Credit', 'Incomplete', 'U300287T15701887644785', 'Active', NULL, NULL, '2019-10-04 11:32:44', '2019-10-04 11:32:44'),
	(19, 'KASQ-1920001114', '2019-06-18 06:45:09', 300287, 300266, 1, '1920', 'SO1', 'Credit', 'Incomplete', 'U300287T15701887646418', 'Active', NULL, NULL, '2019-10-04 11:32:44', '2019-10-04 11:32:44'),
	(20, 'KASQ-1920001115', '2019-06-18 06:47:36', 300287, 300267, 1, '1920', 'SO1', 'Credit', 'Incomplete', 'U300287T15701887647236', 'Active', NULL, NULL, '2019-10-04 11:32:44', '2019-10-04 11:32:44'),
	(21, 'KASQ-1920001116', '2019-06-18 06:49:01', 300287, 300237, 1, '1920', 'SO1', 'Credit', 'Incomplete', 'U300287T15701887647883', 'Active', NULL, NULL, '2019-10-04 11:32:44', '2019-10-04 11:32:44'),
	(22, 'KASQ-1920001117', '2019-06-18 06:52:52', 300287, 300236, 1, '1920', 'SO1', 'Credit', 'Incomplete', 'U300287T15701887648413', 'Active', NULL, NULL, '2019-10-04 11:32:44', '2019-10-04 11:32:44'),
	(23, 'KASQ-1920001118', '2019-06-18 06:58:18', 300287, 300241, 1, '1920', 'SO1', 'Credit', 'Incomplete', 'U300287T15701887649162', 'Active', NULL, NULL, '2019-10-04 11:32:44', '2019-10-04 11:32:44'),
	(24, 'KASQ-1920001119', '2019-06-18 06:58:56', 300287, 300268, 1, '1920', 'SO1', 'Credit', 'Incomplete', 'U300287T15701887649885', 'Active', NULL, NULL, '2019-10-04 11:32:44', '2019-10-04 11:32:44'),
	(25, 'KASQ-1920001120', '2019-06-18 07:01:54', 300287, 300242, 1, '1920', 'SO1', 'Credit', 'Incomplete', 'U300287T15701887650662', 'Active', NULL, NULL, '2019-10-04 11:32:45', '2019-10-04 11:32:45'),
	(26, 'KASQ-1920001121', '2019-06-18 07:02:57', 300287, 300238, 1, '1920', 'SO1', 'Credit', 'Incomplete', 'U300287T15701887651700', 'Active', NULL, NULL, '2019-10-04 11:32:45', '2019-10-04 11:32:45'),
	(27, 'KASQ-1920001122', '2019-06-18 07:03:57', 300287, 300117, 1, '1920', 'SO1', 'Credit', 'Incomplete', 'U300287T15701887652745', 'Active', NULL, NULL, '2019-10-04 11:32:45', '2019-10-04 11:32:45'),
	(28, 'KASQ-1920001123', '2019-06-18 07:06:14', 300287, 300254, 1, '1920', 'SO1', 'Credit', 'Incomplete', 'U300287T15701887653556', 'Active', NULL, NULL, '2019-10-04 11:32:45', '2019-10-04 11:32:45'),
	(29, 'KASQ-1920001124', '2019-06-18 07:06:40', 300287, 300182, 1, '1920', 'SO1', 'Credit', 'Incomplete', 'U300287T15701887654177', 'Active', NULL, NULL, '2019-10-04 11:32:45', '2019-10-04 11:32:45'),
	(30, 'KASQ-1920001125', '2019-06-18 07:07:38', 300287, 300165, 1, '1920', 'SO1', 'Credit', 'Incomplete', 'U300287T15701887654826', 'Active', NULL, NULL, '2019-10-04 11:32:45', '2019-10-04 11:32:45'),
	(31, 'KASQ-1920001126', '2019-06-18 07:09:04', 300287, 300240, 1, '1920', 'SO1', 'Credit', 'Incomplete', 'U300287T15701887655373', 'Active', NULL, NULL, '2019-10-04 11:32:45', '2019-10-04 11:32:45'),
	(32, 'KASQ-1920001127', '2019-06-18 07:33:59', 300287, 300265, 1, '1920', 'SO1', 'Credit', 'Incomplete', 'U300287T15701887656075', 'Active', NULL, NULL, '2019-10-04 11:32:45', '2019-10-04 11:32:45'),
	(33, 'KASQ-1920001128', '2019-06-19 05:12:39', 300287, 300186, 1, '1920', 'SO1', 'Credit', 'Incomplete', 'U300287T15701887657386', 'Active', NULL, NULL, '2019-10-04 11:32:45', '2019-10-04 11:32:45'),
	(34, 'KASQ-1920001129', '2019-06-19 05:14:31', 300287, 300115, 1, '1920', 'SO1', 'Credit', 'Incomplete', 'U300287T15701887658271', 'Active', NULL, NULL, '2019-10-04 11:32:45', '2019-10-04 11:32:45'),
	(35, 'KASQ-1920001130', '2019-06-19 05:16:07', 300287, 300221, 1, '1920', 'SO1', 'Credit', 'Incomplete', 'U300287T15701887659019', 'Active', NULL, NULL, '2019-10-04 11:32:45', '2019-10-04 11:32:45'),
	(36, 'KASQ-1920001131', '2019-06-19 05:18:33', 300287, 300211, 1, '1920', 'SO1', 'Credit', 'Incomplete', 'U300287T15701887659691', 'Active', NULL, NULL, '2019-10-04 11:32:45', '2019-10-04 11:32:45'),
	(37, 'KASQ-1920001132', '2019-06-19 05:19:16', 300287, 300162, 1, '1920', 'SO1', 'Credit', 'Incomplete', 'U300287T15701887660326', 'Active', NULL, NULL, '2019-10-04 11:32:46', '2019-10-04 11:32:46'),
	(38, 'KASQ-1920001133', '2019-06-19 05:20:07', 300287, 300171, 1, '1920', 'SO1', 'Credit', 'Incomplete', 'U300287T15701887661298', 'Active', NULL, NULL, '2019-10-04 11:32:46', '2019-10-04 11:32:46'),
	(39, 'KASQ-1920001134', '2019-06-19 05:21:03', 300287, 300250, 1, '1920', 'SO1', 'Credit', 'Incomplete', 'U300287T15701887661932', 'Active', NULL, NULL, '2019-10-04 11:32:46', '2019-10-04 11:32:46'),
	(40, 'KASQ-1920001135', '2019-06-19 05:21:45', 300287, 300168, 1, '1920', 'SO1', 'Credit', 'Incomplete', 'U300287T15701887662960', 'Active', NULL, NULL, '2019-10-04 11:32:46', '2019-10-04 11:32:46'),
	(41, 'KASQ-1920001136', '2019-06-19 05:23:56', 300287, 300252, 1, '1920', 'SO1', 'Credit', 'Incomplete', 'U300287T15701887663977', 'Active', NULL, NULL, '2019-10-04 11:32:46', '2019-10-04 11:32:46'),
	(42, 'KASQ-1920001137', '2019-06-19 05:25:43', 300287, 300187, 1, '1920', 'SO1', 'Credit', 'Incomplete', 'U300287T15701887664577', 'Active', NULL, NULL, '2019-10-04 11:32:46', '2019-10-04 11:32:46'),
	(43, 'KASQ-1920001138', '2019-06-19 05:28:29', 300287, 300167, 1, '1920', 'SO1', 'Credit', 'Incomplete', 'U300287T15701887665146', 'Active', NULL, NULL, '2019-10-04 11:32:46', '2019-10-04 11:32:46'),
	(44, 'KASQ-1920001139', '2019-06-19 05:29:19', 300287, 300251, 1, '1920', 'SO1', 'Credit', 'Incomplete', 'U300287T15701887665878', 'Active', NULL, NULL, '2019-10-04 11:32:46', '2019-10-04 11:32:46'),
	(45, 'KASQ-1920001140', '2019-06-19 05:33:43', 300287, 300225, 1, '1920', 'SO1', 'Credit', 'Incomplete', 'U300287T15701887666563', 'Active', NULL, NULL, '2019-10-04 11:32:46', '2019-10-04 11:32:46'),
	(46, 'KASQ-1920001141', '2019-06-19 05:34:35', 300287, 300138, 1, '1920', 'SO1', 'Credit', 'Incomplete', 'U300287T15701887667119', 'Active', NULL, NULL, '2019-10-04 11:32:46', '2019-10-04 11:32:46'),
	(47, 'KASQ-1920001142', '2019-06-19 06:10:24', 300287, 300269, 1, '1920', 'SO1', 'Credit', 'Incomplete', 'U300287T15701887668168', 'Active', NULL, NULL, '2019-10-04 11:32:46', '2019-10-04 11:32:46'),
	(48, 'KASQ-1920001143', '2019-06-19 06:13:02', 300287, 300226, 1, '1920', 'SO1', 'Credit', 'Incomplete', 'U300287T15701887669147', 'Active', NULL, NULL, '2019-10-04 11:32:46', '2019-10-04 11:32:46'),
	(49, 'KASQ-1920001144', '2019-06-19 06:14:03', 300287, 300139, 1, '1920', 'SO1', 'Credit', 'Incomplete', 'U300287T15701887670159', 'Active', NULL, NULL, '2019-10-04 11:32:47', '2019-10-04 11:32:47'),
	(50, 'KASQ-1920001145', '2019-06-19 06:27:05', 300287, 300123, 1, '1920', 'SO1', 'Credit', 'Incomplete', 'U300287T15701887670819', 'Active', NULL, NULL, '2019-10-04 11:32:47', '2019-10-04 11:32:47'),
	(51, 'KASQ-1920001146', '2019-06-19 06:27:31', 300287, 300191, 1, '1920', 'SO1', 'Credit', 'Incomplete', 'U300287T15701887671881', 'Active', NULL, NULL, '2019-10-04 11:32:47', '2019-10-04 11:32:47'),
	(52, 'KASQ-1920001147', '2019-06-19 06:28:59', 300287, 300222, 1, '1920', 'SO1', 'Credit', 'Incomplete', 'U300287T15701887672643', 'Active', NULL, NULL, '2019-10-04 11:32:47', '2019-10-04 11:32:47'),
	(53, 'KASQ-1920001148', '2019-06-19 06:32:22', 300287, 300129, 1, '1920', 'SO1', 'Credit', 'Incomplete', 'U300287T15701887673387', 'Active', NULL, NULL, '2019-10-04 11:32:47', '2019-10-04 11:32:47'),
	(54, 'KASQ-1920001149', '2019-06-19 06:33:08', 300287, 300175, 1, '1920', 'SO1', 'Credit', 'Incomplete', 'U300287T15701887673898', 'Active', NULL, NULL, '2019-10-04 11:32:47', '2019-10-04 11:32:47'),
	(55, 'KASQ-1920001150', '2019-06-19 06:34:04', 300287, 300174, 1, '1920', 'SO1', 'Credit', 'Incomplete', 'U300287T15701887674620', 'Active', NULL, NULL, '2019-10-04 11:32:47', '2019-10-04 11:32:47'),
	(56, 'KASQ-1920001151', '2019-06-19 06:36:05', 300287, 300173, 1, '1920', 'SO1', 'Credit', 'Incomplete', 'U300287T15701887675131', 'Active', NULL, NULL, '2019-10-04 11:32:47', '2019-10-04 11:32:47');
/*!40000 ALTER TABLE `sales_order` ENABLE KEYS */;

-- Dumping structure for table appframe.sales_order_items
DROP TABLE IF EXISTS `sales_order_items`;
CREATE TABLE IF NOT EXISTS `sales_order_items` (
  `id` bigint(20) unsigned NOT NULL AUTO_INCREMENT,
  `so` bigint(20) unsigned DEFAULT NULL,
  `store` bigint(20) unsigned DEFAULT NULL,
  `fycode` char(5) COLLATE utf8mb4_unicode_ci DEFAULT NULL,
  `fncode` char(5) COLLATE utf8mb4_unicode_ci DEFAULT NULL,
  `product` bigint(20) unsigned DEFAULT NULL,
  `rate` decimal(30,10) NOT NULL DEFAULT '0.0000000000',
  `quantity` decimal(30,10) NOT NULL DEFAULT '1.0000000000',
  `taxrule` char(15) COLLATE utf8mb4_unicode_ci DEFAULT NULL,
  `tax` decimal(30,10) NOT NULL DEFAULT '0.0000000000',
  `discount01` decimal(30,10) NOT NULL DEFAULT '0.0000000000',
  `discount02` decimal(30,10) NOT NULL DEFAULT '0.0000000000',
  `_ref` char(30) COLLATE utf8mb4_unicode_ci DEFAULT NULL,
  `created_by` bigint(20) unsigned DEFAULT NULL,
  `updated_by` bigint(20) unsigned DEFAULT NULL,
  `created_at` timestamp NULL DEFAULT NULL,
  `updated_at` timestamp NULL DEFAULT NULL,
  PRIMARY KEY (`id`),
  KEY `sales_order_items_so_index` (`so`),
  KEY `sales_order_items_store_index` (`store`),
  KEY `sales_order_items_fycode_index` (`fycode`),
  KEY `sales_order_items_fncode_index` (`fncode`),
  KEY `sales_order_items_product_index` (`product`),
  KEY `sales_order_items__ref_index` (`_ref`),
  KEY `sales_order_items_created_by_index` (`created_by`),
  KEY `sales_order_items_updated_by_index` (`updated_by`),
  CONSTRAINT `sales_order_items_updated_by_foreign` FOREIGN KEY (`updated_by`) REFERENCES `users` (`id`) ON DELETE SET NULL ON UPDATE CASCADE,
  CONSTRAINT `sales_order_items_created_by_foreign` FOREIGN KEY (`created_by`) REFERENCES `users` (`id`) ON DELETE SET NULL ON UPDATE CASCADE,
  CONSTRAINT `sales_order_items_product_foreign` FOREIGN KEY (`product`) REFERENCES `products` (`id`) ON DELETE SET NULL ON UPDATE CASCADE,
  CONSTRAINT `sales_order_items_so_foreign` FOREIGN KEY (`so`) REFERENCES `sales_order` (`id`) ON DELETE SET NULL ON UPDATE CASCADE,
  CONSTRAINT `sales_order_items_store_foreign` FOREIGN KEY (`store`) REFERENCES `stores` (`id`) ON DELETE SET NULL ON UPDATE CASCADE
) ENGINE=InnoDB AUTO_INCREMENT=484 DEFAULT CHARSET=utf8mb4 COLLATE=utf8mb4_unicode_ci;

-- Dumping data for table appframe.sales_order_items: ~458 rows (approximately)
DELETE FROM `sales_order_items`;
/*!40000 ALTER TABLE `sales_order_items` DISABLE KEYS */;
INSERT INTO `sales_order_items` (`id`, `so`, `store`, `fycode`, `fncode`, `product`, `rate`, `quantity`, `taxrule`, `tax`, `discount01`, `discount02`, `_ref`, `created_by`, `updated_by`, `created_at`, `updated_at`) VALUES
	(1, 1, 1, '1920', 'SO1', 6, 120.0000000000, 1.0000000000, NULL, 6.0000000000, 0.0000000000, 0.0000000000, 'U300287T15701887630634', NULL, NULL, '2019-10-04 11:32:58', '2019-10-04 11:32:58'),
	(2, 3, 1, '1920', 'SO1', 2, 123.8095238095, 1.0000000000, 'GST05', 5.9400000000, 5.0000000000, 0.0000000000, 'U300287T15701887633115', NULL, NULL, '2019-10-04 11:32:59', '2019-10-04 11:32:59'),
	(3, 3, 1, '1920', 'SO1', 5, 122.8571428571, 1.0000000000, 'GST05', 5.9000000000, 5.0000000000, 0.0000000000, 'U300287T15701887633115', NULL, NULL, '2019-10-04 11:32:59', '2019-10-04 11:32:59'),
	(4, 3, 1, '1920', 'SO1', 4, 122.8571428571, 1.0000000000, 'GST05', 5.9000000000, 5.0000000000, 0.0000000000, 'U300287T15701887633115', NULL, NULL, '2019-10-04 11:32:59', '2019-10-04 11:32:59'),
	(5, 3, 1, '1920', 'SO1', 58, 23.8095238095, 20.0000000000, 'GST05', 23.8000000000, 0.0000000000, 0.0000000000, 'U300287T15701887633115', NULL, NULL, '2019-10-04 11:32:59', '2019-10-04 11:32:59'),
	(6, 3, 1, '1920', 'SO1', 95, 7.0593220339, 12.0000000000, 'GST18', 15.2400000000, 0.0000000000, 0.0000000000, 'U300287T15701887633115', NULL, NULL, '2019-10-04 11:32:59', '2019-10-04 11:32:59'),
	(7, 3, 1, '1920', 'SO1', 102, 13.5593220339, 12.0000000000, 'GST18', 29.2800000000, 0.0000000000, 0.0000000000, 'U300287T15701887633115', NULL, NULL, '2019-10-04 11:32:59', '2019-10-04 11:32:59'),
	(8, 3, 1, '1920', 'SO1', 103, 13.9830508475, 12.0000000000, 'GST18', 30.2000000000, 0.0000000000, 0.0000000000, 'U300287T15701887633115', NULL, NULL, '2019-10-04 11:32:59', '2019-10-04 11:32:59'),
	(9, 3, 1, '1920', 'SO1', 53, 20.9523809524, 10.0000000000, 'GST05', 10.4800000000, 0.0000000000, 0.0000000000, 'U300287T15701887633115', NULL, NULL, '2019-10-04 11:32:59', '2019-10-04 11:32:59'),
	(10, 3, 1, '1920', 'SO1', 69, 28.5714285714, 6.0000000000, 'GST05', 8.5800000000, 0.0000000000, 0.0000000000, 'U300287T15701887633115', NULL, NULL, '2019-10-04 11:32:59', '2019-10-04 11:32:59'),
	(11, 3, 1, '1920', 'SO1', 204, 19.6428571429, 6.0000000000, 'GST12', 14.1400000000, 0.0000000000, 0.0000000000, 'U300287T15701887633115', NULL, NULL, '2019-10-04 11:32:59', '2019-10-04 11:32:59'),
	(12, 3, 1, '1920', 'SO1', 104, 21.1864406780, 6.0000000000, 'GST18', 22.8800000000, 0.0000000000, 0.0000000000, 'U300287T15701887633115', NULL, NULL, '2019-10-04 11:32:59', '2019-10-04 11:32:59'),
	(13, 3, 1, '1920', 'SO1', 101, 21.1864406780, 3.0000000000, 'GST18', 11.4400000000, 0.0000000000, 0.0000000000, 'U300287T15701887633115', NULL, NULL, '2019-10-04 11:32:59', '2019-10-04 11:32:59'),
	(14, 3, 1, '1920', 'SO1', 134, 14.2857142857, 6.0000000000, 'GST12', 10.2800000000, 0.0000000000, 0.0000000000, 'U300287T15701887633115', NULL, NULL, '2019-10-04 11:32:59', '2019-10-04 11:32:59'),
	(15, 3, 1, '1920', 'SO1', 80, 100.0000000000, 3.0000000000, 'GST05', 15.0000000000, 0.0000000000, 0.0000000000, 'U300287T15701887633115', NULL, NULL, '2019-10-04 11:32:59', '2019-10-04 11:32:59'),
	(16, 3, 1, '1920', 'SO1', 161, 23.3050847458, 6.0000000000, 'GST18', 25.1600000000, 0.0000000000, 0.0000000000, 'U300287T15701887633115', NULL, NULL, '2019-10-04 11:32:59', '2019-10-04 11:32:59'),
	(17, 3, 1, '1920', 'SO1', 155, 22.8813559322, 6.0000000000, 'GST18', 24.7200000000, 0.0000000000, 0.0000000000, 'U300287T15701887633115', NULL, NULL, '2019-10-04 11:33:00', '2019-10-04 11:33:00'),
	(18, 3, 1, '1920', 'SO1', 158, 15.2542372881, 10.0000000000, 'GST18', 27.4600000000, 0.0000000000, 0.0000000000, 'U300287T15701887633115', NULL, NULL, '2019-10-04 11:33:00', '2019-10-04 11:33:00'),
	(19, 3, 1, '1920', 'SO1', 168, 16.9491525424, 10.0000000000, 'GST18', 30.5000000000, 0.0000000000, 0.0000000000, 'U300287T15701887633115', NULL, NULL, '2019-10-04 11:33:00', '2019-10-04 11:33:00'),
	(20, 3, 1, '1920', 'SO1', 162, 23.3050847458, 6.0000000000, 'GST18', 25.1600000000, 0.0000000000, 0.0000000000, 'U300287T15701887633115', NULL, NULL, '2019-10-04 11:33:00', '2019-10-04 11:33:00'),
	(21, 3, 1, '1920', 'SO1', 157, 15.2542372881, 10.0000000000, 'GST18', 27.4600000000, 0.0000000000, 0.0000000000, 'U300287T15701887633115', NULL, NULL, '2019-10-04 11:33:00', '2019-10-04 11:33:00'),
	(22, 3, 1, '1920', 'SO1', 169, 30.5084745763, 6.0000000000, 'GST18', 32.9400000000, 0.0000000000, 0.0000000000, 'U300287T15701887633115', NULL, NULL, '2019-10-04 11:33:00', '2019-10-04 11:33:00'),
	(23, 3, 1, '1920', 'SO1', 156, 7.6271186441, 12.0000000000, 'GST18', 16.4800000000, 0.0000000000, 0.0000000000, 'U300287T15701887633115', NULL, NULL, '2019-10-04 11:33:00', '2019-10-04 11:33:00'),
	(24, 3, 1, '1920', 'SO1', 170, 15.2542372881, 12.0000000000, 'GST18', 32.9400000000, 0.0000000000, 0.0000000000, 'U300287T15701887633115', NULL, NULL, '2019-10-04 11:33:00', '2019-10-04 11:33:00'),
	(25, 3, 1, '1920', 'SO1', 136, 22.1429687500, 6.0000000000, 'GST28+', 53.1400000000, 0.0000000000, 0.0000000000, 'U300287T15701887633115', NULL, NULL, '2019-10-04 11:33:00', '2019-10-04 11:33:00'),
	(26, 3, 1, '1920', 'SO1', 137, 22.1429687500, 6.0000000000, 'GST28+', 53.1400000000, 0.0000000000, 0.0000000000, 'U300287T15701887633115', NULL, NULL, '2019-10-04 11:33:00', '2019-10-04 11:33:00'),
	(27, 3, 1, '1920', 'SO1', 111, 17.8571428571, 3.0000000000, 'GST12', 6.4200000000, 0.0000000000, 0.0000000000, 'U300287T15701887633115', NULL, NULL, '2019-10-04 11:33:00', '2019-10-04 11:33:00'),
	(28, 3, 1, '1920', 'SO1', 110, 17.8571428571, 3.0000000000, 'GST12', 6.4200000000, 0.0000000000, 0.0000000000, 'U300287T15701887633115', NULL, NULL, '2019-10-04 11:33:00', '2019-10-04 11:33:00'),
	(29, 3, 1, '1920', 'SO1', 112, 31.2500000000, 3.0000000000, 'GST12', 11.2600000000, 0.0000000000, 0.0000000000, 'U300287T15701887633115', NULL, NULL, '2019-10-04 11:33:00', '2019-10-04 11:33:00'),
	(30, 4, 1, '1920', 'SO1', 95, 7.0593220339, 12.0000000000, 'GST18', 15.2400000000, 0.0000000000, 0.0000000000, 'U300287T15701887634004', NULL, NULL, '2019-10-04 11:33:00', '2019-10-04 11:33:00'),
	(31, 4, 1, '1920', 'SO1', 100, 23.7288135593, 6.0000000000, 'GST18', 25.6200000000, 0.0000000000, 0.0000000000, 'U300287T15701887634004', NULL, NULL, '2019-10-04 11:33:01', '2019-10-04 11:33:01'),
	(32, 4, 1, '1920', 'SO1', 87, 39.0476190476, 10.0000000000, 'GST05', 19.5200000000, 0.0000000000, 0.0000000000, 'U300287T15701887634004', NULL, NULL, '2019-10-04 11:33:01', '2019-10-04 11:33:01'),
	(33, 4, 1, '1920', 'SO1', 86, 77.1428571429, 6.0000000000, 'GST05', 23.1400000000, 0.0000000000, 0.0000000000, 'U300287T15701887634004', NULL, NULL, '2019-10-04 11:33:01', '2019-10-04 11:33:01'),
	(34, 4, 1, '1920', 'SO1', 82, 21.4285714286, 10.0000000000, 'GST05', 10.7200000000, 0.0000000000, 0.0000000000, 'U300287T15701887634004', NULL, NULL, '2019-10-04 11:33:01', '2019-10-04 11:33:01'),
	(35, 4, 1, '1920', 'SO1', 91, 20.9523809524, 6.0000000000, 'GST05', 6.2800000000, 0.0000000000, 0.0000000000, 'U300287T15701887634004', NULL, NULL, '2019-10-04 11:33:01', '2019-10-04 11:33:01'),
	(36, 4, 1, '1920', 'SO1', 58, 23.8095238095, 6.0000000000, 'GST05', 7.1400000000, 0.0000000000, 0.0000000000, 'U300287T15701887634004', NULL, NULL, '2019-10-04 11:33:01', '2019-10-04 11:33:01'),
	(37, 4, 1, '1920', 'SO1', 50, 40.0000000000, 6.0000000000, 'GST05', 12.0000000000, 0.0000000000, 0.0000000000, 'U300287T15701887634004', NULL, NULL, '2019-10-04 11:33:01', '2019-10-04 11:33:01'),
	(38, 4, 1, '1920', 'SO1', 161, 23.3050847458, 6.0000000000, 'GST18', 25.1600000000, 0.0000000000, 0.0000000000, 'U300287T15701887634004', NULL, NULL, '2019-10-04 11:33:01', '2019-10-04 11:33:01'),
	(39, 4, 1, '1920', 'SO1', 155, 22.8813559322, 6.0000000000, 'GST18', 24.7200000000, 0.0000000000, 0.0000000000, 'U300287T15701887634004', NULL, NULL, '2019-10-04 11:33:01', '2019-10-04 11:33:01'),
	(40, 4, 1, '1920', 'SO1', 158, 15.2542372881, 6.0000000000, 'GST18', 16.4800000000, 0.0000000000, 0.0000000000, 'U300287T15701887634004', NULL, NULL, '2019-10-04 11:33:01', '2019-10-04 11:33:01'),
	(41, 4, 1, '1920', 'SO1', 168, 16.9491525424, 10.0000000000, 'GST18', 30.5000000000, 0.0000000000, 0.0000000000, 'U300287T15701887634004', NULL, NULL, '2019-10-04 11:33:01', '2019-10-04 11:33:01'),
	(42, 4, 1, '1920', 'SO1', 162, 23.3050847458, 6.0000000000, 'GST18', 25.1600000000, 0.0000000000, 0.0000000000, 'U300287T15701887634004', NULL, NULL, '2019-10-04 11:33:01', '2019-10-04 11:33:01'),
	(43, 4, 1, '1920', 'SO1', 160, 7.7683559322, 10.0000000000, 'GST18', 13.9800000000, 0.0000000000, 0.0000000000, 'U300287T15701887634004', NULL, NULL, '2019-10-04 11:33:01', '2019-10-04 11:33:01'),
	(44, 4, 1, '1920', 'SO1', 169, 30.5084745763, 6.0000000000, 'GST18', 32.9400000000, 0.0000000000, 0.0000000000, 'U300287T15701887634004', NULL, NULL, '2019-10-04 11:33:02', '2019-10-04 11:33:02'),
	(45, 4, 1, '1920', 'SO1', 157, 15.2542372881, 6.0000000000, 'GST18', 16.4800000000, 0.0000000000, 0.0000000000, 'U300287T15701887634004', NULL, NULL, '2019-10-04 11:33:02', '2019-10-04 11:33:02'),
	(46, 4, 1, '1920', 'SO1', 136, 22.1429687500, 6.0000000000, 'GST28+', 53.1400000000, 0.0000000000, 0.0000000000, 'U300287T15701887634004', NULL, NULL, '2019-10-04 11:33:02', '2019-10-04 11:33:02'),
	(47, 4, 1, '1920', 'SO1', 139, 59.2812500000, 3.0000000000, 'GST28+', 71.1400000000, 0.0000000000, 0.0000000000, 'U300287T15701887634004', NULL, NULL, '2019-10-04 11:33:02', '2019-10-04 11:33:02'),
	(48, 4, 1, '1920', 'SO1', 209, 82.1428571429, 1.0000000000, 'GST12', 9.8600000000, 0.0000000000, 0.0000000000, 'U300287T15701887634004', NULL, NULL, '2019-10-04 11:33:02', '2019-10-04 11:33:02'),
	(49, 4, 1, '1920', 'SO1', 174, 171.4285714286, 1.0000000000, 'GST05', 8.5800000000, 0.0000000000, 0.0000000000, 'U300287T15701887634004', NULL, NULL, '2019-10-04 11:33:02', '2019-10-04 11:33:02'),
	(50, 5, 1, '1920', 'SO1', 59, 47.6190476190, 10.0000000000, 'GST05', 23.8000000000, 0.0000000000, 0.0000000000, 'U300287T15701887634807', NULL, NULL, '2019-10-04 11:33:02', '2019-10-04 11:33:02'),
	(51, 5, 1, '1920', 'SO1', 58, 23.8095238095, 5.0000000000, 'GST05', 5.9600000000, 0.0000000000, 0.0000000000, 'U300287T15701887634807', NULL, NULL, '2019-10-04 11:33:02', '2019-10-04 11:33:02'),
	(52, 5, 1, '1920', 'SO1', 77, 42.8571428571, 6.0000000000, 'GST05', 12.8600000000, 0.0000000000, 0.0000000000, 'U300287T15701887634807', NULL, NULL, '2019-10-04 11:33:02', '2019-10-04 11:33:02'),
	(53, 5, 1, '1920', 'SO1', 120, 22.3214285714, 6.0000000000, 'GST12', 16.0800000000, 0.0000000000, 0.0000000000, 'U300287T15701887634807', NULL, NULL, '2019-10-04 11:33:02', '2019-10-04 11:33:02'),
	(54, 5, 1, '1920', 'SO1', 14, 228.5714285714, 1.0000000000, 'GST05', 11.4200000000, 0.0000000000, 0.0000000000, 'U300287T15701887634807', NULL, NULL, '2019-10-04 11:33:02', '2019-10-04 11:33:02'),
	(55, 5, 1, '1920', 'SO1', 103, 13.9830508475, 6.0000000000, 'GST18', 15.1000000000, 0.0000000000, 0.0000000000, 'U300287T15701887634807', NULL, NULL, '2019-10-04 11:33:02', '2019-10-04 11:33:02'),
	(56, 5, 1, '1920', 'SO1', 104, 21.1864406780, 6.0000000000, 'GST18', 22.8800000000, 0.0000000000, 0.0000000000, 'U300287T15701887634807', NULL, NULL, '2019-10-04 11:33:02', '2019-10-04 11:33:02'),
	(57, 5, 1, '1920', 'SO1', 157, 15.2542372881, 3.0000000000, 'GST18', 8.2400000000, 0.0000000000, 0.0000000000, 'U300287T15701887634807', NULL, NULL, '2019-10-04 11:33:02', '2019-10-04 11:33:02'),
	(58, 5, 1, '1920', 'SO1', 158, 15.2542372881, 3.0000000000, 'GST18', 8.2400000000, 0.0000000000, 0.0000000000, 'U300287T15701887634807', NULL, NULL, '2019-10-04 11:33:02', '2019-10-04 11:33:02'),
	(59, 5, 1, '1920', 'SO1', 165, 15.2542372881, 6.0000000000, 'GST18', 16.4800000000, 0.0000000000, 0.0000000000, 'U300287T15701887634807', NULL, NULL, '2019-10-04 11:33:03', '2019-10-04 11:33:03'),
	(60, 5, 1, '1920', 'SO1', 169, 30.5084745763, 6.0000000000, 'GST18', 32.9400000000, 0.0000000000, 0.0000000000, 'U300287T15701887634807', NULL, NULL, '2019-10-04 11:33:03', '2019-10-04 11:33:03'),
	(61, 5, 1, '1920', 'SO1', 168, 16.9491525424, 3.0000000000, 'GST18', 9.1600000000, 0.0000000000, 0.0000000000, 'U300287T15701887634807', NULL, NULL, '2019-10-04 11:33:03', '2019-10-04 11:33:03'),
	(62, 5, 1, '1920', 'SO1', 161, 23.3050847458, 3.0000000000, 'GST18', 12.5800000000, 0.0000000000, 0.0000000000, 'U300287T15701887634807', NULL, NULL, '2019-10-04 11:33:03', '2019-10-04 11:33:03'),
	(63, 5, 1, '1920', 'SO1', 201, 88.9830508475, 1.0000000000, 'GST18', 16.0200000000, 0.0000000000, 0.0000000000, 'U300287T15701887634807', NULL, NULL, '2019-10-04 11:33:03', '2019-10-04 11:33:03'),
	(64, 6, 1, '1920', 'SO1', 136, 22.1429687500, 6.0000000000, 'GST28+', 53.1400000000, 0.0000000000, 0.0000000000, 'U300287T15701887635412', NULL, NULL, '2019-10-04 11:33:03', '2019-10-04 11:33:03'),
	(65, 6, 1, '1920', 'SO1', 128, 7.1428571429, 3.0000000000, 'GST12', 2.5800000000, 0.0000000000, 0.0000000000, 'U300287T15701887635412', NULL, NULL, '2019-10-04 11:33:03', '2019-10-04 11:33:03'),
	(66, 6, 1, '1920', 'SO1', 129, 7.1428571429, 3.0000000000, 'GST12', 2.5800000000, 0.0000000000, 0.0000000000, 'U300287T15701887635412', NULL, NULL, '2019-10-04 11:33:03', '2019-10-04 11:33:03'),
	(67, 6, 1, '1920', 'SO1', 1, 209.5238095238, 1.0000000000, 'GST05', 10.4800000000, 0.0000000000, 0.0000000000, 'U300287T15701887635412', NULL, NULL, '2019-10-04 11:33:03', '2019-10-04 11:33:03'),
	(68, 6, 1, '1920', 'SO1', 58, 23.8095238095, 6.0000000000, 'GST05', 7.1400000000, 0.0000000000, 0.0000000000, 'U300287T15701887635412', NULL, NULL, '2019-10-04 11:33:03', '2019-10-04 11:33:03'),
	(69, 7, 1, '1920', 'SO1', 170, 15.2542372881, 6.0000000000, 'GST18', 16.4800000000, 0.0000000000, 0.0000000000, 'U300287T15701887636374', NULL, NULL, '2019-10-04 11:33:03', '2019-10-04 11:33:03'),
	(70, 7, 1, '1920', 'SO1', 69, 28.5714285714, 6.0000000000, 'GST05', 8.5800000000, 0.0000000000, 0.0000000000, 'U300287T15701887636374', NULL, NULL, '2019-10-04 11:33:03', '2019-10-04 11:33:03'),
	(71, 7, 1, '1920', 'SO1', 58, 23.8095238095, 6.0000000000, 'GST05', 7.1400000000, 0.0000000000, 0.0000000000, 'U300287T15701887636374', NULL, NULL, '2019-10-04 11:33:03', '2019-10-04 11:33:03'),
	(72, 7, 1, '1920', 'SO1', 91, 20.9523809524, 6.0000000000, 'GST05', 6.2800000000, 0.0000000000, 0.0000000000, 'U300287T15701887636374', NULL, NULL, '2019-10-04 11:33:04', '2019-10-04 11:33:04'),
	(73, 7, 1, '1920', 'SO1', 103, 13.9830508475, 12.0000000000, 'GST18', 30.2000000000, 0.0000000000, 0.0000000000, 'U300287T15701887636374', NULL, NULL, '2019-10-04 11:33:04', '2019-10-04 11:33:04'),
	(74, 7, 1, '1920', 'SO1', 104, 21.1864406780, 6.0000000000, 'GST18', 22.8800000000, 0.0000000000, 0.0000000000, 'U300287T15701887636374', NULL, NULL, '2019-10-04 11:33:04', '2019-10-04 11:33:04'),
	(75, 7, 1, '1920', 'SO1', 100, 23.7288135593, 6.0000000000, 'GST18', 25.6200000000, 0.0000000000, 0.0000000000, 'U300287T15701887636374', NULL, NULL, '2019-10-04 11:33:04', '2019-10-04 11:33:04'),
	(76, 7, 1, '1920', 'SO1', 186, 7.0000000000, 30.0000000000, 'GST12', 25.2000000000, 0.0000000000, 0.0000000000, 'U300287T15701887636374', NULL, NULL, '2019-10-04 11:33:04', '2019-10-04 11:33:04'),
	(77, 7, 1, '1920', 'SO1', 183, 7.0000000000, 30.0000000000, 'GST12', 25.2000000000, 0.0000000000, 0.0000000000, 'U300287T15701887636374', NULL, NULL, '2019-10-04 11:33:04', '2019-10-04 11:33:04'),
	(78, 7, 1, '1920', 'SO1', 136, 22.1429687500, 6.0000000000, 'GST28+', 53.1400000000, 0.0000000000, 0.0000000000, 'U300287T15701887636374', NULL, NULL, '2019-10-04 11:33:04', '2019-10-04 11:33:04'),
	(79, 7, 1, '1920', 'SO1', 137, 22.1429687500, 6.0000000000, 'GST28+', 53.1400000000, 0.0000000000, 0.0000000000, 'U300287T15701887636374', NULL, NULL, '2019-10-04 11:33:04', '2019-10-04 11:33:04'),
	(80, 8, 1, '1920', 'SO1', 91, 20.9523809524, 6.0000000000, 'GST05', 6.2800000000, 0.0000000000, 0.0000000000, 'U300287T15701887637198', NULL, NULL, '2019-10-04 11:33:04', '2019-10-04 11:33:04'),
	(81, 8, 1, '1920', 'SO1', 24, 104.7619047619, 1.0000000000, 'GST05', 5.2400000000, 0.0000000000, 0.0000000000, 'U300287T15701887637198', NULL, NULL, '2019-10-04 11:33:04', '2019-10-04 11:33:04'),
	(82, 8, 1, '1920', 'SO1', 36, 61.9047619048, 1.0000000000, 'GST05', 3.1000000000, 0.0000000000, 0.0000000000, 'U300287T15701887637198', NULL, NULL, '2019-10-04 11:33:04', '2019-10-04 11:33:04'),
	(83, 8, 1, '1920', 'SO1', 66, 21.9047619048, 4.0000000000, 'GST05', 4.3800000000, 0.0000000000, 0.0000000000, 'U300287T15701887637198', NULL, NULL, '2019-10-04 11:33:04', '2019-10-04 11:33:04'),
	(84, 8, 1, '1920', 'SO1', 94, 38.1355932203, 3.0000000000, 'GST18', 20.6000000000, 0.0000000000, 0.0000000000, 'U300287T15701887637198', NULL, NULL, '2019-10-04 11:33:04', '2019-10-04 11:33:04'),
	(85, 8, 1, '1920', 'SO1', 58, 23.8095238095, 4.0000000000, 'GST05', 4.7600000000, 0.0000000000, 0.0000000000, 'U300287T15701887637198', NULL, NULL, '2019-10-04 11:33:04', '2019-10-04 11:33:04'),
	(86, 8, 1, '1920', 'SO1', 191, 7.0000000000, 6.0000000000, 'GST18', 7.5600000000, 0.0000000000, 0.0000000000, 'U300287T15701887637198', NULL, NULL, '2019-10-04 11:33:04', '2019-10-04 11:33:04'),
	(87, 8, 1, '1920', 'SO1', 192, 21.1864406780, 3.0000000000, 'GST18', 11.4400000000, 0.0000000000, 0.0000000000, 'U300287T15701887637198', NULL, NULL, '2019-10-04 11:33:05', '2019-10-04 11:33:05'),
	(88, 8, 1, '1920', 'SO1', 102, 13.5593220339, 3.0000000000, 'GST18', 7.3200000000, 0.0000000000, 0.0000000000, 'U300287T15701887637198', NULL, NULL, '2019-10-04 11:33:05', '2019-10-04 11:33:05'),
	(89, 8, 1, '1920', 'SO1', 87, 39.0476190476, 10.0000000000, 'GST05', 19.5200000000, 0.0000000000, 0.0000000000, 'U300287T15701887637198', NULL, NULL, '2019-10-04 11:33:05', '2019-10-04 11:33:05'),
	(90, 8, 1, '1920', 'SO1', 157, 15.2542372881, 6.0000000000, 'GST18', 16.4800000000, 0.0000000000, 0.0000000000, 'U300287T15701887637198', NULL, NULL, '2019-10-04 11:33:05', '2019-10-04 11:33:05'),
	(91, 8, 1, '1920', 'SO1', 158, 15.2542372881, 3.0000000000, 'GST18', 8.2400000000, 0.0000000000, 0.0000000000, 'U300287T15701887637198', NULL, NULL, '2019-10-04 11:33:05', '2019-10-04 11:33:05'),
	(92, 8, 1, '1920', 'SO1', 104, 21.1864406780, 3.0000000000, 'GST18', 11.4400000000, 0.0000000000, 0.0000000000, 'U300287T15701887637198', NULL, NULL, '2019-10-04 11:33:05', '2019-10-04 11:33:05'),
	(93, 8, 1, '1920', 'SO1', 201, 88.9830508475, 1.0000000000, 'GST18', 16.0200000000, 0.0000000000, 0.0000000000, 'U300287T15701887637198', NULL, NULL, '2019-10-04 11:33:05', '2019-10-04 11:33:05'),
	(94, 9, 1, '1920', 'SO1', 88, 60.0000000000, 10.0000000000, 'GST05', 30.0000000000, 0.0000000000, 0.0000000000, 'U300287T15701887638115', NULL, NULL, '2019-10-04 11:33:05', '2019-10-04 11:33:05'),
	(95, 9, 1, '1920', 'SO1', 50, 40.0000000000, 2.0000000000, 'GST05', 4.0000000000, 0.0000000000, 0.0000000000, 'U300287T15701887638115', NULL, NULL, '2019-10-04 11:33:05', '2019-10-04 11:33:05'),
	(96, 9, 1, '1920', 'SO1', 58, 23.8095238095, 3.0000000000, 'GST05', 3.5800000000, 0.0000000000, 0.0000000000, 'U300287T15701887638115', NULL, NULL, '2019-10-04 11:33:05', '2019-10-04 11:33:05'),
	(97, 9, 1, '1920', 'SO1', 120, 22.3214285714, 1.0000000000, 'GST12', 2.6800000000, 0.0000000000, 0.0000000000, 'U300287T15701887638115', NULL, NULL, '2019-10-04 11:33:05', '2019-10-04 11:33:05'),
	(98, 9, 1, '1920', 'SO1', 94, 38.1355932203, 2.0000000000, 'GST18', 13.7200000000, 0.0000000000, 0.0000000000, 'U300287T15701887638115', NULL, NULL, '2019-10-04 11:33:05', '2019-10-04 11:33:05'),
	(99, 10, 1, '1920', 'SO1', 94, 38.1355932203, 10.0000000000, 'GST18', 68.6400000000, 0.0000000000, 0.0000000000, 'U300287T15701887638754', NULL, NULL, '2019-10-04 11:33:05', '2019-10-04 11:33:05'),
	(100, 10, 1, '1920', 'SO1', 59, 47.6190476190, 5.0000000000, 'GST05', 11.9000000000, 0.0000000000, 0.0000000000, 'U300287T15701887638754', NULL, NULL, '2019-10-04 11:33:05', '2019-10-04 11:33:05'),
	(101, 10, 1, '1920', 'SO1', 82, 21.4285714286, 10.0000000000, 'GST05', 10.7200000000, 0.0000000000, 0.0000000000, 'U300287T15701887638754', NULL, NULL, '2019-10-04 11:33:05', '2019-10-04 11:33:05'),
	(102, 10, 1, '1920', 'SO1', 81, 43.8095238095, 5.0000000000, 'GST05', 10.9600000000, 0.0000000000, 0.0000000000, 'U300287T15701887638754', NULL, NULL, '2019-10-04 11:33:06', '2019-10-04 11:33:06'),
	(103, 10, 1, '1920', 'SO1', 69, 28.5714285714, 6.0000000000, 'GST05', 8.5800000000, 0.0000000000, 0.0000000000, 'U300287T15701887638754', NULL, NULL, '2019-10-04 11:33:06', '2019-10-04 11:33:06'),
	(104, 10, 1, '1920', 'SO1', 50, 40.0000000000, 5.0000000000, 'GST05', 10.0000000000, 0.0000000000, 0.0000000000, 'U300287T15701887638754', NULL, NULL, '2019-10-04 11:33:06', '2019-10-04 11:33:06'),
	(105, 10, 1, '1920', 'SO1', 115, 31.2500000000, 3.0000000000, 'GST12', 11.2600000000, 0.0000000000, 0.0000000000, 'U300287T15701887638754', NULL, NULL, '2019-10-04 11:33:06', '2019-10-04 11:33:06'),
	(106, 10, 1, '1920', 'SO1', 114, 31.2500000000, 3.0000000000, 'GST12', 11.2600000000, 0.0000000000, 0.0000000000, 'U300287T15701887638754', NULL, NULL, '2019-10-04 11:33:06', '2019-10-04 11:33:06'),
	(107, 10, 1, '1920', 'SO1', 71, 23.8095238095, 3.0000000000, 'GST05', 3.5800000000, 0.0000000000, 0.0000000000, 'U300287T15701887638754', NULL, NULL, '2019-10-04 11:33:06', '2019-10-04 11:33:06'),
	(108, 10, 1, '1920', 'SO1', 157, 15.2542372881, 6.0000000000, 'GST18', 16.4800000000, 0.0000000000, 0.0000000000, 'U300287T15701887638754', NULL, NULL, '2019-10-04 11:33:06', '2019-10-04 11:33:06'),
	(109, 10, 1, '1920', 'SO1', 86, 77.1428571429, 10.0000000000, 'GST05', 38.5800000000, 0.0000000000, 0.0000000000, 'U300287T15701887638754', NULL, NULL, '2019-10-04 11:33:06', '2019-10-04 11:33:06'),
	(110, 11, 1, '1920', 'SO1', 162, 23.3050847458, 6.0000000000, 'GST18', 25.1600000000, 0.0000000000, 0.0000000000, 'U300287T15701887639450', NULL, NULL, '2019-10-04 11:33:06', '2019-10-04 11:33:06'),
	(111, 11, 1, '1920', 'SO1', 169, 30.5084745763, 6.0000000000, 'GST18', 32.9400000000, 0.0000000000, 0.0000000000, 'U300287T15701887639450', NULL, NULL, '2019-10-04 11:33:06', '2019-10-04 11:33:06'),
	(112, 11, 1, '1920', 'SO1', 120, 22.3214285714, 3.0000000000, 'GST12', 8.0400000000, 0.0000000000, 0.0000000000, 'U300287T15701887639450', NULL, NULL, '2019-10-04 11:33:06', '2019-10-04 11:33:06'),
	(113, 11, 1, '1920', 'SO1', 50, 40.0000000000, 10.0000000000, 'GST05', 20.0000000000, 0.0000000000, 0.0000000000, 'U300287T15701887639450', NULL, NULL, '2019-10-04 11:33:06', '2019-10-04 11:33:06'),
	(114, 11, 1, '1920', 'SO1', 28, 104.7619047619, 3.0000000000, 'GST05', 15.7200000000, 0.0000000000, 0.0000000000, 'U300287T15701887639450', NULL, NULL, '2019-10-04 11:33:06', '2019-10-04 11:33:06'),
	(115, 11, 1, '1920', 'SO1', 30, 109.5238095238, 5.0000000000, 'GST05', 27.3800000000, 0.0000000000, 0.0000000000, 'U300287T15701887639450', NULL, NULL, '2019-10-04 11:33:06', '2019-10-04 11:33:06'),
	(116, 11, 1, '1920', 'SO1', 66, 21.9047619048, 10.0000000000, 'GST05', 10.9600000000, 0.0000000000, 0.0000000000, 'U300287T15701887639450', NULL, NULL, '2019-10-04 11:33:06', '2019-10-04 11:33:06'),
	(117, 11, 1, '1920', 'SO1', 13, 247.6190476190, 1.0000000000, 'GST05', 12.3800000000, 0.0000000000, 0.0000000000, 'U300287T15701887639450', NULL, NULL, '2019-10-04 11:33:06', '2019-10-04 11:33:06'),
	(118, 11, 1, '1920', 'SO1', 95, 7.0593220339, 12.0000000000, 'GST18', 15.2400000000, 0.0000000000, 0.0000000000, 'U300287T15701887639450', NULL, NULL, '2019-10-04 11:33:07', '2019-10-04 11:33:07'),
	(119, 11, 1, '1920', 'SO1', 176, 161.9047619048, 2.0000000000, 'GST05', 16.2000000000, 0.0000000000, 0.0000000000, 'U300287T15701887639450', NULL, NULL, '2019-10-04 11:33:07', '2019-10-04 11:33:07'),
	(120, 11, 1, '1920', 'SO1', 69, 28.5714285714, 5.0000000000, 'GST05', 7.1400000000, 0.0000000000, 0.0000000000, 'U300287T15701887639450', NULL, NULL, '2019-10-04 11:33:07', '2019-10-04 11:33:07'),
	(121, 11, 1, '1920', 'SO1', 94, 38.1355932203, 10.0000000000, 'GST18', 68.6400000000, 0.0000000000, 0.0000000000, 'U300287T15701887639450', NULL, NULL, '2019-10-04 11:33:07', '2019-10-04 11:33:07'),
	(122, 12, 1, '1920', 'SO1', 30, 109.5238095238, 2.0000000000, 'GST05', 10.9600000000, 0.0000000000, 0.0000000000, 'U300287T15701887639976', NULL, NULL, '2019-10-04 11:33:07', '2019-10-04 11:33:07'),
	(123, 12, 1, '1920', 'SO1', 28, 104.7619047619, 2.0000000000, 'GST05', 10.4800000000, 0.0000000000, 0.0000000000, 'U300287T15701887639976', NULL, NULL, '2019-10-04 11:33:07', '2019-10-04 11:33:07'),
	(124, 12, 1, '1920', 'SO1', 32, 133.3333333333, 0.5000000000, 'GST05', 3.3400000000, 0.0000000000, 0.0000000000, 'U300287T15701887639976', NULL, NULL, '2019-10-04 11:33:07', '2019-10-04 11:33:07'),
	(125, 12, 1, '1920', 'SO1', 169, 30.5084745763, 6.0000000000, 'GST18', 32.9400000000, 0.0000000000, 0.0000000000, 'U300287T15701887639976', NULL, NULL, '2019-10-04 11:33:07', '2019-10-04 11:33:07'),
	(126, 12, 1, '1920', 'SO1', 168, 16.9491525424, 6.0000000000, 'GST18', 18.3000000000, 0.0000000000, 0.0000000000, 'U300287T15701887639976', NULL, NULL, '2019-10-04 11:33:07', '2019-10-04 11:33:07'),
	(127, 12, 1, '1920', 'SO1', 155, 22.8813559322, 3.0000000000, 'GST18', 12.3600000000, 0.0000000000, 0.0000000000, 'U300287T15701887639976', NULL, NULL, '2019-10-04 11:33:07', '2019-10-04 11:33:07'),
	(128, 13, 1, '1920', 'SO1', 50, 40.0000000000, 5.0000000000, 'GST05', 10.0000000000, 0.0000000000, 0.0000000000, 'U300287T15701887641020', NULL, NULL, '2019-10-04 11:33:07', '2019-10-04 11:33:07'),
	(129, 13, 1, '1920', 'SO1', 58, 23.8095238095, 5.0000000000, 'GST05', 5.9600000000, 0.0000000000, 0.0000000000, 'U300287T15701887641020', NULL, NULL, '2019-10-04 11:33:07', '2019-10-04 11:33:07'),
	(130, 13, 1, '1920', 'SO1', 94, 38.1355932203, 3.0000000000, 'GST18', 20.6000000000, 0.0000000000, 0.0000000000, 'U300287T15701887641020', NULL, NULL, '2019-10-04 11:33:07', '2019-10-04 11:33:07'),
	(131, 13, 1, '1920', 'SO1', 160, 7.7683559322, 6.0000000000, 'GST18', 8.3800000000, 0.0000000000, 0.0000000000, 'U300287T15701887641020', NULL, NULL, '2019-10-04 11:33:07', '2019-10-04 11:33:07'),
	(132, 13, 1, '1920', 'SO1', 36, 61.9047619048, 1.0000000000, 'GST05', 3.1000000000, 0.0000000000, 0.0000000000, 'U300287T15701887641020', NULL, NULL, '2019-10-04 11:33:07', '2019-10-04 11:33:07'),
	(133, 14, 1, '1920', 'SO1', 94, 38.1355932203, 3.0000000000, 'GST18', 20.6000000000, 0.0000000000, 0.0000000000, 'U300287T15701887641669', NULL, NULL, '2019-10-04 11:33:07', '2019-10-04 11:33:07'),
	(134, 14, 1, '1920', 'SO1', 96, 33.8983050847, 3.0000000000, 'GST18', 18.3000000000, 0.0000000000, 0.0000000000, 'U300287T15701887641669', NULL, NULL, '2019-10-04 11:33:07', '2019-10-04 11:33:07'),
	(135, 14, 1, '1920', 'SO1', 155, 22.8813559322, 6.0000000000, 'GST18', 24.7200000000, 0.0000000000, 0.0000000000, 'U300287T15701887641669', NULL, NULL, '2019-10-04 11:33:08', '2019-10-04 11:33:08'),
	(136, 14, 1, '1920', 'SO1', 158, 15.2542372881, 6.0000000000, 'GST18', 16.4800000000, 0.0000000000, 0.0000000000, 'U300287T15701887641669', NULL, NULL, '2019-10-04 11:33:08', '2019-10-04 11:33:08'),
	(137, 15, 1, '1920', 'SO1', 94, 38.1355932203, 10.0000000000, 'GST18', 68.6400000000, 0.0000000000, 0.0000000000, 'U300287T15701887642443', NULL, NULL, '2019-10-04 11:33:08', '2019-10-04 11:33:08'),
	(138, 15, 1, '1920', 'SO1', 50, 40.0000000000, 3.0000000000, 'GST05', 6.0000000000, 0.0000000000, 0.0000000000, 'U300287T15701887642443', NULL, NULL, '2019-10-04 11:33:08', '2019-10-04 11:33:08'),
	(139, 15, 1, '1920', 'SO1', 168, 16.9491525424, 6.0000000000, 'GST18', 18.3000000000, 0.0000000000, 0.0000000000, 'U300287T15701887642443', NULL, NULL, '2019-10-04 11:33:08', '2019-10-04 11:33:08'),
	(140, 15, 1, '1920', 'SO1', 157, 15.2542372881, 10.0000000000, 'GST18', 27.4600000000, 0.0000000000, 0.0000000000, 'U300287T15701887642443', NULL, NULL, '2019-10-04 11:33:08', '2019-10-04 11:33:08'),
	(141, 15, 1, '1920', 'SO1', 159, 7.6271186441, 6.0000000000, 'GST18', 8.2400000000, 0.0000000000, 0.0000000000, 'U300287T15701887642443', NULL, NULL, '2019-10-04 11:33:08', '2019-10-04 11:33:08'),
	(142, 15, 1, '1920', 'SO1', 45, 85.7142857143, 1.0000000000, 'GST05', 4.2800000000, 0.0000000000, 0.0000000000, 'U300287T15701887642443', NULL, NULL, '2019-10-04 11:33:08', '2019-10-04 11:33:08'),
	(143, 15, 1, '1920', 'SO1', 13, 247.6190476190, 1.0000000000, 'GST05', 12.3800000000, 0.0000000000, 0.0000000000, 'U300287T15701887642443', NULL, NULL, '2019-10-04 11:33:08', '2019-10-04 11:33:08'),
	(144, 15, 1, '1920', 'SO1', 160, 7.7683559322, 6.0000000000, 'GST18', 8.3800000000, 0.0000000000, 0.0000000000, 'U300287T15701887642443', NULL, NULL, '2019-10-04 11:33:08', '2019-10-04 11:33:08'),
	(145, 16, 1, '1920', 'SO1', 89, 80.9523809524, 2.0000000000, 'GST05', 8.1000000000, 0.0000000000, 0.0000000000, 'U300287T15701887643114', NULL, NULL, '2019-10-04 11:33:08', '2019-10-04 11:33:08'),
	(146, 16, 1, '1920', 'SO1', 77, 42.8571428571, 2.0000000000, 'GST05', 4.2800000000, 0.0000000000, 0.0000000000, 'U300287T15701887643114', NULL, NULL, '2019-10-04 11:33:08', '2019-10-04 11:33:08'),
	(147, 16, 1, '1920', 'SO1', 120, 22.3214285714, 2.0000000000, 'GST12', 5.3600000000, 0.0000000000, 0.0000000000, 'U300287T15701887643114', NULL, NULL, '2019-10-04 11:33:08', '2019-10-04 11:33:08'),
	(148, 16, 1, '1920', 'SO1', 104, 21.1864406780, 6.0000000000, 'GST18', 22.8800000000, 0.0000000000, 0.0000000000, 'U300287T15701887643114', NULL, NULL, '2019-10-04 11:33:09', '2019-10-04 11:33:09'),
	(149, 16, 1, '1920', 'SO1', 116, 49.1071428571, 1.0000000000, 'GST12', 5.9000000000, 0.0000000000, 0.0000000000, 'U300287T15701887643114', NULL, NULL, '2019-10-04 11:33:09', '2019-10-04 11:33:09'),
	(150, 16, 1, '1920', 'SO1', 117, 49.1071428571, 1.0000000000, 'GST12', 5.9000000000, 0.0000000000, 0.0000000000, 'U300287T15701887643114', NULL, NULL, '2019-10-04 11:33:09', '2019-10-04 11:33:09'),
	(151, 16, 1, '1920', 'SO1', 58, 23.8095238095, 6.0000000000, 'GST05', 7.1400000000, 0.0000000000, 0.0000000000, 'U300287T15701887643114', NULL, NULL, '2019-10-04 11:33:09', '2019-10-04 11:33:09'),
	(152, 16, 1, '1920', 'SO1', 66, 21.9047619048, 6.0000000000, 'GST05', 6.5800000000, 0.0000000000, 0.0000000000, 'U300287T15701887643114', NULL, NULL, '2019-10-04 11:33:09', '2019-10-04 11:33:09'),
	(153, 16, 1, '1920', 'SO1', 2, 123.8095238095, 1.0000000000, 'GST05', 5.9400000000, 5.0000000000, 0.0000000000, 'U300287T15701887643114', NULL, NULL, '2019-10-04 11:33:09', '2019-10-04 11:33:09'),
	(154, 16, 1, '1920', 'SO1', 12, 233.3333333333, 0.5000000000, 'GST05', 5.8400000000, 0.0000000000, 0.0000000000, 'U300287T15701887643114', NULL, NULL, '2019-10-04 11:33:09', '2019-10-04 11:33:09'),
	(155, 17, 1, '1920', 'SO1', 169, 30.5084745763, 6.0000000000, 'GST18', 32.9400000000, 0.0000000000, 0.0000000000, 'U300287T15701887644003', NULL, NULL, '2019-10-04 11:33:09', '2019-10-04 11:33:09'),
	(156, 17, 1, '1920', 'SO1', 50, 40.0000000000, 10.0000000000, 'GST05', 20.0000000000, 0.0000000000, 0.0000000000, 'U300287T15701887644003', NULL, NULL, '2019-10-04 11:33:09', '2019-10-04 11:33:09'),
	(157, 17, 1, '1920', 'SO1', 103, 13.5590000000, 15.0000000000, 'GST18', 36.6000000000, 0.0000000000, 0.0000000000, 'U300287T15701887644003', NULL, NULL, '2019-10-04 11:33:09', '2019-10-04 11:33:09'),
	(158, 17, 1, '1920', 'SO1', 101, 21.1864406780, 6.0000000000, 'GST18', 22.8800000000, 0.0000000000, 0.0000000000, 'U300287T15701887644003', NULL, NULL, '2019-10-04 11:33:09', '2019-10-04 11:33:09'),
	(159, 17, 1, '1920', 'SO1', 92, 18.6440677966, 10.0000000000, 'GST18', 33.5600000000, 0.0000000000, 0.0000000000, 'U300287T15701887644003', NULL, NULL, '2019-10-04 11:33:10', '2019-10-04 11:33:10'),
	(160, 17, 1, '1920', 'SO1', 94, 38.1355932203, 3.0000000000, 'GST18', 20.6000000000, 0.0000000000, 0.0000000000, 'U300287T15701887644003', NULL, NULL, '2019-10-04 11:33:10', '2019-10-04 11:33:10'),
	(161, 17, 1, '1920', 'SO1', 82, 21.4285714286, 10.0000000000, 'GST05', 10.7200000000, 0.0000000000, 0.0000000000, 'U300287T15701887644003', NULL, NULL, '2019-10-04 11:33:10', '2019-10-04 11:33:10'),
	(162, 17, 1, '1920', 'SO1', 158, 15.2542372881, 6.0000000000, 'GST18', 16.4800000000, 0.0000000000, 0.0000000000, 'U300287T15701887644003', NULL, NULL, '2019-10-04 11:33:10', '2019-10-04 11:33:10'),
	(163, 17, 1, '1920', 'SO1', 157, 15.2542372881, 10.0000000000, 'GST18', 27.4600000000, 0.0000000000, 0.0000000000, 'U300287T15701887644003', NULL, NULL, '2019-10-04 11:33:10', '2019-10-04 11:33:10'),
	(164, 18, 1, '1920', 'SO1', 186, 7.0000000000, 30.0000000000, 'GST12', 25.2000000000, 0.0000000000, 0.0000000000, 'U300287T15701887644785', NULL, NULL, '2019-10-04 11:33:10', '2019-10-04 11:33:10'),
	(165, 18, 1, '1920', 'SO1', 190, 7.1428571429, 24.0000000000, 'GST12', 20.5800000000, 0.0000000000, 0.0000000000, 'U300287T15701887644785', NULL, NULL, '2019-10-04 11:33:10', '2019-10-04 11:33:10'),
	(166, 18, 1, '1920', 'SO1', 157, 15.1000000000, 36.0000000000, 'GST18', 97.8400000000, 0.0000000000, 0.0000000000, 'U300287T15701887644785', NULL, NULL, '2019-10-04 11:33:10', '2019-10-04 11:33:10'),
	(167, 18, 1, '1920', 'SO1', 162, 23.3050847458, 12.0000000000, 'GST18', 50.3400000000, 0.0000000000, 0.0000000000, 'U300287T15701887644785', NULL, NULL, '2019-10-04 11:33:10', '2019-10-04 11:33:10'),
	(168, 18, 1, '1920', 'SO1', 161, 23.3050847458, 12.0000000000, 'GST18', 50.3400000000, 0.0000000000, 0.0000000000, 'U300287T15701887644785', NULL, NULL, '2019-10-04 11:33:10', '2019-10-04 11:33:10'),
	(169, 18, 1, '1920', 'SO1', 158, 15.0800000000, 50.0000000000, 'GST18', 135.7200000000, 0.0000000000, 0.0000000000, 'U300287T15701887644785', NULL, NULL, '2019-10-04 11:33:10', '2019-10-04 11:33:10'),
	(170, 18, 1, '1920', 'SO1', 160, 7.7683559322, 12.0000000000, 'GST18', 16.7800000000, 0.0000000000, 0.0000000000, 'U300287T15701887644785', NULL, NULL, '2019-10-04 11:33:10', '2019-10-04 11:33:10'),
	(171, 18, 1, '1920', 'SO1', 170, 15.2542372881, 12.0000000000, 'GST18', 32.9400000000, 0.0000000000, 0.0000000000, 'U300287T15701887644785', NULL, NULL, '2019-10-04 11:33:10', '2019-10-04 11:33:10'),
	(172, 18, 1, '1920', 'SO1', 168, 16.9491525424, 12.0000000000, 'GST18', 36.6200000000, 0.0000000000, 0.0000000000, 'U300287T15701887644785', NULL, NULL, '2019-10-04 11:33:10', '2019-10-04 11:33:10'),
	(173, 18, 1, '1920', 'SO1', 159, 7.6271186441, 12.0000000000, 'GST18', 16.4800000000, 0.0000000000, 0.0000000000, 'U300287T15701887644785', NULL, NULL, '2019-10-04 11:33:11', '2019-10-04 11:33:11'),
	(174, 18, 1, '1920', 'SO1', 164, 51.6949152542, 6.0000000000, 'GST18', 55.8400000000, 0.0000000000, 0.0000000000, 'U300287T15701887644785', NULL, NULL, '2019-10-04 11:33:11', '2019-10-04 11:33:11'),
	(175, 18, 1, '1920', 'SO1', 58, 23.8095238095, 6.0000000000, 'GST05', 7.1400000000, 0.0000000000, 0.0000000000, 'U300287T15701887644785', NULL, NULL, '2019-10-04 11:33:11', '2019-10-04 11:33:11'),
	(176, 18, 1, '1920', 'SO1', 50, 40.0000000000, 3.0000000000, 'GST05', 6.0000000000, 0.0000000000, 0.0000000000, 'U300287T15701887644785', NULL, NULL, '2019-10-04 11:33:11', '2019-10-04 11:33:11'),
	(177, 18, 1, '1920', 'SO1', 178, 9.3220338983, 6.0000000000, 'GST18', 10.0600000000, 0.0000000000, 0.0000000000, 'U300287T15701887644785', NULL, NULL, '2019-10-04 11:33:11', '2019-10-04 11:33:11'),
	(178, 18, 1, '1920', 'SO1', 81, 43.8095238095, 6.0000000000, 'GST05', 13.1400000000, 0.0000000000, 0.0000000000, 'U300287T15701887644785', NULL, NULL, '2019-10-04 11:33:11', '2019-10-04 11:33:11'),
	(179, 18, 1, '1920', 'SO1', 82, 21.4285714286, 10.0000000000, 'GST05', 10.7200000000, 0.0000000000, 0.0000000000, 'U300287T15701887644785', NULL, NULL, '2019-10-04 11:33:11', '2019-10-04 11:33:11'),
	(180, 19, 1, '1920', 'SO1', 169, 30.5084745763, 12.0000000000, 'GST18', 65.9000000000, 0.0000000000, 0.0000000000, 'U300287T15701887646418', NULL, NULL, '2019-10-04 11:33:11', '2019-10-04 11:33:11'),
	(181, 19, 1, '1920', 'SO1', 161, 23.3050847458, 6.0000000000, 'GST18', 25.1600000000, 0.0000000000, 0.0000000000, 'U300287T15701887646418', NULL, NULL, '2019-10-04 11:33:11', '2019-10-04 11:33:11'),
	(182, 19, 1, '1920', 'SO1', 157, 15.2542372881, 12.0000000000, 'GST18', 32.9400000000, 0.0000000000, 0.0000000000, 'U300287T15701887646418', NULL, NULL, '2019-10-04 11:33:11', '2019-10-04 11:33:11'),
	(183, 19, 1, '1920', 'SO1', 158, 15.2542372881, 6.0000000000, 'GST18', 16.4800000000, 0.0000000000, 0.0000000000, 'U300287T15701887646418', NULL, NULL, '2019-10-04 11:33:11', '2019-10-04 11:33:11'),
	(184, 19, 1, '1920', 'SO1', 170, 15.2542372881, 12.0000000000, 'GST18', 32.9400000000, 0.0000000000, 0.0000000000, 'U300287T15701887646418', NULL, NULL, '2019-10-04 11:33:11', '2019-10-04 11:33:11'),
	(185, 19, 1, '1920', 'SO1', 50, 40.0000000000, 4.0000000000, 'GST05', 8.0000000000, 0.0000000000, 0.0000000000, 'U300287T15701887646418', NULL, NULL, '2019-10-04 11:33:11', '2019-10-04 11:33:11'),
	(186, 19, 1, '1920', 'SO1', 111, 17.8571428571, 3.0000000000, 'GST12', 6.4200000000, 0.0000000000, 0.0000000000, 'U300287T15701887646418', NULL, NULL, '2019-10-04 11:33:11', '2019-10-04 11:33:11'),
	(187, 19, 1, '1920', 'SO1', 110, 17.8571428571, 3.0000000000, 'GST12', 6.4200000000, 0.0000000000, 0.0000000000, 'U300287T15701887646418', NULL, NULL, '2019-10-04 11:33:11', '2019-10-04 11:33:11'),
	(188, 20, 1, '1920', 'SO1', 104, 21.1864406780, 6.0000000000, 'GST18', 22.8800000000, 0.0000000000, 0.0000000000, 'U300287T15701887647236', NULL, NULL, '2019-10-04 11:33:11', '2019-10-04 11:33:11'),
	(189, 20, 1, '1920', 'SO1', 92, 18.6440677966, 6.0000000000, 'GST18', 20.1400000000, 0.0000000000, 0.0000000000, 'U300287T15701887647236', NULL, NULL, '2019-10-04 11:33:12', '2019-10-04 11:33:12'),
	(190, 20, 1, '1920', 'SO1', 50, 40.0000000000, 3.0000000000, 'GST05', 6.0000000000, 0.0000000000, 0.0000000000, 'U300287T15701887647236', NULL, NULL, '2019-10-04 11:33:12', '2019-10-04 11:33:12'),
	(191, 21, 1, '1920', 'SO1', 77, 42.8571428571, 6.0000000000, 'GST05', 12.8600000000, 0.0000000000, 0.0000000000, 'U300287T15701887647883', NULL, NULL, '2019-10-04 11:33:12', '2019-10-04 11:33:12'),
	(192, 21, 1, '1920', 'SO1', 104, 21.1864406780, 6.0000000000, 'GST18', 22.8800000000, 0.0000000000, 0.0000000000, 'U300287T15701887647883', NULL, NULL, '2019-10-04 11:33:12', '2019-10-04 11:33:12'),
	(193, 21, 1, '1920', 'SO1', 102, 13.5593220339, 6.0000000000, 'GST18', 14.6400000000, 0.0000000000, 0.0000000000, 'U300287T15701887647883', NULL, NULL, '2019-10-04 11:33:12', '2019-10-04 11:33:12'),
	(194, 21, 1, '1920', 'SO1', 92, 18.6440677966, 6.0000000000, 'GST18', 20.1400000000, 0.0000000000, 0.0000000000, 'U300287T15701887647883', NULL, NULL, '2019-10-04 11:33:12', '2019-10-04 11:33:12'),
	(195, 21, 1, '1920', 'SO1', 50, 40.0000000000, 2.0000000000, 'GST05', 4.0000000000, 0.0000000000, 0.0000000000, 'U300287T15701887647883', NULL, NULL, '2019-10-04 11:33:12', '2019-10-04 11:33:12'),
	(196, 21, 1, '1920', 'SO1', 51, 28.5714285714, 6.0000000000, 'GST05', 8.5800000000, 0.0000000000, 0.0000000000, 'U300287T15701887647883', NULL, NULL, '2019-10-04 11:33:12', '2019-10-04 11:33:12'),
	(197, 22, 1, '1920', 'SO1', 93, 42.3728813559, 6.0000000000, 'GST18', 45.7600000000, 0.0000000000, 0.0000000000, 'U300287T15701887648413', NULL, NULL, '2019-10-04 11:33:12', '2019-10-04 11:33:12'),
	(198, 22, 1, '1920', 'SO1', 92, 18.6440677966, 3.0000000000, 'GST18', 10.0600000000, 0.0000000000, 0.0000000000, 'U300287T15701887648413', NULL, NULL, '2019-10-04 11:33:12', '2019-10-04 11:33:12'),
	(199, 22, 1, '1920', 'SO1', 95, 7.0593220339, 6.0000000000, 'GST18', 7.6200000000, 0.0000000000, 0.0000000000, 'U300287T15701887648413', NULL, NULL, '2019-10-04 11:33:12', '2019-10-04 11:33:12'),
	(200, 22, 1, '1920', 'SO1', 103, 13.9830508475, 6.0000000000, 'GST18', 15.1000000000, 0.0000000000, 0.0000000000, 'U300287T15701887648413', NULL, NULL, '2019-10-04 11:33:12', '2019-10-04 11:33:12'),
	(201, 22, 1, '1920', 'SO1', 66, 21.9047619048, 6.0000000000, 'GST05', 6.5800000000, 0.0000000000, 0.0000000000, 'U300287T15701887648413', NULL, NULL, '2019-10-04 11:33:12', '2019-10-04 11:33:12'),
	(202, 22, 1, '1920', 'SO1', 50, 40.0000000000, 3.0000000000, 'GST05', 6.0000000000, 0.0000000000, 0.0000000000, 'U300287T15701887648413', NULL, NULL, '2019-10-04 11:33:13', '2019-10-04 11:33:13'),
	(203, 22, 1, '1920', 'SO1', 53, 20.9523809524, 3.0000000000, 'GST05', 3.1400000000, 0.0000000000, 0.0000000000, 'U300287T15701887648413', NULL, NULL, '2019-10-04 11:33:13', '2019-10-04 11:33:13'),
	(204, 22, 1, '1920', 'SO1', 69, 28.5714285714, 3.0000000000, 'GST05', 4.2800000000, 0.0000000000, 0.0000000000, 'U300287T15701887648413', NULL, NULL, '2019-10-04 11:33:13', '2019-10-04 11:33:13'),
	(205, 22, 1, '1920', 'SO1', 158, 15.2542372881, 10.0000000000, 'GST18', 27.4600000000, 0.0000000000, 0.0000000000, 'U300287T15701887648413', NULL, NULL, '2019-10-04 11:33:13', '2019-10-04 11:33:13'),
	(206, 22, 1, '1920', 'SO1', 162, 23.3050847458, 10.0000000000, 'GST18', 41.9400000000, 0.0000000000, 0.0000000000, 'U300287T15701887648413', NULL, NULL, '2019-10-04 11:33:13', '2019-10-04 11:33:13'),
	(207, 22, 1, '1920', 'SO1', 169, 30.5084745763, 6.0000000000, 'GST18', 32.9400000000, 0.0000000000, 0.0000000000, 'U300287T15701887648413', NULL, NULL, '2019-10-04 11:33:13', '2019-10-04 11:33:13'),
	(208, 22, 1, '1920', 'SO1', 161, 23.3050847458, 6.0000000000, 'GST18', 25.1600000000, 0.0000000000, 0.0000000000, 'U300287T15701887648413', NULL, NULL, '2019-10-04 11:33:13', '2019-10-04 11:33:13'),
	(209, 22, 1, '1920', 'SO1', 170, 15.2542372881, 6.0000000000, 'GST18', 16.4800000000, 0.0000000000, 0.0000000000, 'U300287T15701887648413', NULL, NULL, '2019-10-04 11:33:13', '2019-10-04 11:33:13'),
	(210, 22, 1, '1920', 'SO1', 157, 15.2542372881, 12.0000000000, 'GST18', 32.9400000000, 0.0000000000, 0.0000000000, 'U300287T15701887648413', NULL, NULL, '2019-10-04 11:33:13', '2019-10-04 11:33:13'),
	(211, 22, 1, '1920', 'SO1', 159, 7.6271186441, 12.0000000000, 'GST18', 16.4800000000, 0.0000000000, 0.0000000000, 'U300287T15701887648413', NULL, NULL, '2019-10-04 11:33:13', '2019-10-04 11:33:13'),
	(212, 22, 1, '1920', 'SO1', 137, 22.1429687500, 6.0000000000, 'GST28+', 53.1400000000, 0.0000000000, 0.0000000000, 'U300287T15701887648413', NULL, NULL, '2019-10-04 11:33:13', '2019-10-04 11:33:13'),
	(213, 22, 1, '1920', 'SO1', 136, 22.1429687500, 6.0000000000, 'GST28+', 53.1400000000, 0.0000000000, 0.0000000000, 'U300287T15701887648413', NULL, NULL, '2019-10-04 11:33:13', '2019-10-04 11:33:13'),
	(214, 22, 1, '1920', 'SO1', 186, 7.0000000000, 30.0000000000, 'GST12', 25.2000000000, 0.0000000000, 0.0000000000, 'U300287T15701887648413', NULL, NULL, '2019-10-04 11:33:13', '2019-10-04 11:33:13'),
	(215, 22, 1, '1920', 'SO1', 190, 7.1428571429, 15.0000000000, 'GST12', 12.8600000000, 0.0000000000, 0.0000000000, 'U300287T15701887648413', NULL, NULL, '2019-10-04 11:33:13', '2019-10-04 11:33:13'),
	(216, 22, 1, '1920', 'SO1', 183, 7.0000000000, 15.0000000000, 'GST12', 12.6000000000, 0.0000000000, 0.0000000000, 'U300287T15701887648413', NULL, NULL, '2019-10-04 11:33:13', '2019-10-04 11:33:13'),
	(217, 22, 1, '1920', 'SO1', 128, 7.1428571429, 6.0000000000, 'GST12', 5.1400000000, 0.0000000000, 0.0000000000, 'U300287T15701887648413', NULL, NULL, '2019-10-04 11:33:13', '2019-10-04 11:33:13'),
	(218, 22, 1, '1920', 'SO1', 129, 7.1428571429, 6.0000000000, 'GST12', 5.1400000000, 0.0000000000, 0.0000000000, 'U300287T15701887648413', NULL, NULL, '2019-10-04 11:33:14', '2019-10-04 11:33:14'),
	(219, 22, 1, '1920', 'SO1', 130, 14.2857142857, 6.0000000000, 'GST12', 10.2800000000, 0.0000000000, 0.0000000000, 'U300287T15701887648413', NULL, NULL, '2019-10-04 11:33:14', '2019-10-04 11:33:14'),
	(220, 23, 1, '1920', 'SO1', 104, 21.1864406780, 6.0000000000, 'GST18', 22.8800000000, 0.0000000000, 0.0000000000, 'U300287T15701887649162', NULL, NULL, '2019-10-04 11:33:14', '2019-10-04 11:33:14'),
	(221, 23, 1, '1920', 'SO1', 190, 7.1428571429, 24.0000000000, 'GST12', 20.5800000000, 0.0000000000, 0.0000000000, 'U300287T15701887649162', NULL, NULL, '2019-10-04 11:33:14', '2019-10-04 11:33:14'),
	(222, 23, 1, '1920', 'SO1', 157, 15.2542372881, 6.0000000000, 'GST18', 16.4800000000, 0.0000000000, 0.0000000000, 'U300287T15701887649162', NULL, NULL, '2019-10-04 11:33:14', '2019-10-04 11:33:14'),
	(223, 23, 1, '1920', 'SO1', 168, 16.9491525424, 6.0000000000, 'GST18', 18.3000000000, 0.0000000000, 0.0000000000, 'U300287T15701887649162', NULL, NULL, '2019-10-04 11:33:14', '2019-10-04 11:33:14'),
	(224, 24, 1, '1920', 'SO1', 34, 547.6190476190, 1.0000000000, 'GST05', 27.3800000000, 0.0000000000, 0.0000000000, 'U300287T15701887649885', NULL, NULL, '2019-10-04 11:33:14', '2019-10-04 11:33:14'),
	(225, 24, 1, '1920', 'SO1', 28, 104.7619047619, 2.0000000000, 'GST05', 10.4800000000, 0.0000000000, 0.0000000000, 'U300287T15701887649885', NULL, NULL, '2019-10-04 11:33:14', '2019-10-04 11:33:14'),
	(226, 24, 1, '1920', 'SO1', 10, 152.3809523810, 1.0000000000, 'GST05', 7.1400000000, 9.5000000000, 0.0000000000, 'U300287T15701887649885', NULL, NULL, '2019-10-04 11:33:14', '2019-10-04 11:33:14'),
	(227, 24, 1, '1920', 'SO1', 36, 61.9047619048, 2.0000000000, 'GST05', 6.2000000000, 0.0000000000, 0.0000000000, 'U300287T15701887649885', NULL, NULL, '2019-10-04 11:33:14', '2019-10-04 11:33:14'),
	(228, 24, 1, '1920', 'SO1', 81, 43.8095238095, 6.0000000000, 'GST05', 13.1400000000, 0.0000000000, 0.0000000000, 'U300287T15701887649885', NULL, NULL, '2019-10-04 11:33:14', '2019-10-04 11:33:14'),
	(229, 24, 1, '1920', 'SO1', 39, 238.0952380952, 0.5000000000, 'GST05', 5.9600000000, 0.0000000000, 0.0000000000, 'U300287T15701887649885', NULL, NULL, '2019-10-04 11:33:14', '2019-10-04 11:33:14'),
	(230, 24, 1, '1920', 'SO1', 102, 13.5593220339, 12.0000000000, 'GST18', 29.2800000000, 0.0000000000, 0.0000000000, 'U300287T15701887649885', NULL, NULL, '2019-10-04 11:33:14', '2019-10-04 11:33:14'),
	(231, 24, 1, '1920', 'SO1', 92, 18.6440677966, 6.0000000000, 'GST18', 20.1400000000, 0.0000000000, 0.0000000000, 'U300287T15701887649885', NULL, NULL, '2019-10-04 11:33:14', '2019-10-04 11:33:14'),
	(232, 24, 1, '1920', 'SO1', 111, 17.8571428571, 6.0000000000, 'GST12', 12.8600000000, 0.0000000000, 0.0000000000, 'U300287T15701887649885', NULL, NULL, '2019-10-04 11:33:14', '2019-10-04 11:33:14'),
	(233, 24, 1, '1920', 'SO1', 110, 17.8571428571, 6.0000000000, 'GST12', 12.8600000000, 0.0000000000, 0.0000000000, 'U300287T15701887649885', NULL, NULL, '2019-10-04 11:33:15', '2019-10-04 11:33:15'),
	(234, 24, 1, '1920', 'SO1', 112, 31.2500000000, 6.0000000000, 'GST12', 22.5000000000, 0.0000000000, 0.0000000000, 'U300287T15701887649885', NULL, NULL, '2019-10-04 11:33:15', '2019-10-04 11:33:15'),
	(235, 24, 1, '1920', 'SO1', 128, 7.1428571429, 6.0000000000, 'GST12', 5.1400000000, 0.0000000000, 0.0000000000, 'U300287T15701887649885', NULL, NULL, '2019-10-04 11:33:15', '2019-10-04 11:33:15'),
	(236, 24, 1, '1920', 'SO1', 129, 7.1428571429, 6.0000000000, 'GST12', 5.1400000000, 0.0000000000, 0.0000000000, 'U300287T15701887649885', NULL, NULL, '2019-10-04 11:33:15', '2019-10-04 11:33:15'),
	(237, 24, 1, '1920', 'SO1', 130, 14.2857142857, 6.0000000000, 'GST12', 10.2800000000, 0.0000000000, 0.0000000000, 'U300287T15701887649885', NULL, NULL, '2019-10-04 11:33:15', '2019-10-04 11:33:15'),
	(238, 24, 1, '1920', 'SO1', 127, 11.6071428571, 6.0000000000, 'GST12', 8.3600000000, 0.0000000000, 0.0000000000, 'U300287T15701887649885', NULL, NULL, '2019-10-04 11:33:15', '2019-10-04 11:33:15'),
	(239, 24, 1, '1920', 'SO1', 58, 23.8095238095, 6.0000000000, 'GST05', 7.1400000000, 0.0000000000, 0.0000000000, 'U300287T15701887649885', NULL, NULL, '2019-10-04 11:33:15', '2019-10-04 11:33:15'),
	(240, 25, 1, '1920', 'SO1', 58, 23.8095238095, 5.0000000000, 'GST05', 5.9600000000, 0.0000000000, 0.0000000000, 'U300287T15701887650662', NULL, NULL, '2019-10-04 11:33:15', '2019-10-04 11:33:15'),
	(241, 25, 1, '1920', 'SO1', 50, 40.0000000000, 3.0000000000, 'GST05', 6.0000000000, 0.0000000000, 0.0000000000, 'U300287T15701887650662', NULL, NULL, '2019-10-04 11:33:15', '2019-10-04 11:33:15'),
	(242, 25, 1, '1920', 'SO1', 69, 28.5714285714, 3.0000000000, 'GST05', 4.2800000000, 0.0000000000, 0.0000000000, 'U300287T15701887650662', NULL, NULL, '2019-10-04 11:33:15', '2019-10-04 11:33:15'),
	(243, 25, 1, '1920', 'SO1', 92, 18.6440677966, 6.0000000000, 'GST18', 20.1400000000, 0.0000000000, 0.0000000000, 'U300287T15701887650662', NULL, NULL, '2019-10-04 11:33:15', '2019-10-04 11:33:15'),
	(244, 25, 1, '1920', 'SO1', 111, 17.8571428571, 3.0000000000, 'GST12', 6.4200000000, 0.0000000000, 0.0000000000, 'U300287T15701887650662', NULL, NULL, '2019-10-04 11:33:15', '2019-10-04 11:33:15'),
	(245, 25, 1, '1920', 'SO1', 110, 17.8571428571, 3.0000000000, 'GST12', 6.4200000000, 0.0000000000, 0.0000000000, 'U300287T15701887650662', NULL, NULL, '2019-10-04 11:33:15', '2019-10-04 11:33:15'),
	(246, 25, 1, '1920', 'SO1', 121, 116.0714285714, 1.0000000000, 'GST12', 13.9200000000, 0.0000000000, 0.0000000000, 'U300287T15701887650662', NULL, NULL, '2019-10-04 11:33:15', '2019-10-04 11:33:15'),
	(247, 25, 1, '1920', 'SO1', 25, 104.7619047619, 1.0000000000, 'GST05', 5.2400000000, 0.0000000000, 0.0000000000, 'U300287T15701887650662', NULL, NULL, '2019-10-04 11:33:15', '2019-10-04 11:33:15'),
	(248, 26, 1, '1920', 'SO1', 104, 21.1864406780, 6.0000000000, 'GST18', 22.8800000000, 0.0000000000, 0.0000000000, 'U300287T15701887651700', NULL, NULL, '2019-10-04 11:33:16', '2019-10-04 11:33:16'),
	(249, 26, 1, '1920', 'SO1', 69, 28.5714285714, 3.0000000000, 'GST05', 4.2800000000, 0.0000000000, 0.0000000000, 'U300287T15701887651700', NULL, NULL, '2019-10-04 11:33:16', '2019-10-04 11:33:16'),
	(250, 26, 1, '1920', 'SO1', 157, 15.2542372881, 3.0000000000, 'GST18', 8.2400000000, 0.0000000000, 0.0000000000, 'U300287T15701887651700', NULL, NULL, '2019-10-04 11:33:16', '2019-10-04 11:33:16'),
	(251, 26, 1, '1920', 'SO1', 169, 30.5084745763, 3.0000000000, 'GST18', 16.4800000000, 0.0000000000, 0.0000000000, 'U300287T15701887651700', NULL, NULL, '2019-10-04 11:33:16', '2019-10-04 11:33:16'),
	(252, 26, 1, '1920', 'SO1', 158, 15.2542372881, 6.0000000000, 'GST18', 16.4800000000, 0.0000000000, 0.0000000000, 'U300287T15701887651700', NULL, NULL, '2019-10-04 11:33:16', '2019-10-04 11:33:16'),
	(253, 26, 1, '1920', 'SO1', 162, 23.3050847458, 3.0000000000, 'GST18', 12.5800000000, 0.0000000000, 0.0000000000, 'U300287T15701887651700', NULL, NULL, '2019-10-04 11:33:16', '2019-10-04 11:33:16'),
	(254, 26, 1, '1920', 'SO1', 159, 7.6271186441, 6.0000000000, 'GST18', 8.2400000000, 0.0000000000, 0.0000000000, 'U300287T15701887651700', NULL, NULL, '2019-10-04 11:33:16', '2019-10-04 11:33:16'),
	(255, 27, 1, '1920', 'SO1', 92, 18.6440677966, 3.0000000000, 'GST18', 10.0600000000, 0.0000000000, 0.0000000000, 'U300287T15701887652745', NULL, NULL, '2019-10-04 11:33:16', '2019-10-04 11:33:16'),
	(256, 27, 1, '1920', 'SO1', 101, 21.1864406780, 3.0000000000, 'GST18', 11.4400000000, 0.0000000000, 0.0000000000, 'U300287T15701887652745', NULL, NULL, '2019-10-04 11:33:16', '2019-10-04 11:33:16'),
	(257, 27, 1, '1920', 'SO1', 78, 20.9523809524, 6.0000000000, 'GST05', 6.2800000000, 0.0000000000, 0.0000000000, 'U300287T15701887652745', NULL, NULL, '2019-10-04 11:33:16', '2019-10-04 11:33:16'),
	(258, 27, 1, '1920', 'SO1', 77, 42.8571428571, 4.0000000000, 'GST05', 8.5800000000, 0.0000000000, 0.0000000000, 'U300287T15701887652745', NULL, NULL, '2019-10-04 11:33:16', '2019-10-04 11:33:16'),
	(259, 27, 1, '1920', 'SO1', 129, 7.1428571429, 6.0000000000, 'GST12', 5.1400000000, 0.0000000000, 0.0000000000, 'U300287T15701887652745', NULL, NULL, '2019-10-04 11:33:16', '2019-10-04 11:33:16'),
	(260, 27, 1, '1920', 'SO1', 116, 49.1071428571, 1.0000000000, 'GST12', 5.9000000000, 0.0000000000, 0.0000000000, 'U300287T15701887652745', NULL, NULL, '2019-10-04 11:33:16', '2019-10-04 11:33:16'),
	(261, 27, 1, '1920', 'SO1', 117, 49.1071428571, 1.0000000000, 'GST12', 5.9000000000, 0.0000000000, 0.0000000000, 'U300287T15701887652745', NULL, NULL, '2019-10-04 11:33:16', '2019-10-04 11:33:16'),
	(262, 27, 1, '1920', 'SO1', 168, 16.9491525424, 3.0000000000, 'GST18', 9.1600000000, 0.0000000000, 0.0000000000, 'U300287T15701887652745', NULL, NULL, '2019-10-04 11:33:16', '2019-10-04 11:33:16'),
	(263, 27, 1, '1920', 'SO1', 161, 23.3050847458, 6.0000000000, 'GST18', 25.1600000000, 0.0000000000, 0.0000000000, 'U300287T15701887652745', NULL, NULL, '2019-10-04 11:33:16', '2019-10-04 11:33:16'),
	(264, 27, 1, '1920', 'SO1', 155, 22.8813559322, 6.0000000000, 'GST18', 24.7200000000, 0.0000000000, 0.0000000000, 'U300287T15701887652745', NULL, NULL, '2019-10-04 11:33:17', '2019-10-04 11:33:17'),
	(265, 27, 1, '1920', 'SO1', 169, 30.5084745763, 3.0000000000, 'GST18', 16.4800000000, 0.0000000000, 0.0000000000, 'U300287T15701887652745', NULL, NULL, '2019-10-04 11:33:17', '2019-10-04 11:33:17'),
	(266, 27, 1, '1920', 'SO1', 159, 7.6271186441, 6.0000000000, 'GST18', 8.2400000000, 0.0000000000, 0.0000000000, 'U300287T15701887652745', NULL, NULL, '2019-10-04 11:33:17', '2019-10-04 11:33:17'),
	(267, 27, 1, '1920', 'SO1', 157, 15.2542372881, 3.0000000000, 'GST18', 8.2400000000, 0.0000000000, 0.0000000000, 'U300287T15701887652745', NULL, NULL, '2019-10-04 11:33:17', '2019-10-04 11:33:17'),
	(268, 28, 1, '1920', 'SO1', 186, 7.0000000000, 30.0000000000, 'GST12', 25.2000000000, 0.0000000000, 0.0000000000, 'U300287T15701887653556', NULL, NULL, '2019-10-04 11:33:17', '2019-10-04 11:33:17'),
	(269, 28, 1, '1920', 'SO1', 137, 22.1429687500, 5.0000000000, 'GST28+', 44.2900000000, 0.0000000000, 0.0000000000, 'U300287T15701887653556', NULL, NULL, '2019-10-04 11:33:17', '2019-10-04 11:33:17'),
	(270, 29, 1, '1920', 'SO1', 58, 23.8095238095, 6.0000000000, 'GST05', 7.1400000000, 0.0000000000, 0.0000000000, 'U300287T15701887654177', NULL, NULL, '2019-10-04 11:33:17', '2019-10-04 11:33:17'),
	(271, 29, 1, '1920', 'SO1', 50, 40.0000000000, 5.0000000000, 'GST05', 10.0000000000, 0.0000000000, 0.0000000000, 'U300287T15701887654177', NULL, NULL, '2019-10-04 11:33:17', '2019-10-04 11:33:17'),
	(272, 29, 1, '1920', 'SO1', 94, 38.1355932203, 3.0000000000, 'GST18', 20.6000000000, 0.0000000000, 0.0000000000, 'U300287T15701887654177', NULL, NULL, '2019-10-04 11:33:17', '2019-10-04 11:33:17'),
	(273, 29, 1, '1920', 'SO1', 77, 42.8571428571, 3.0000000000, 'GST05', 6.4200000000, 0.0000000000, 0.0000000000, 'U300287T15701887654177', NULL, NULL, '2019-10-04 11:33:17', '2019-10-04 11:33:17'),
	(274, 29, 1, '1920', 'SO1', 162, 23.3050847458, 3.0000000000, 'GST18', 12.5800000000, 0.0000000000, 0.0000000000, 'U300287T15701887654177', NULL, NULL, '2019-10-04 11:33:17', '2019-10-04 11:33:17'),
	(275, 29, 1, '1920', 'SO1', 136, 22.1429687500, 3.0000000000, 'GST28+', 26.5700000000, 0.0000000000, 0.0000000000, 'U300287T15701887654177', NULL, NULL, '2019-10-04 11:33:17', '2019-10-04 11:33:17'),
	(276, 29, 1, '1920', 'SO1', 207, 66.9642857143, 1.0000000000, 'GST12', 8.0400000000, 0.0000000000, 0.0000000000, 'U300287T15701887654177', NULL, NULL, '2019-10-04 11:33:17', '2019-10-04 11:33:17'),
	(277, 30, 1, '1920', 'SO1', 50, 40.0000000000, 10.0000000000, 'GST05', 20.0000000000, 0.0000000000, 0.0000000000, 'U300287T15701887654826', NULL, NULL, '2019-10-04 11:33:17', '2019-10-04 11:33:17'),
	(278, 30, 1, '1920', 'SO1', 93, 42.3728813559, 12.0000000000, 'GST18', 91.5200000000, 0.0000000000, 0.0000000000, 'U300287T15701887654826', NULL, NULL, '2019-10-04 11:33:17', '2019-10-04 11:33:17'),
	(279, 30, 1, '1920', 'SO1', 92, 18.6440677966, 12.0000000000, 'GST18', 40.2800000000, 0.0000000000, 0.0000000000, 'U300287T15701887654826', NULL, NULL, '2019-10-04 11:33:17', '2019-10-04 11:33:17'),
	(280, 30, 1, '1920', 'SO1', 158, 15.2542372881, 12.0000000000, 'GST18', 32.9400000000, 0.0000000000, 0.0000000000, 'U300287T15701887654826', NULL, NULL, '2019-10-04 11:33:18', '2019-10-04 11:33:18'),
	(281, 30, 1, '1920', 'SO1', 170, 15.2542372881, 6.0000000000, 'GST18', 16.4800000000, 0.0000000000, 0.0000000000, 'U300287T15701887654826', NULL, NULL, '2019-10-04 11:33:18', '2019-10-04 11:33:18'),
	(282, 30, 1, '1920', 'SO1', 169, 30.5084745763, 10.0000000000, 'GST18', 54.9200000000, 0.0000000000, 0.0000000000, 'U300287T15701887654826', NULL, NULL, '2019-10-04 11:33:18', '2019-10-04 11:33:18'),
	(283, 30, 1, '1920', 'SO1', 102, 13.5593220339, 12.0000000000, 'GST18', 29.2800000000, 0.0000000000, 0.0000000000, 'U300287T15701887654826', NULL, NULL, '2019-10-04 11:33:18', '2019-10-04 11:33:18'),
	(284, 30, 1, '1920', 'SO1', 196, 23.3050847458, 6.0000000000, 'GST18', 25.1600000000, 0.0000000000, 0.0000000000, 'U300287T15701887654826', NULL, NULL, '2019-10-04 11:33:18', '2019-10-04 11:33:18'),
	(285, 31, 1, '1920', 'SO1', 94, 38.1355932203, 10.0000000000, 'GST18', 68.6400000000, 0.0000000000, 0.0000000000, 'U300287T15701887655373', NULL, NULL, '2019-10-04 11:33:18', '2019-10-04 11:33:18'),
	(286, 32, 1, '1920', 'SO1', 86, 76.2000000000, 10.0000000000, 'GST05', 38.1000000000, 0.0000000000, 0.0000000000, 'U300287T15701887656075', NULL, NULL, '2019-10-04 11:33:18', '2019-10-04 11:33:18'),
	(287, 32, 1, '1920', 'SO1', 91, 20.9523809524, 2.0000000000, 'GST05', 2.1000000000, 0.0000000000, 0.0000000000, 'U300287T15701887656075', NULL, NULL, '2019-10-04 11:33:18', '2019-10-04 11:33:18'),
	(288, 32, 1, '1920', 'SO1', 77, 42.8571428571, 2.0000000000, 'GST05', 4.2800000000, 0.0000000000, 0.0000000000, 'U300287T15701887656075', NULL, NULL, '2019-10-04 11:33:18', '2019-10-04 11:33:18'),
	(289, 32, 1, '1920', 'SO1', 92, 18.6440677966, 4.0000000000, 'GST18', 13.4200000000, 0.0000000000, 0.0000000000, 'U300287T15701887656075', NULL, NULL, '2019-10-04 11:33:18', '2019-10-04 11:33:18'),
	(290, 32, 1, '1920', 'SO1', 102, 13.5593220339, 6.0000000000, 'GST18', 14.6400000000, 0.0000000000, 0.0000000000, 'U300287T15701887656075', NULL, NULL, '2019-10-04 11:33:18', '2019-10-04 11:33:18'),
	(291, 32, 1, '1920', 'SO1', 36, 61.9047619048, 1.0000000000, 'GST05', 3.1000000000, 0.0000000000, 0.0000000000, 'U300287T15701887656075', NULL, NULL, '2019-10-04 11:33:18', '2019-10-04 11:33:18'),
	(292, 32, 1, '1920', 'SO1', 50, 40.0000000000, 3.0000000000, 'GST05', 6.0000000000, 0.0000000000, 0.0000000000, 'U300287T15701887656075', NULL, NULL, '2019-10-04 11:33:18', '2019-10-04 11:33:18'),
	(293, 32, 1, '1920', 'SO1', 58, 23.8095238095, 10.0000000000, 'GST05', 11.9000000000, 0.0000000000, 0.0000000000, 'U300287T15701887656075', NULL, NULL, '2019-10-04 11:33:18', '2019-10-04 11:33:18'),
	(294, 32, 1, '1920', 'SO1', 111, 17.8571428571, 3.0000000000, 'GST12', 6.4200000000, 0.0000000000, 0.0000000000, 'U300287T15701887656075', NULL, NULL, '2019-10-04 11:33:19', '2019-10-04 11:33:19'),
	(295, 32, 1, '1920', 'SO1', 110, 17.8571428571, 3.0000000000, 'GST12', 6.4200000000, 0.0000000000, 0.0000000000, 'U300287T15701887656075', NULL, NULL, '2019-10-04 11:33:19', '2019-10-04 11:33:19'),
	(296, 32, 1, '1920', 'SO1', 129, 7.1428571429, 6.0000000000, 'GST12', 5.1400000000, 0.0000000000, 0.0000000000, 'U300287T15701887656075', NULL, NULL, '2019-10-04 11:33:19', '2019-10-04 11:33:19'),
	(297, 32, 1, '1920', 'SO1', 178, 9.3220338983, 3.0000000000, 'GST18', 5.0400000000, 0.0000000000, 0.0000000000, 'U300287T15701887656075', NULL, NULL, '2019-10-04 11:33:19', '2019-10-04 11:33:19'),
	(298, 32, 1, '1920', 'SO1', 168, 16.9491525424, 10.0000000000, 'GST18', 30.5000000000, 0.0000000000, 0.0000000000, 'U300287T15701887656075', NULL, NULL, '2019-10-04 11:33:19', '2019-10-04 11:33:19'),
	(299, 32, 1, '1920', 'SO1', 157, 15.2542372881, 6.0000000000, 'GST18', 16.4800000000, 0.0000000000, 0.0000000000, 'U300287T15701887656075', NULL, NULL, '2019-10-04 11:33:19', '2019-10-04 11:33:19'),
	(300, 32, 1, '1920', 'SO1', 159, 7.6271186441, 6.0000000000, 'GST18', 8.2400000000, 0.0000000000, 0.0000000000, 'U300287T15701887656075', NULL, NULL, '2019-10-04 11:33:19', '2019-10-04 11:33:19'),
	(301, 32, 1, '1920', 'SO1', 155, 22.8813559322, 6.0000000000, 'GST18', 24.7200000000, 0.0000000000, 0.0000000000, 'U300287T15701887656075', NULL, NULL, '2019-10-04 11:33:19', '2019-10-04 11:33:19'),
	(302, 32, 1, '1920', 'SO1', 162, 23.3050847458, 4.0000000000, 'GST18', 16.7800000000, 0.0000000000, 0.0000000000, 'U300287T15701887656075', NULL, NULL, '2019-10-04 11:33:19', '2019-10-04 11:33:19'),
	(303, 32, 1, '1920', 'SO1', 209, 82.1428571429, 1.0000000000, 'GST12', 9.8600000000, 0.0000000000, 0.0000000000, 'U300287T15701887656075', NULL, NULL, '2019-10-04 11:33:19', '2019-10-04 11:33:19'),
	(304, 32, 1, '1920', 'SO1', 207, 66.9642857143, 1.0000000000, 'GST12', 8.0400000000, 0.0000000000, 0.0000000000, 'U300287T15701887656075', NULL, NULL, '2019-10-04 11:33:20', '2019-10-04 11:33:20'),
	(305, 32, 1, '1920', 'SO1', 201, 88.9830508475, 1.0000000000, 'GST18', 16.0200000000, 0.0000000000, 0.0000000000, 'U300287T15701887656075', NULL, NULL, '2019-10-04 11:33:20', '2019-10-04 11:33:20'),
	(306, 32, 1, '1920', 'SO1', 137, 22.1429687500, 4.0000000000, 'GST28+', 35.4300000000, 0.0000000000, 0.0000000000, 'U300287T15701887656075', NULL, NULL, '2019-10-04 11:33:20', '2019-10-04 11:33:20'),
	(307, 33, 1, '1920', 'SO1', 104, 21.1864406780, 12.0000000000, 'GST18', 45.7600000000, 0.0000000000, 0.0000000000, 'U300287T15701887657386', NULL, NULL, '2019-10-04 11:33:20', '2019-10-04 11:33:20'),
	(308, 33, 1, '1920', 'SO1', 101, 21.1864406780, 12.0000000000, 'GST18', 45.7600000000, 0.0000000000, 0.0000000000, 'U300287T15701887657386', NULL, NULL, '2019-10-04 11:33:20', '2019-10-04 11:33:20'),
	(309, 33, 1, '1920', 'SO1', 103, 13.9830508475, 12.0000000000, 'GST18', 30.2000000000, 0.0000000000, 0.0000000000, 'U300287T15701887657386', NULL, NULL, '2019-10-04 11:33:20', '2019-10-04 11:33:20'),
	(310, 33, 1, '1920', 'SO1', 162, 23.3050847458, 6.0000000000, 'GST18', 25.1600000000, 0.0000000000, 0.0000000000, 'U300287T15701887657386', NULL, NULL, '2019-10-04 11:33:20', '2019-10-04 11:33:20'),
	(311, 33, 1, '1920', 'SO1', 157, 15.2542372881, 6.0000000000, 'GST18', 16.4800000000, 0.0000000000, 0.0000000000, 'U300287T15701887657386', NULL, NULL, '2019-10-04 11:33:20', '2019-10-04 11:33:20'),
	(312, 33, 1, '1920', 'SO1', 45, 85.7142857143, 1.0000000000, 'GST05', 4.2800000000, 0.0000000000, 0.0000000000, 'U300287T15701887657386', NULL, NULL, '2019-10-04 11:33:20', '2019-10-04 11:33:20'),
	(313, 33, 1, '1920', 'SO1', 31, 109.5238095238, 5.0000000000, 'GST05', 27.3800000000, 0.0000000000, 0.0000000000, 'U300287T15701887657386', NULL, NULL, '2019-10-04 11:33:20', '2019-10-04 11:33:20'),
	(314, 33, 1, '1920', 'SO1', 6, 114.2857142857, 2.0000000000, 'GST05', 10.4800000000, 19.0000000000, 0.0000000000, 'U300287T15701887657386', NULL, NULL, '2019-10-04 11:33:20', '2019-10-04 11:33:20'),
	(315, 34, 1, '1920', 'SO1', 168, 16.9491525424, 6.0000000000, 'GST18', 18.3000000000, 0.0000000000, 0.0000000000, 'U300287T15701887658271', NULL, NULL, '2019-10-04 11:33:20', '2019-10-04 11:33:20'),
	(316, 34, 1, '1920', 'SO1', 50, 40.0000000000, 3.0000000000, 'GST05', 6.0000000000, 0.0000000000, 0.0000000000, 'U300287T15701887658271', NULL, NULL, '2019-10-04 11:33:20', '2019-10-04 11:33:20'),
	(317, 34, 1, '1920', 'SO1', 59, 47.6190476190, 3.0000000000, 'GST05', 7.1400000000, 0.0000000000, 0.0000000000, 'U300287T15701887658271', NULL, NULL, '2019-10-04 11:33:20', '2019-10-04 11:33:20'),
	(318, 34, 1, '1920', 'SO1', 58, 23.8095238095, 3.0000000000, 'GST05', 3.5800000000, 0.0000000000, 0.0000000000, 'U300287T15701887658271', NULL, NULL, '2019-10-04 11:33:20', '2019-10-04 11:33:20'),
	(319, 34, 1, '1920', 'SO1', 100, 23.7288135593, 6.0000000000, 'GST18', 25.6200000000, 0.0000000000, 0.0000000000, 'U300287T15701887658271', NULL, NULL, '2019-10-04 11:33:20', '2019-10-04 11:33:20'),
	(320, 34, 1, '1920', 'SO1', 207, 66.9642857143, 1.0000000000, 'GST12', 7.6800000000, 3.0000000000, 0.0000000000, 'U300287T15701887658271', NULL, NULL, '2019-10-04 11:33:21', '2019-10-04 11:33:21'),
	(321, 34, 1, '1920', 'SO1', 201, 88.9830508475, 1.0000000000, 'GST18', 16.0200000000, 0.0000000000, 0.0000000000, 'U300287T15701887658271', NULL, NULL, '2019-10-04 11:33:21', '2019-10-04 11:33:21'),
	(322, 35, 1, '1920', 'SO1', 58, 23.8095238095, 6.0000000000, 'GST05', 7.1400000000, 0.0000000000, 0.0000000000, 'U300287T15701887659019', NULL, NULL, '2019-10-04 11:33:21', '2019-10-04 11:33:21'),
	(323, 35, 1, '1920', 'SO1', 92, 18.6440677966, 6.0000000000, 'GST18', 20.1400000000, 0.0000000000, 0.0000000000, 'U300287T15701887659019', NULL, NULL, '2019-10-04 11:33:21', '2019-10-04 11:33:21'),
	(324, 35, 1, '1920', 'SO1', 100, 23.7288135593, 6.0000000000, 'GST18', 25.6200000000, 0.0000000000, 0.0000000000, 'U300287T15701887659019', NULL, NULL, '2019-10-04 11:33:21', '2019-10-04 11:33:21'),
	(325, 35, 1, '1920', 'SO1', 103, 13.9830508475, 6.0000000000, 'GST18', 15.1000000000, 0.0000000000, 0.0000000000, 'U300287T15701887659019', NULL, NULL, '2019-10-04 11:33:21', '2019-10-04 11:33:21'),
	(326, 35, 1, '1920', 'SO1', 34, 547.6190476190, 1.0000000000, 'GST05', 27.3800000000, 0.0000000000, 0.0000000000, 'U300287T15701887659019', NULL, NULL, '2019-10-04 11:33:21', '2019-10-04 11:33:21'),
	(327, 35, 1, '1920', 'SO1', 36, 61.9047619048, 1.0000000000, 'GST05', 3.1000000000, 0.0000000000, 0.0000000000, 'U300287T15701887659019', NULL, NULL, '2019-10-04 11:33:21', '2019-10-04 11:33:21'),
	(328, 35, 1, '1920', 'SO1', 69, 28.5714285714, 5.0000000000, 'GST05', 7.1400000000, 0.0000000000, 0.0000000000, 'U300287T15701887659019', NULL, NULL, '2019-10-04 11:33:21', '2019-10-04 11:33:21'),
	(329, 35, 1, '1920', 'SO1', 130, 14.2857142857, 6.0000000000, 'GST12', 10.2800000000, 0.0000000000, 0.0000000000, 'U300287T15701887659019', NULL, NULL, '2019-10-04 11:33:21', '2019-10-04 11:33:21'),
	(330, 35, 1, '1920', 'SO1', 129, 7.1428571429, 6.0000000000, 'GST12', 5.1400000000, 0.0000000000, 0.0000000000, 'U300287T15701887659019', NULL, NULL, '2019-10-04 11:33:21', '2019-10-04 11:33:21'),
	(331, 35, 1, '1920', 'SO1', 112, 31.2500000000, 3.0000000000, 'GST12', 11.2600000000, 0.0000000000, 0.0000000000, 'U300287T15701887659019', NULL, NULL, '2019-10-04 11:33:21', '2019-10-04 11:33:21'),
	(332, 35, 1, '1920', 'SO1', 111, 17.8571428571, 3.0000000000, 'GST12', 6.4200000000, 0.0000000000, 0.0000000000, 'U300287T15701887659019', NULL, NULL, '2019-10-04 11:33:21', '2019-10-04 11:33:21'),
	(333, 36, 1, '1920', 'SO1', 94, 38.1355932203, 10.0000000000, 'GST18', 68.6400000000, 0.0000000000, 0.0000000000, 'U300287T15701887659691', NULL, NULL, '2019-10-04 11:33:21', '2019-10-04 11:33:21'),
	(334, 36, 1, '1920', 'SO1', 36, 61.9047619048, 2.0000000000, 'GST05', 6.2000000000, 0.0000000000, 0.0000000000, 'U300287T15701887659691', NULL, NULL, '2019-10-04 11:33:21', '2019-10-04 11:33:21'),
	(335, 36, 1, '1920', 'SO1', 92, 18.6440677966, 6.0000000000, 'GST18', 20.1400000000, 0.0000000000, 0.0000000000, 'U300287T15701887659691', NULL, NULL, '2019-10-04 11:33:21', '2019-10-04 11:33:21'),
	(336, 36, 1, '1920', 'SO1', 104, 21.1864406780, 6.0000000000, 'GST18', 22.8800000000, 0.0000000000, 0.0000000000, 'U300287T15701887659691', NULL, NULL, '2019-10-04 11:33:22', '2019-10-04 11:33:22'),
	(337, 36, 1, '1920', 'SO1', 100, 23.7288135593, 6.0000000000, 'GST18', 25.6200000000, 0.0000000000, 0.0000000000, 'U300287T15701887659691', NULL, NULL, '2019-10-04 11:33:22', '2019-10-04 11:33:22'),
	(338, 36, 1, '1920', 'SO1', 66, 21.9047619048, 6.0000000000, 'GST05', 6.5800000000, 0.0000000000, 0.0000000000, 'U300287T15701887659691', NULL, NULL, '2019-10-04 11:33:22', '2019-10-04 11:33:22'),
	(339, 37, 1, '1920', 'SO1', 30, 109.5238095238, 1.0000000000, 'GST05', 5.4800000000, 0.0000000000, 0.0000000000, 'U300287T15701887660326', NULL, NULL, '2019-10-04 11:33:22', '2019-10-04 11:33:22'),
	(340, 37, 1, '1920', 'SO1', 28, 104.7619047619, 1.0000000000, 'GST05', 5.2400000000, 0.0000000000, 0.0000000000, 'U300287T15701887660326', NULL, NULL, '2019-10-04 11:33:22', '2019-10-04 11:33:22'),
	(341, 37, 1, '1920', 'SO1', 33, 209.5238095238, 0.5000000000, 'GST05', 5.2400000000, 0.0000000000, 0.0000000000, 'U300287T15701887660326', NULL, NULL, '2019-10-04 11:33:22', '2019-10-04 11:33:22'),
	(342, 38, 1, '1920', 'SO1', 157, 15.2542372881, 10.0000000000, 'GST18', 27.4600000000, 0.0000000000, 0.0000000000, 'U300287T15701887661298', NULL, NULL, '2019-10-04 11:33:22', '2019-10-04 11:33:22'),
	(343, 38, 1, '1920', 'SO1', 159, 7.6271186441, 6.0000000000, 'GST18', 8.2400000000, 0.0000000000, 0.0000000000, 'U300287T15701887661298', NULL, NULL, '2019-10-04 11:33:22', '2019-10-04 11:33:22'),
	(344, 38, 1, '1920', 'SO1', 168, 16.9491525424, 10.0000000000, 'GST18', 30.5000000000, 0.0000000000, 0.0000000000, 'U300287T15701887661298', NULL, NULL, '2019-10-04 11:33:22', '2019-10-04 11:33:22'),
	(345, 38, 1, '1920', 'SO1', 102, 13.5593220339, 6.0000000000, 'GST18', 14.6400000000, 0.0000000000, 0.0000000000, 'U300287T15701887661298', NULL, NULL, '2019-10-04 11:33:22', '2019-10-04 11:33:22'),
	(346, 38, 1, '1920', 'SO1', 87, 39.0476190476, 20.0000000000, 'GST05', 39.0400000000, 0.0000000000, 0.0000000000, 'U300287T15701887661298', NULL, NULL, '2019-10-04 11:33:22', '2019-10-04 11:33:22'),
	(347, 39, 1, '1920', 'SO1', 87, 39.0476190476, 6.0000000000, 'GST05', 11.7200000000, 0.0000000000, 0.0000000000, 'U300287T15701887661932', NULL, NULL, '2019-10-04 11:33:22', '2019-10-04 11:33:22'),
	(348, 39, 1, '1920', 'SO1', 186, 7.0000000000, 30.0000000000, 'GST12', 25.2000000000, 0.0000000000, 0.0000000000, 'U300287T15701887661932', NULL, NULL, '2019-10-04 11:33:22', '2019-10-04 11:33:22'),
	(349, 39, 1, '1920', 'SO1', 102, 13.5593220339, 6.0000000000, 'GST18', 14.6400000000, 0.0000000000, 0.0000000000, 'U300287T15701887661932', NULL, NULL, '2019-10-04 11:33:22', '2019-10-04 11:33:22'),
	(350, 39, 1, '1920', 'SO1', 104, 21.1864406780, 6.0000000000, 'GST18', 22.8800000000, 0.0000000000, 0.0000000000, 'U300287T15701887661932', NULL, NULL, '2019-10-04 11:33:22', '2019-10-04 11:33:22'),
	(351, 40, 1, '1920', 'SO1', 91, 20.9523809524, 6.0000000000, 'GST05', 6.2800000000, 0.0000000000, 0.0000000000, 'U300287T15701887662960', NULL, NULL, '2019-10-04 11:33:23', '2019-10-04 11:33:23'),
	(352, 40, 1, '1920', 'SO1', 90, 42.8571428571, 3.0000000000, 'GST05', 6.4200000000, 0.0000000000, 0.0000000000, 'U300287T15701887662960', NULL, NULL, '2019-10-04 11:33:23', '2019-10-04 11:33:23'),
	(353, 40, 1, '1920', 'SO1', 120, 22.3214285714, 3.0000000000, 'GST12', 8.0400000000, 0.0000000000, 0.0000000000, 'U300287T15701887662960', NULL, NULL, '2019-10-04 11:33:23', '2019-10-04 11:33:23'),
	(354, 40, 1, '1920', 'SO1', 104, 21.1864406780, 6.0000000000, 'GST18', 22.8800000000, 0.0000000000, 0.0000000000, 'U300287T15701887662960', NULL, NULL, '2019-10-04 11:33:23', '2019-10-04 11:33:23'),
	(355, 40, 1, '1920', 'SO1', 118, 160.7142857143, 1.0000000000, 'GST12', 19.2800000000, 0.0000000000, 0.0000000000, 'U300287T15701887662960', NULL, NULL, '2019-10-04 11:33:23', '2019-10-04 11:33:23'),
	(356, 40, 1, '1920', 'SO1', 119, 160.7142857143, 1.0000000000, 'GST12', 19.2800000000, 0.0000000000, 0.0000000000, 'U300287T15701887662960', NULL, NULL, '2019-10-04 11:33:23', '2019-10-04 11:33:23'),
	(357, 41, 1, '1920', 'SO1', 92, 18.6440677966, 12.0000000000, 'GST18', 40.2800000000, 0.0000000000, 0.0000000000, 'U300287T15701887663977', NULL, NULL, '2019-10-04 11:33:23', '2019-10-04 11:33:23'),
	(358, 41, 1, '1920', 'SO1', 102, 13.5593220339, 12.0000000000, 'GST18', 29.2800000000, 0.0000000000, 0.0000000000, 'U300287T15701887663977', NULL, NULL, '2019-10-04 11:33:23', '2019-10-04 11:33:23'),
	(359, 41, 1, '1920', 'SO1', 204, 19.6428571429, 6.0000000000, 'GST12', 14.1400000000, 0.0000000000, 0.0000000000, 'U300287T15701887663977', NULL, NULL, '2019-10-04 11:33:23', '2019-10-04 11:33:23'),
	(360, 41, 1, '1920', 'SO1', 90, 42.8571428571, 6.0000000000, 'GST05', 12.8600000000, 0.0000000000, 0.0000000000, 'U300287T15701887663977', NULL, NULL, '2019-10-04 11:33:23', '2019-10-04 11:33:23'),
	(361, 41, 1, '1920', 'SO1', 100, 23.7288135593, 6.0000000000, 'GST18', 25.6200000000, 0.0000000000, 0.0000000000, 'U300287T15701887663977', NULL, NULL, '2019-10-04 11:33:23', '2019-10-04 11:33:23'),
	(362, 41, 1, '1920', 'SO1', 56, 104.7619047619, 2.0000000000, 'GST05', 10.4800000000, 0.0000000000, 0.0000000000, 'U300287T15701887663977', NULL, NULL, '2019-10-04 11:33:23', '2019-10-04 11:33:23'),
	(363, 41, 1, '1920', 'SO1', 139, 59.2812500000, 3.0000000000, 'GST28+', 71.1400000000, 0.0000000000, 0.0000000000, 'U300287T15701887663977', NULL, NULL, '2019-10-04 11:33:23', '2019-10-04 11:33:23'),
	(364, 41, 1, '1920', 'SO1', 136, 22.1429687500, 6.0000000000, 'GST28+', 53.1400000000, 0.0000000000, 0.0000000000, 'U300287T15701887663977', NULL, NULL, '2019-10-04 11:33:23', '2019-10-04 11:33:23'),
	(365, 41, 1, '1920', 'SO1', 107, 160.7142857143, 1.0000000000, 'GST12', 19.2800000000, 0.0000000000, 0.0000000000, 'U300287T15701887663977', NULL, NULL, '2019-10-04 11:33:23', '2019-10-04 11:33:23'),
	(366, 42, 1, '1920', 'SO1', 94, 38.1355932203, 10.0000000000, 'GST18', 68.6400000000, 0.0000000000, 0.0000000000, 'U300287T15701887664577', NULL, NULL, '2019-10-04 11:33:24', '2019-10-04 11:33:24'),
	(367, 42, 1, '1920', 'SO1', 91, 20.9523809524, 6.0000000000, 'GST05', 6.2800000000, 0.0000000000, 0.0000000000, 'U300287T15701887664577', NULL, NULL, '2019-10-04 11:33:24', '2019-10-04 11:33:24'),
	(368, 42, 1, '1920', 'SO1', 90, 42.8571428571, 6.0000000000, 'GST05', 12.8600000000, 0.0000000000, 0.0000000000, 'U300287T15701887664577', NULL, NULL, '2019-10-04 11:33:24', '2019-10-04 11:33:24'),
	(369, 42, 1, '1920', 'SO1', 42, 71.4285714286, 2.0000000000, 'GST05', 7.1400000000, 0.0000000000, 0.0000000000, 'U300287T15701887664577', NULL, NULL, '2019-10-04 11:33:24', '2019-10-04 11:33:24'),
	(370, 42, 1, '1920', 'SO1', 58, 23.8095238095, 10.0000000000, 'GST05', 11.9000000000, 0.0000000000, 0.0000000000, 'U300287T15701887664577', NULL, NULL, '2019-10-04 11:33:24', '2019-10-04 11:33:24'),
	(371, 42, 1, '1920', 'SO1', 155, 22.8813559322, 10.0000000000, 'GST18', 41.1800000000, 0.0000000000, 0.0000000000, 'U300287T15701887664577', NULL, NULL, '2019-10-04 11:33:24', '2019-10-04 11:33:24'),
	(372, 42, 1, '1920', 'SO1', 158, 15.2542372881, 10.0000000000, 'GST18', 27.4600000000, 0.0000000000, 0.0000000000, 'U300287T15701887664577', NULL, NULL, '2019-10-04 11:33:24', '2019-10-04 11:33:24'),
	(373, 42, 1, '1920', 'SO1', 160, 7.7683559322, 10.0000000000, 'GST18', 13.9800000000, 0.0000000000, 0.0000000000, 'U300287T15701887664577', NULL, NULL, '2019-10-04 11:33:24', '2019-10-04 11:33:24'),
	(374, 43, 1, '1920', 'SO1', 186, 7.0000000000, 30.0000000000, 'GST12', 25.2000000000, 0.0000000000, 0.0000000000, 'U300287T15701887665146', NULL, NULL, '2019-10-04 11:33:24', '2019-10-04 11:33:24'),
	(375, 43, 1, '1920', 'SO1', 87, 39.0476190476, 5.0000000000, 'GST05', 9.7600000000, 0.0000000000, 0.0000000000, 'U300287T15701887665146', NULL, NULL, '2019-10-04 11:33:24', '2019-10-04 11:33:24'),
	(376, 43, 1, '1920', 'SO1', 104, 21.1864406780, 6.0000000000, 'GST18', 22.8800000000, 0.0000000000, 0.0000000000, 'U300287T15701887665146', NULL, NULL, '2019-10-04 11:33:24', '2019-10-04 11:33:24'),
	(377, 43, 1, '1920', 'SO1', 157, 15.2542372881, 6.0000000000, 'GST18', 16.4800000000, 0.0000000000, 0.0000000000, 'U300287T15701887665146', NULL, NULL, '2019-10-04 11:33:24', '2019-10-04 11:33:24'),
	(378, 44, 1, '1920', 'SO1', 91, 20.9523809524, 6.0000000000, 'GST05', 6.2800000000, 0.0000000000, 0.0000000000, 'U300287T15701887665878', NULL, NULL, '2019-10-04 11:33:24', '2019-10-04 11:33:24'),
	(379, 44, 1, '1920', 'SO1', 1, 209.5238095238, 1.0000000000, 'GST05', 10.4800000000, 0.0000000000, 0.0000000000, 'U300287T15701887665878', NULL, NULL, '2019-10-04 11:33:24', '2019-10-04 11:33:24'),
	(380, 44, 1, '1920', 'SO1', 13, 247.6190476190, 1.0000000000, 'GST05', 12.3800000000, 0.0000000000, 0.0000000000, 'U300287T15701887665878', NULL, NULL, '2019-10-04 11:33:24', '2019-10-04 11:33:24'),
	(381, 44, 1, '1920', 'SO1', 80, 100.0000000000, 3.0000000000, 'GST05', 15.0000000000, 0.0000000000, 0.0000000000, 'U300287T15701887665878', NULL, NULL, '2019-10-04 11:33:25', '2019-10-04 11:33:25'),
	(382, 44, 1, '1920', 'SO1', 66, 21.9047619048, 5.0000000000, 'GST05', 5.4800000000, 0.0000000000, 0.0000000000, 'U300287T15701887665878', NULL, NULL, '2019-10-04 11:33:25', '2019-10-04 11:33:25'),
	(383, 44, 1, '1920', 'SO1', 58, 23.8095238095, 5.0000000000, 'GST05', 5.9600000000, 0.0000000000, 0.0000000000, 'U300287T15701887665878', NULL, NULL, '2019-10-04 11:33:25', '2019-10-04 11:33:25'),
	(384, 44, 1, '1920', 'SO1', 69, 28.5714285714, 5.0000000000, 'GST05', 7.1400000000, 0.0000000000, 0.0000000000, 'U300287T15701887665878', NULL, NULL, '2019-10-04 11:33:25', '2019-10-04 11:33:25'),
	(385, 44, 1, '1920', 'SO1', 111, 17.8571428571, 5.0000000000, 'GST12', 10.7200000000, 0.0000000000, 0.0000000000, 'U300287T15701887665878', NULL, NULL, '2019-10-04 11:33:25', '2019-10-04 11:33:25'),
	(386, 44, 1, '1920', 'SO1', 112, 31.2500000000, 5.0000000000, 'GST12', 18.7600000000, 0.0000000000, 0.0000000000, 'U300287T15701887665878', NULL, NULL, '2019-10-04 11:33:25', '2019-10-04 11:33:25'),
	(387, 44, 1, '1920', 'SO1', 113, 31.2500000000, 5.0000000000, 'GST12', 18.7600000000, 0.0000000000, 0.0000000000, 'U300287T15701887665878', NULL, NULL, '2019-10-04 11:33:25', '2019-10-04 11:33:25'),
	(388, 44, 1, '1920', 'SO1', 129, 7.1428571429, 10.0000000000, 'GST12', 8.5800000000, 0.0000000000, 0.0000000000, 'U300287T15701887665878', NULL, NULL, '2019-10-04 11:33:25', '2019-10-04 11:33:25'),
	(389, 44, 1, '1920', 'SO1', 162, 23.3050847458, 6.0000000000, 'GST18', 25.1600000000, 0.0000000000, 0.0000000000, 'U300287T15701887665878', NULL, NULL, '2019-10-04 11:33:25', '2019-10-04 11:33:25'),
	(390, 44, 1, '1920', 'SO1', 158, 15.2542372881, 6.0000000000, 'GST18', 16.4800000000, 0.0000000000, 0.0000000000, 'U300287T15701887665878', NULL, NULL, '2019-10-04 11:33:25', '2019-10-04 11:33:25'),
	(391, 44, 1, '1920', 'SO1', 161, 23.3050847458, 10.0000000000, 'GST18', 41.9400000000, 0.0000000000, 0.0000000000, 'U300287T15701887665878', NULL, NULL, '2019-10-04 11:33:25', '2019-10-04 11:33:25'),
	(392, 44, 1, '1920', 'SO1', 136, 22.1429687500, 6.0000000000, 'GST28+', 53.1400000000, 0.0000000000, 0.0000000000, 'U300287T15701887665878', NULL, NULL, '2019-10-04 11:33:25', '2019-10-04 11:33:25'),
	(393, 45, 1, '1920', 'SO1', 2, 123.8095238095, 1.0000000000, 'GST05', 6.2000000000, 0.0000000000, 0.0000000000, 'U300287T15701887666563', NULL, NULL, '2019-10-04 11:33:25', '2019-10-04 11:33:25'),
	(394, 45, 1, '1920', 'SO1', 10, 152.3809523810, 1.0000000000, 'GST05', 7.1400000000, 9.5000000000, 0.0000000000, 'U300287T15701887666563', NULL, NULL, '2019-10-04 11:33:25', '2019-10-04 11:33:25'),
	(395, 46, 1, '1920', 'SO1', 193, 55.0847457627, 6.0000000000, 'GST18', 59.5000000000, 0.0000000000, 0.0000000000, 'U300287T15701887667119', NULL, NULL, '2019-10-04 11:33:25', '2019-10-04 11:33:25'),
	(396, 46, 1, '1920', 'SO1', 104, 21.1864406780, 12.0000000000, 'GST18', 45.7600000000, 0.0000000000, 0.0000000000, 'U300287T15701887667119', NULL, NULL, '2019-10-04 11:33:25', '2019-10-04 11:33:25'),
	(397, 46, 1, '1920', 'SO1', 101, 21.1864406780, 6.0000000000, 'GST18', 22.8800000000, 0.0000000000, 0.0000000000, 'U300287T15701887667119', NULL, NULL, '2019-10-04 11:33:26', '2019-10-04 11:33:26'),
	(398, 46, 1, '1920', 'SO1', 138, 22.1429687500, 3.0000000000, 'GST28+', 26.5700000000, 0.0000000000, 0.0000000000, 'U300287T15701887667119', NULL, NULL, '2019-10-04 11:33:26', '2019-10-04 11:33:26'),
	(399, 46, 1, '1920', 'SO1', 137, 22.1429687500, 3.0000000000, 'GST28+', 26.5700000000, 0.0000000000, 0.0000000000, 'U300287T15701887667119', NULL, NULL, '2019-10-04 11:33:26', '2019-10-04 11:33:26'),
	(400, 46, 1, '1920', 'SO1', 136, 22.1429687500, 6.0000000000, 'GST28+', 53.1400000000, 0.0000000000, 0.0000000000, 'U300287T15701887667119', NULL, NULL, '2019-10-04 11:33:26', '2019-10-04 11:33:26'),
	(401, 46, 1, '1920', 'SO1', 139, 59.2812500000, 3.0000000000, 'GST28+', 71.1400000000, 0.0000000000, 0.0000000000, 'U300287T15701887667119', NULL, NULL, '2019-10-04 11:33:26', '2019-10-04 11:33:26'),
	(402, 47, 1, '1920', 'SO1', 7, 113.3333333333, 1.0000000000, 'GST05', 5.2400000000, 8.5000000000, 0.0000000000, 'U300287T15701887668168', NULL, NULL, '2019-10-04 11:33:26', '2019-10-04 11:33:26'),
	(403, 47, 1, '1920', 'SO1', 69, 28.5714285714, 6.0000000000, 'GST05', 8.5800000000, 0.0000000000, 0.0000000000, 'U300287T15701887668168', NULL, NULL, '2019-10-04 11:33:26', '2019-10-04 11:33:26'),
	(404, 47, 1, '1920', 'SO1', 95, 7.0593220339, 6.0000000000, 'GST18', 7.6200000000, 0.0000000000, 0.0000000000, 'U300287T15701887668168', NULL, NULL, '2019-10-04 11:33:26', '2019-10-04 11:33:26'),
	(405, 47, 1, '1920', 'SO1', 100, 23.7288135593, 6.0000000000, 'GST18', 25.6200000000, 0.0000000000, 0.0000000000, 'U300287T15701887668168', NULL, NULL, '2019-10-04 11:33:26', '2019-10-04 11:33:26'),
	(406, 47, 1, '1920', 'SO1', 168, 16.9491525424, 6.0000000000, 'GST18', 18.3000000000, 0.0000000000, 0.0000000000, 'U300287T15701887668168', NULL, NULL, '2019-10-04 11:33:26', '2019-10-04 11:33:26'),
	(407, 47, 1, '1920', 'SO1', 160, 7.7683559322, 6.0000000000, 'GST18', 8.3800000000, 0.0000000000, 0.0000000000, 'U300287T15701887668168', NULL, NULL, '2019-10-04 11:33:26', '2019-10-04 11:33:26'),
	(408, 48, 1, '1920', 'SO1', 87, 39.0476190476, 5.0000000000, 'GST05', 9.7600000000, 0.0000000000, 0.0000000000, 'U300287T15701887669147', NULL, NULL, '2019-10-04 11:33:26', '2019-10-04 11:33:26'),
	(409, 48, 1, '1920', 'SO1', 102, 13.5593220339, 6.0000000000, 'GST18', 14.6400000000, 0.0000000000, 0.0000000000, 'U300287T15701887669147', NULL, NULL, '2019-10-04 11:33:26', '2019-10-04 11:33:26'),
	(410, 48, 1, '1920', 'SO1', 176, 161.9047619048, 1.0000000000, 'GST05', 8.1000000000, 0.0000000000, 0.0000000000, 'U300287T15701887669147', NULL, NULL, '2019-10-04 11:33:26', '2019-10-04 11:33:26'),
	(411, 48, 1, '1920', 'SO1', 160, 7.7683559322, 6.0000000000, 'GST18', 8.3800000000, 0.0000000000, 0.0000000000, 'U300287T15701887669147', NULL, NULL, '2019-10-04 11:33:26', '2019-10-04 11:33:26'),
	(412, 48, 1, '1920', 'SO1', 170, 15.2542372881, 3.0000000000, 'GST18', 8.2400000000, 0.0000000000, 0.0000000000, 'U300287T15701887669147', NULL, NULL, '2019-10-04 11:33:26', '2019-10-04 11:33:26'),
	(413, 49, 1, '1920', 'SO1', 204, 19.6428571429, 6.0000000000, 'GST12', 14.1400000000, 0.0000000000, 0.0000000000, 'U300287T15701887670159', NULL, NULL, '2019-10-04 11:33:27', '2019-10-04 11:33:27'),
	(414, 49, 1, '1920', 'SO1', 69, 28.5714285714, 6.0000000000, 'GST05', 8.5800000000, 0.0000000000, 0.0000000000, 'U300287T15701887670159', NULL, NULL, '2019-10-04 11:33:27', '2019-10-04 11:33:27'),
	(415, 49, 1, '1920', 'SO1', 56, 104.7619047619, 3.0000000000, 'GST05', 15.7200000000, 0.0000000000, 0.0000000000, 'U300287T15701887670159', NULL, NULL, '2019-10-04 11:33:27', '2019-10-04 11:33:27'),
	(416, 49, 1, '1920', 'SO1', 36, 61.9047619048, 1.0000000000, 'GST05', 3.1000000000, 0.0000000000, 0.0000000000, 'U300287T15701887670159', NULL, NULL, '2019-10-04 11:33:27', '2019-10-04 11:33:27'),
	(417, 49, 1, '1920', 'SO1', 37, 61.9047619048, 1.0000000000, 'GST05', 3.1000000000, 0.0000000000, 0.0000000000, 'U300287T15701887670159', NULL, NULL, '2019-10-04 11:33:27', '2019-10-04 11:33:27'),
	(418, 49, 1, '1920', 'SO1', 10, 152.3809523810, 1.0000000000, 'GST05', 7.1400000000, 9.5000000000, 0.0000000000, 'U300287T15701887670159', NULL, NULL, '2019-10-04 11:33:27', '2019-10-04 11:33:27'),
	(419, 49, 1, '1920', 'SO1', 28, 104.7619047619, 2.0000000000, 'GST05', 10.4800000000, 0.0000000000, 0.0000000000, 'U300287T15701887670159', NULL, NULL, '2019-10-04 11:33:27', '2019-10-04 11:33:27'),
	(420, 49, 1, '1920', 'SO1', 165, 15.2542372881, 6.0000000000, 'GST18', 16.4800000000, 0.0000000000, 0.0000000000, 'U300287T15701887670159', NULL, NULL, '2019-10-04 11:33:27', '2019-10-04 11:33:27'),
	(421, 49, 1, '1920', 'SO1', 169, 30.5084745763, 3.0000000000, 'GST18', 16.4800000000, 0.0000000000, 0.0000000000, 'U300287T15701887670159', NULL, NULL, '2019-10-04 11:33:27', '2019-10-04 11:33:27'),
	(422, 49, 1, '1920', 'SO1', 158, 15.2542372881, 6.0000000000, 'GST18', 16.4800000000, 0.0000000000, 0.0000000000, 'U300287T15701887670159', NULL, NULL, '2019-10-04 11:33:27', '2019-10-04 11:33:27'),
	(423, 49, 1, '1920', 'SO1', 168, 16.9491525424, 6.0000000000, 'GST18', 18.3000000000, 0.0000000000, 0.0000000000, 'U300287T15701887670159', NULL, NULL, '2019-10-04 11:33:27', '2019-10-04 11:33:27'),
	(424, 49, 1, '1920', 'SO1', 207, 66.9642857143, 1.0000000000, 'GST12', 8.0400000000, 0.0000000000, 0.0000000000, 'U300287T15701887670159', NULL, NULL, '2019-10-04 11:33:27', '2019-10-04 11:33:27'),
	(425, 49, 1, '1920', 'SO1', 209, 82.1428571429, 1.0000000000, 'GST12', 9.8600000000, 0.0000000000, 0.0000000000, 'U300287T15701887670159', NULL, NULL, '2019-10-04 11:33:27', '2019-10-04 11:33:27'),
	(426, 50, 1, '1920', 'SO1', 161, 23.3050847458, 6.0000000000, 'GST18', 25.1600000000, 0.0000000000, 0.0000000000, 'U300287T15701887670819', NULL, NULL, '2019-10-04 11:33:27', '2019-10-04 11:33:27'),
	(427, 50, 1, '1920', 'SO1', 168, 16.9491525424, 6.0000000000, 'GST18', 18.3000000000, 0.0000000000, 0.0000000000, 'U300287T15701887670819', NULL, NULL, '2019-10-04 11:33:27', '2019-10-04 11:33:27'),
	(428, 50, 1, '1920', 'SO1', 157, 15.2542372881, 6.0000000000, 'GST18', 16.4800000000, 0.0000000000, 0.0000000000, 'U300287T15701887670819', NULL, NULL, '2019-10-04 11:33:27', '2019-10-04 11:33:27'),
	(429, 51, 1, '1920', 'SO1', 92, 18.6440677966, 12.0000000000, 'GST18', 40.2800000000, 0.0000000000, 0.0000000000, 'U300287T15701887671881', NULL, NULL, '2019-10-04 11:33:28', '2019-10-04 11:33:28'),
	(430, 51, 1, '1920', 'SO1', 102, 13.5593220339, 6.0000000000, 'GST18', 14.6400000000, 0.0000000000, 0.0000000000, 'U300287T15701887671881', NULL, NULL, '2019-10-04 11:33:28', '2019-10-04 11:33:28'),
	(431, 51, 1, '1920', 'SO1', 186, 7.0000000000, 30.0000000000, 'GST12', 25.2000000000, 0.0000000000, 0.0000000000, 'U300287T15701887671881', NULL, NULL, '2019-10-04 11:33:28', '2019-10-04 11:33:28'),
	(432, 51, 1, '1920', 'SO1', 151, 27.0000000000, 6.0000000000, 'GST00', 0.0000000000, 0.0000000000, 0.0000000000, 'U300287T15701887671881', NULL, NULL, '2019-10-04 11:33:28', '2019-10-04 11:33:28'),
	(433, 51, 1, '1920', 'SO1', 104, 21.1864406780, 6.0000000000, 'GST18', 22.8800000000, 0.0000000000, 0.0000000000, 'U300287T15701887671881', NULL, NULL, '2019-10-04 11:33:28', '2019-10-04 11:33:28'),
	(434, 51, 1, '1920', 'SO1', 165, 15.2542372881, 6.0000000000, 'GST18', 16.4800000000, 0.0000000000, 0.0000000000, 'U300287T15701887671881', NULL, NULL, '2019-10-04 11:33:28', '2019-10-04 11:33:28'),
	(435, 51, 1, '1920', 'SO1', 170, 15.2542372881, 6.0000000000, 'GST18', 16.4800000000, 0.0000000000, 0.0000000000, 'U300287T15701887671881', NULL, NULL, '2019-10-04 11:33:28', '2019-10-04 11:33:28'),
	(436, 51, 1, '1920', 'SO1', 159, 7.6271186441, 6.0000000000, 'GST18', 8.2400000000, 0.0000000000, 0.0000000000, 'U300287T15701887671881', NULL, NULL, '2019-10-04 11:33:28', '2019-10-04 11:33:28'),
	(437, 52, 1, '1920', 'SO1', 32, 133.3333333333, 1.0000000000, 'GST05', 6.6600000000, 0.0000000000, 0.0000000000, 'U300287T15701887672643', NULL, NULL, '2019-10-04 11:33:28', '2019-10-04 11:33:28'),
	(438, 52, 1, '1920', 'SO1', 36, 61.9047619048, 2.0000000000, 'GST05', 6.2000000000, 0.0000000000, 0.0000000000, 'U300287T15701887672643', NULL, NULL, '2019-10-04 11:33:28', '2019-10-04 11:33:28'),
	(439, 52, 1, '1920', 'SO1', 56, 104.7619047619, 1.0000000000, 'GST05', 5.2400000000, 0.0000000000, 0.0000000000, 'U300287T15701887672643', NULL, NULL, '2019-10-04 11:33:28', '2019-10-04 11:33:28'),
	(440, 52, 1, '1920', 'SO1', 57, 81.0000000000, 1.0000000000, 'GST05', 4.0600000000, 0.0000000000, 0.0000000000, 'U300287T15701887672643', NULL, NULL, '2019-10-04 11:33:28', '2019-10-04 11:33:28'),
	(441, 52, 1, '1920', 'SO1', 58, 23.8095238095, 5.0000000000, 'GST05', 5.9600000000, 0.0000000000, 0.0000000000, 'U300287T15701887672643', NULL, NULL, '2019-10-04 11:33:28', '2019-10-04 11:33:28'),
	(442, 52, 1, '1920', 'SO1', 53, 20.9523809524, 5.0000000000, 'GST05', 5.2400000000, 0.0000000000, 0.0000000000, 'U300287T15701887672643', NULL, NULL, '2019-10-04 11:33:28', '2019-10-04 11:33:28'),
	(443, 52, 1, '1920', 'SO1', 13, 247.6190476190, 0.5000000000, 'GST05', 6.2000000000, 0.0000000000, 0.0000000000, 'U300287T15701887672643', NULL, NULL, '2019-10-04 11:33:28', '2019-10-04 11:33:28'),
	(444, 52, 1, '1920', 'SO1', 92, 18.6440677966, 12.0000000000, 'GST18', 40.2800000000, 0.0000000000, 0.0000000000, 'U300287T15701887672643', NULL, NULL, '2019-10-04 11:33:29', '2019-10-04 11:33:29'),
	(445, 52, 1, '1920', 'SO1', 104, 21.1864406780, 12.0000000000, 'GST18', 45.7600000000, 0.0000000000, 0.0000000000, 'U300287T15701887672643', NULL, NULL, '2019-10-04 11:33:29', '2019-10-04 11:33:29'),
	(446, 52, 1, '1920', 'SO1', 102, 13.5593220339, 12.0000000000, 'GST18', 29.2800000000, 0.0000000000, 0.0000000000, 'U300287T15701887672643', NULL, NULL, '2019-10-04 11:33:29', '2019-10-04 11:33:29'),
	(447, 52, 1, '1920', 'SO1', 90, 42.8571428571, 3.0000000000, 'GST05', 6.4200000000, 0.0000000000, 0.0000000000, 'U300287T15701887672643', NULL, NULL, '2019-10-04 11:33:29', '2019-10-04 11:33:29'),
	(448, 52, 1, '1920', 'SO1', 91, 20.9523809524, 6.0000000000, 'GST05', 6.2800000000, 0.0000000000, 0.0000000000, 'U300287T15701887672643', NULL, NULL, '2019-10-04 11:33:29', '2019-10-04 11:33:29'),
	(449, 52, 1, '1920', 'SO1', 93, 42.3728813559, 3.0000000000, 'GST18', 22.8800000000, 0.0000000000, 0.0000000000, 'U300287T15701887672643', NULL, NULL, '2019-10-04 11:33:29', '2019-10-04 11:33:29'),
	(450, 52, 1, '1920', 'SO1', 169, 30.5084745763, 3.0000000000, 'GST18', 16.4800000000, 0.0000000000, 0.0000000000, 'U300287T15701887672643', NULL, NULL, '2019-10-04 11:33:29', '2019-10-04 11:33:29'),
	(451, 52, 1, '1920', 'SO1', 165, 15.2542372881, 6.0000000000, 'GST18', 16.4800000000, 0.0000000000, 0.0000000000, 'U300287T15701887672643', NULL, NULL, '2019-10-04 11:33:29', '2019-10-04 11:33:29'),
	(452, 52, 1, '1920', 'SO1', 157, 15.2542372881, 3.0000000000, 'GST18', 8.2400000000, 0.0000000000, 0.0000000000, 'U300287T15701887672643', NULL, NULL, '2019-10-04 11:33:29', '2019-10-04 11:33:29'),
	(453, 52, 1, '1920', 'SO1', 158, 15.2542372881, 3.0000000000, 'GST18', 8.2400000000, 0.0000000000, 0.0000000000, 'U300287T15701887672643', NULL, NULL, '2019-10-04 11:33:29', '2019-10-04 11:33:29'),
	(454, 52, 1, '1920', 'SO1', 129, 7.1428571429, 3.0000000000, 'GST12', 2.5800000000, 0.0000000000, 0.0000000000, 'U300287T15701887672643', NULL, NULL, '2019-10-04 11:33:29', '2019-10-04 11:33:29'),
	(455, 52, 1, '1920', 'SO1', 174, 171.4285714286, 0.5000000000, 'GST05', 4.2800000000, 0.0000000000, 0.0000000000, 'U300287T15701887672643', NULL, NULL, '2019-10-04 11:33:29', '2019-10-04 11:33:29'),
	(456, 52, 1, '1920', 'SO1', 28, 104.7619047619, 1.0000000000, 'GST05', 5.2400000000, 0.0000000000, 0.0000000000, 'U300287T15701887672643', NULL, NULL, '2019-10-04 11:33:30', '2019-10-04 11:33:30'),
	(457, 53, 1, '1920', 'SO1', 157, 15.2542372881, 6.0000000000, 'GST18', 16.4800000000, 0.0000000000, 0.0000000000, 'U300287T15701887673387', NULL, NULL, '2019-10-04 11:33:30', '2019-10-04 11:33:30'),
	(458, 53, 1, '1920', 'SO1', 160, 7.7683559322, 6.0000000000, 'GST18', 8.3800000000, 0.0000000000, 0.0000000000, 'U300287T15701887673387', NULL, NULL, '2019-10-04 11:33:30', '2019-10-04 11:33:30'),
	(459, 53, 1, '1920', 'SO1', 170, 15.2542372881, 6.0000000000, 'GST18', 16.4800000000, 0.0000000000, 0.0000000000, 'U300287T15701887673387', NULL, NULL, '2019-10-04 11:33:30', '2019-10-04 11:33:30'),
	(460, 53, 1, '1920', 'SO1', 104, 21.1864406780, 6.0000000000, 'GST18', 22.8800000000, 0.0000000000, 0.0000000000, 'U300287T15701887673387', NULL, NULL, '2019-10-04 11:33:30', '2019-10-04 11:33:30'),
	(461, 53, 1, '1920', 'SO1', 207, 66.9642857143, 1.0000000000, 'GST12', 8.0400000000, 0.0000000000, 0.0000000000, 'U300287T15701887673387', NULL, NULL, '2019-10-04 11:33:30', '2019-10-04 11:33:30'),
	(462, 53, 1, '1920', 'SO1', 201, 88.9830508475, 1.0000000000, 'GST18', 16.0200000000, 0.0000000000, 0.0000000000, 'U300287T15701887673387', NULL, NULL, '2019-10-04 11:33:30', '2019-10-04 11:33:30'),
	(463, 54, 1, '1920', 'SO1', 104, 21.1864406780, 6.0000000000, 'GST18', 22.8800000000, 0.0000000000, 0.0000000000, 'U300287T15701887673898', NULL, NULL, '2019-10-04 11:33:30', '2019-10-04 11:33:30'),
	(464, 54, 1, '1920', 'SO1', 102, 13.5593220339, 6.0000000000, 'GST18', 14.6400000000, 0.0000000000, 0.0000000000, 'U300287T15701887673898', NULL, NULL, '2019-10-04 11:33:30', '2019-10-04 11:33:30'),
	(465, 54, 1, '1920', 'SO1', 4, 122.8571428571, 2.0000000000, 'GST05', 11.7800000000, 10.0000000000, 0.0000000000, 'U300287T15701887673898', NULL, NULL, '2019-10-04 11:33:30', '2019-10-04 11:33:30'),
	(466, 54, 1, '1920', 'SO1', 110, 17.8571428571, 3.0000000000, 'GST12', 6.4200000000, 0.0000000000, 0.0000000000, 'U300287T15701887673898', NULL, NULL, '2019-10-04 11:33:30', '2019-10-04 11:33:30'),
	(467, 54, 1, '1920', 'SO1', 113, 31.2500000000, 3.0000000000, 'GST12', 11.2600000000, 0.0000000000, 0.0000000000, 'U300287T15701887673898', NULL, NULL, '2019-10-04 11:33:30', '2019-10-04 11:33:30'),
	(468, 54, 1, '1920', 'SO1', 112, 31.2500000000, 3.0000000000, 'GST12', 11.2600000000, 0.0000000000, 0.0000000000, 'U300287T15701887673898', NULL, NULL, '2019-10-04 11:33:30', '2019-10-04 11:33:30'),
	(469, 55, 1, '1920', 'SO1', 93, 42.3728813559, 12.0000000000, 'GST18', 91.5200000000, 0.0000000000, 0.0000000000, 'U300287T15701887674620', NULL, NULL, '2019-10-04 11:33:30', '2019-10-04 11:33:30'),
	(470, 55, 1, '1920', 'SO1', 139, 59.2812500000, 3.0000000000, 'GST28+', 71.1400000000, 0.0000000000, 0.0000000000, 'U300287T15701887674620', NULL, NULL, '2019-10-04 11:33:30', '2019-10-04 11:33:30'),
	(471, 55, 1, '1920', 'SO1', 141, 59.2812500000, 3.0000000000, 'GST28+', 71.1400000000, 0.0000000000, 0.0000000000, 'U300287T15701887674620', NULL, NULL, '2019-10-04 11:33:30', '2019-10-04 11:33:30'),
	(472, 55, 1, '1920', 'SO1', 143, 59.2812500000, 3.0000000000, 'GST28+', 71.1400000000, 0.0000000000, 0.0000000000, 'U300287T15701887674620', NULL, NULL, '2019-10-04 11:33:31', '2019-10-04 11:33:31'),
	(473, 55, 1, '1920', 'SO1', 136, 22.1429687500, 10.0000000000, 'GST28+', 88.5700000000, 0.0000000000, 0.0000000000, 'U300287T15701887674620', NULL, NULL, '2019-10-04 11:33:31', '2019-10-04 11:33:31'),
	(474, 55, 1, '1920', 'SO1', 138, 22.1429687500, 10.0000000000, 'GST28+', 88.5700000000, 0.0000000000, 0.0000000000, 'U300287T15701887674620', NULL, NULL, '2019-10-04 11:33:31', '2019-10-04 11:33:31'),
	(475, 55, 1, '1920', 'SO1', 137, 22.1429687500, 10.0000000000, 'GST28+', 88.5700000000, 0.0000000000, 0.0000000000, 'U300287T15701887674620', NULL, NULL, '2019-10-04 11:33:31', '2019-10-04 11:33:31'),
	(476, 55, 1, '1920', 'SO1', 158, 15.2542372881, 10.0000000000, 'GST18', 27.4600000000, 0.0000000000, 0.0000000000, 'U300287T15701887674620', NULL, NULL, '2019-10-04 11:33:31', '2019-10-04 11:33:31'),
	(477, 55, 1, '1920', 'SO1', 157, 15.2542372881, 10.0000000000, 'GST18', 27.4600000000, 0.0000000000, 0.0000000000, 'U300287T15701887674620', NULL, NULL, '2019-10-04 11:33:31', '2019-10-04 11:33:31'),
	(478, 55, 1, '1920', 'SO1', 161, 23.3050847458, 10.0000000000, 'GST18', 41.9400000000, 0.0000000000, 0.0000000000, 'U300287T15701887674620', NULL, NULL, '2019-10-04 11:33:31', '2019-10-04 11:33:31'),
	(479, 55, 1, '1920', 'SO1', 169, 30.5084745763, 10.0000000000, 'GST18', 54.9200000000, 0.0000000000, 0.0000000000, 'U300287T15701887674620', NULL, NULL, '2019-10-04 11:33:31', '2019-10-04 11:33:31'),
	(480, 55, 1, '1920', 'SO1', 102, 13.5593220339, 12.0000000000, 'GST18', 29.2800000000, 0.0000000000, 0.0000000000, 'U300287T15701887674620', NULL, NULL, '2019-10-04 11:33:31', '2019-10-04 11:33:31'),
	(481, 55, 1, '1920', 'SO1', 104, 21.1864406780, 12.0000000000, 'GST18', 45.7600000000, 0.0000000000, 0.0000000000, 'U300287T15701887674620', NULL, NULL, '2019-10-04 11:33:31', '2019-10-04 11:33:31'),
	(482, 55, 1, '1920', 'SO1', 45, 85.7142857143, 1.0000000000, 'GST05', 4.2800000000, 0.0000000000, 0.0000000000, 'U300287T15701887674620', NULL, NULL, '2019-10-04 11:33:31', '2019-10-04 11:33:31'),
	(483, 56, 1, '1920', 'SO1', 69, 28.5714285714, 10.0000000000, 'GST05', 14.2800000000, 0.0000000000, 0.0000000000, 'U300287T15701887675131', NULL, NULL, '2019-10-04 11:33:31', '2019-10-04 11:33:31');
/*!40000 ALTER TABLE `sales_order_items` ENABLE KEYS */;

-- Dumping structure for table appframe.settings
DROP TABLE IF EXISTS `settings`;
CREATE TABLE IF NOT EXISTS `settings` (
  `id` bigint(20) unsigned NOT NULL AUTO_INCREMENT,
  `name` varchar(64) COLLATE utf8mb4_unicode_ci DEFAULT NULL,
  `description` varchar(1024) COLLATE utf8mb4_unicode_ci DEFAULT NULL,
  `value` varchar(256) COLLATE utf8mb4_unicode_ci DEFAULT NULL,
  `status` enum('Active','Inactive') COLLATE utf8mb4_unicode_ci DEFAULT 'Active',
  `created_by` bigint(20) unsigned DEFAULT NULL,
  `updated_by` bigint(20) unsigned DEFAULT NULL,
  `created_at` timestamp NULL DEFAULT NULL,
  `updated_at` timestamp NULL DEFAULT NULL,
  PRIMARY KEY (`id`),
  KEY `settings_name_index` (`name`),
  KEY `settings_created_by_index` (`created_by`),
  KEY `settings_updated_by_index` (`updated_by`),
  CONSTRAINT `settings_updated_by_foreign` FOREIGN KEY (`updated_by`) REFERENCES `users` (`id`) ON DELETE SET NULL ON UPDATE CASCADE,
  CONSTRAINT `settings_created_by_foreign` FOREIGN KEY (`created_by`) REFERENCES `users` (`id`) ON DELETE SET NULL ON UPDATE CASCADE
) ENGINE=InnoDB DEFAULT CHARSET=utf8mb4 COLLATE=utf8mb4_unicode_ci;

-- Dumping data for table appframe.settings: ~0 rows (approximately)
DELETE FROM `settings`;
/*!40000 ALTER TABLE `settings` DISABLE KEYS */;
/*!40000 ALTER TABLE `settings` ENABLE KEYS */;

-- Dumping structure for table appframe.setup
DROP TABLE IF EXISTS `setup`;
CREATE TABLE IF NOT EXISTS `setup` (
  `id` bigint(20) unsigned NOT NULL AUTO_INCREMENT,
  `CODE` char(15) COLLATE utf8mb4_unicode_ci DEFAULT NULL,
  `DBTYPE` enum('Normal','DistributedServer','DistributedClient') COLLATE utf8mb4_unicode_ci DEFAULT 'Normal',
  `PASSWORDENCODING` enum('Utf8','Utf16') COLLATE utf8mb4_unicode_ci NOT NULL DEFAULT 'Utf16',
  `QUANTITY_DECIMAL` decimal(10,0) DEFAULT '0',
  `RATE_DECIMAL` decimal(10,0) DEFAULT '2',
  `AMOUNT_DECIMAL` decimal(10,0) DEFAULT '2',
  `CURRENCY_DECIMAL` decimal(10,0) DEFAULT '6',
  `QUANTITY_SEPARATOR` enum('Yes','No') COLLATE utf8mb4_unicode_ci DEFAULT NULL,
  `RATE_SEPARATOR` enum('Yes','No') COLLATE utf8mb4_unicode_ci DEFAULT NULL,
  `AMOUNT_SEPARATOR` enum('Yes','No') COLLATE utf8mb4_unicode_ci DEFAULT NULL,
  `CURRENCY_SEPARATOR` enum('Yes','No') COLLATE utf8mb4_unicode_ci DEFAULT NULL,
  `DOCDATE_FORMAT` varchar(30) COLLATE utf8mb4_unicode_ci DEFAULT 'dd-MM-yyyy',
  `REFDATE_FORMAT` varchar(30) COLLATE utf8mb4_unicode_ci DEFAULT 'dd-MM-yyyy',
  `CHQDATE_FORMAT` varchar(30) COLLATE utf8mb4_unicode_ci DEFAULT 'dd-MM-yyyy',
  `OTHDATE_FORMAT` varchar(30) COLLATE utf8mb4_unicode_ci DEFAULT 'dd-MM-yyyy',
  `CURRENCYDENOMINATION` varchar(200) COLLATE utf8mb4_unicode_ci DEFAULT NULL,
  `MULTICOMPANY` enum('Yes','No') COLLATE utf8mb4_unicode_ci DEFAULT 'No',
  `MULTIBRANCH` enum('Yes','No') COLLATE utf8mb4_unicode_ci DEFAULT 'No',
  `MULTICURRENCY` enum('Yes','No') COLLATE utf8mb4_unicode_ci DEFAULT 'No',
  `MULTIPRINT` enum('Yes','No') COLLATE utf8mb4_unicode_ci DEFAULT 'No',
  `MULTISTORE` enum('Yes','No') COLLATE utf8mb4_unicode_ci DEFAULT 'No',
  `MULTIUNIT` enum('Yes','No') COLLATE utf8mb4_unicode_ci DEFAULT 'No',
  `SHIFTMANAGEMENT` enum('Yes','No') COLLATE utf8mb4_unicode_ci DEFAULT 'No',
  `BUSINESSKEY` varchar(60) COLLATE utf8mb4_unicode_ci DEFAULT NULL,
  `INVACCPOSTING` enum('ExactValue','RoundedValue') COLLATE utf8mb4_unicode_ci DEFAULT 'ExactValue',
  `ITEMCACHE` enum('Yes','No') COLLATE utf8mb4_unicode_ci DEFAULT 'No',
  `NEGATIVESTOCK` enum('Allow','Block','Question','User') COLLATE utf8mb4_unicode_ci DEFAULT 'Allow',
  `POQTYUDATE` varchar(200) COLLATE utf8mb4_unicode_ci DEFAULT NULL,
  `SOQTYUDATE` varchar(200) COLLATE utf8mb4_unicode_ci DEFAULT NULL,
  `PRODUCTION` enum('None','Simple','Standard','Advanced') COLLATE utf8mb4_unicode_ci DEFAULT 'None',
  `PRODUCTIONCOSTUPDATION` enum('Auto','None') COLLATE utf8mb4_unicode_ci DEFAULT 'None',
  `PRODUCTIONNARRATION` enum('Public','Protected') COLLATE utf8mb4_unicode_ci DEFAULT 'Protected',
  `DEFAULTBRANCH` char(15) COLLATE utf8mb4_unicode_ci DEFAULT 'HO',
  `DEFAULTUNIT` char(15) COLLATE utf8mb4_unicode_ci DEFAULT 'PCS',
  `TAX` enum('Yes','No') COLLATE utf8mb4_unicode_ci DEFAULT 'Yes',
  `TAX02` enum('Yes','No') COLLATE utf8mb4_unicode_ci DEFAULT 'No',
  `TAXREF` enum('ItemGroup','Item') COLLATE utf8mb4_unicode_ci DEFAULT 'Item',
  `ITEMSERIAL` enum('Yes','No') COLLATE utf8mb4_unicode_ci DEFAULT 'No',
  `ITEMSERIALTEXT` varchar(30) COLLATE utf8mb4_unicode_ci DEFAULT 'Item Serial',
  `PAYMENTMODEACTION` enum('Direct','Ledger') COLLATE utf8mb4_unicode_ci DEFAULT 'Direct',
  `BILLPOSTING` enum('Auto','Manual','None') COLLATE utf8mb4_unicode_ci DEFAULT 'Manual',
  `AUTOBILLPOSTING` enum('UptoDate','AnyDate') COLLATE utf8mb4_unicode_ci DEFAULT 'UptoDate',
  `PROFIT` enum('Profit','Margin') COLLATE utf8mb4_unicode_ci DEFAULT 'Profit',
  `PROFITCALCULATION` enum('Online','Offline') COLLATE utf8mb4_unicode_ci DEFAULT 'Online',
  `CLOSEDUPTO` datetime DEFAULT NULL,
  `COSTING` enum('FIFO','WeightedAverage','LIFO','Manual') COLLATE utf8mb4_unicode_ci DEFAULT 'FIFO',
  `BATCHNO` enum('Auto','Manual','None') COLLATE utf8mb4_unicode_ci DEFAULT 'None',
  `MFGDATE` enum('Auto','Manual','None') COLLATE utf8mb4_unicode_ci DEFAULT 'None',
  `EXPDATE` enum('Auto','Manual','None') COLLATE utf8mb4_unicode_ci DEFAULT 'None',
  `MFGDATE_FORMAT` varchar(30) COLLATE utf8mb4_unicode_ci DEFAULT 'MMM-yyyy',
  `EXPDATE_FORMAT` varchar(30) COLLATE utf8mb4_unicode_ci DEFAULT 'MMM-yyyy',
  `LIFETIME` mediumint(9) NOT NULL DEFAULT '2',
  `LIFETIMEINTERVAL` enum('Day','Week','Month','Year') COLLATE utf8mb4_unicode_ci DEFAULT 'Year',
  `PARTCODE` enum('Yes','No') COLLATE utf8mb4_unicode_ci DEFAULT 'No',
  `PARTCODETEXT` varchar(30) COLLATE utf8mb4_unicode_ci NOT NULL DEFAULT 'PARTCODE',
  `AREA` enum('Yes','No') COLLATE utf8mb4_unicode_ci DEFAULT 'No',
  `AREATEXT` varchar(30) COLLATE utf8mb4_unicode_ci NOT NULL DEFAULT 'Area',
  `STORAGEBIN` enum('Yes','No') COLLATE utf8mb4_unicode_ci DEFAULT 'No',
  `STORAGEBINTEXT` varchar(30) COLLATE utf8mb4_unicode_ci DEFAULT 'Storage Bin',
  `WORKFLOW` enum('Enabled','Disabled') COLLATE utf8mb4_unicode_ci DEFAULT 'Disabled',
  `LANGUAGE` char(15) COLLATE utf8mb4_unicode_ci DEFAULT NULL,
  `CULTURE` varchar(30) COLLATE utf8mb4_unicode_ci DEFAULT NULL,
  `STOCKJVPOSTING` enum('Monthly','Quarterly','Half-Yearly','Annually') COLLATE utf8mb4_unicode_ci DEFAULT 'Monthly',
  `PROFITJVPOSTING` enum('Monthly','Quarterly','Half-Yearly','Annually') COLLATE utf8mb4_unicode_ci DEFAULT 'Annually',
  `REPORTTITLE` enum('CompanyName','BranchName','Branches') COLLATE utf8mb4_unicode_ci DEFAULT 'CompanyName',
  `PRINTLOG` enum('None','Function','Report','All') COLLATE utf8mb4_unicode_ci DEFAULT 'None',
  `LOADIMAGEONSTARTUP` enum('Yes','No') COLLATE utf8mb4_unicode_ci DEFAULT 'No',
  `THEME` char(15) COLLATE utf8mb4_unicode_ci DEFAULT NULL,
  `SERACHFROMBEGINNING` enum('Yes','No') COLLATE utf8mb4_unicode_ci DEFAULT 'No',
  `SEACHAUTOLOCK` enum('Yes','No') COLLATE utf8mb4_unicode_ci DEFAULT 'Yes',
  `REMEMBERLASTSEARCH` enum('Yes','No') COLLATE utf8mb4_unicode_ci DEFAULT 'No',
  `DIGITALWALLETTEXT` varchar(30) COLLATE utf8mb4_unicode_ci DEFAULT 'eWallet',
  `created_by` bigint(20) unsigned DEFAULT NULL,
  `updated_by` bigint(20) unsigned DEFAULT NULL,
  `created_at` timestamp NULL DEFAULT NULL,
  `updated_at` timestamp NULL DEFAULT NULL,
  PRIMARY KEY (`id`),
  KEY `setup_created_by_index` (`created_by`),
  KEY `setup_updated_by_index` (`updated_by`),
  CONSTRAINT `setup_updated_by_foreign` FOREIGN KEY (`updated_by`) REFERENCES `users` (`id`) ON DELETE SET NULL ON UPDATE CASCADE,
  CONSTRAINT `setup_created_by_foreign` FOREIGN KEY (`created_by`) REFERENCES `users` (`id`) ON DELETE SET NULL ON UPDATE CASCADE
) ENGINE=InnoDB AUTO_INCREMENT=2 DEFAULT CHARSET=utf8mb4 COLLATE=utf8mb4_unicode_ci;

-- Dumping data for table appframe.setup: ~1 rows (approximately)
DELETE FROM `setup`;
/*!40000 ALTER TABLE `setup` DISABLE KEYS */;
INSERT INTO `setup` (`id`, `CODE`, `DBTYPE`, `PASSWORDENCODING`, `QUANTITY_DECIMAL`, `RATE_DECIMAL`, `AMOUNT_DECIMAL`, `CURRENCY_DECIMAL`, `QUANTITY_SEPARATOR`, `RATE_SEPARATOR`, `AMOUNT_SEPARATOR`, `CURRENCY_SEPARATOR`, `DOCDATE_FORMAT`, `REFDATE_FORMAT`, `CHQDATE_FORMAT`, `OTHDATE_FORMAT`, `CURRENCYDENOMINATION`, `MULTICOMPANY`, `MULTIBRANCH`, `MULTICURRENCY`, `MULTIPRINT`, `MULTISTORE`, `MULTIUNIT`, `SHIFTMANAGEMENT`, `BUSINESSKEY`, `INVACCPOSTING`, `ITEMCACHE`, `NEGATIVESTOCK`, `POQTYUDATE`, `SOQTYUDATE`, `PRODUCTION`, `PRODUCTIONCOSTUPDATION`, `PRODUCTIONNARRATION`, `DEFAULTBRANCH`, `DEFAULTUNIT`, `TAX`, `TAX02`, `TAXREF`, `ITEMSERIAL`, `ITEMSERIALTEXT`, `PAYMENTMODEACTION`, `BILLPOSTING`, `AUTOBILLPOSTING`, `PROFIT`, `PROFITCALCULATION`, `CLOSEDUPTO`, `COSTING`, `BATCHNO`, `MFGDATE`, `EXPDATE`, `MFGDATE_FORMAT`, `EXPDATE_FORMAT`, `LIFETIME`, `LIFETIMEINTERVAL`, `PARTCODE`, `PARTCODETEXT`, `AREA`, `AREATEXT`, `STORAGEBIN`, `STORAGEBINTEXT`, `WORKFLOW`, `LANGUAGE`, `CULTURE`, `STOCKJVPOSTING`, `PROFITJVPOSTING`, `REPORTTITLE`, `PRINTLOG`, `LOADIMAGEONSTARTUP`, `THEME`, `SERACHFROMBEGINNING`, `SEACHAUTOLOCK`, `REMEMBERLASTSEARCH`, `DIGITALWALLETTEXT`, `created_by`, `updated_by`, `created_at`, `updated_at`) VALUES
	(1, '01', 'Normal', 'Utf8', 0, 2, 2, 6, 'No', 'Yes', 'Yes', 'No', 'dd MMMM yyyy HH:mm:ss', 'dd MMMM yyyy', 'dd-MM-yyyy', 'dd-MM-yyyy', '1000, 500, 100, 50, 20, 10, 5, 2, 1, 0.50, 0.25', 'No', 'No', 'No', 'No', 'Yes', 'No', 'No', NULL, 'ExactValue', 'No', 'Allow', 'PO1|PO2', 'SO1|SO2', 'None', 'None', 'Protected', 'HO', 'PCS', 'Yes', 'Yes', 'Item', 'No', 'Item Serial', 'Direct', 'Manual', 'UptoDate', 'Profit', 'Online', NULL, 'FIFO', 'None', 'None', 'None', 'MMM-yyyy', 'MMM-yyyy', 2, 'Year', 'No', 'PARTCODE', 'Yes', 'Area', 'No', 'Storage Bin', 'Disabled', '001', 'en-IN', 'Monthly', 'Annually', 'CompanyName', 'None', 'No', '01', 'No', 'Yes', 'No', 'eWallet', NULL, NULL, '2019-10-04 09:51:14', '2019-10-04 09:51:14');
/*!40000 ALTER TABLE `setup` ENABLE KEYS */;

-- Dumping structure for table appframe.stock_transfer
DROP TABLE IF EXISTS `stock_transfer`;
CREATE TABLE IF NOT EXISTS `stock_transfer` (
  `id` bigint(20) unsigned NOT NULL AUTO_INCREMENT,
  `out` bigint(20) unsigned DEFAULT NULL,
  `in` bigint(20) unsigned DEFAULT NULL,
  `verified_by` bigint(20) unsigned DEFAULT NULL,
  `verified_at` timestamp NULL DEFAULT NULL,
  `created_by` bigint(20) unsigned DEFAULT NULL,
  `updated_by` bigint(20) unsigned DEFAULT NULL,
  `created_at` timestamp NULL DEFAULT NULL,
  `updated_at` timestamp NULL DEFAULT NULL,
  PRIMARY KEY (`id`),
  KEY `stock_transfer_out_index` (`out`),
  KEY `stock_transfer_in_index` (`in`),
  KEY `stock_transfer_verified_by_index` (`verified_by`),
  KEY `stock_transfer_created_by_index` (`created_by`),
  KEY `stock_transfer_updated_by_index` (`updated_by`),
  CONSTRAINT `stock_transfer_updated_by_foreign` FOREIGN KEY (`updated_by`) REFERENCES `users` (`id`) ON DELETE SET NULL ON UPDATE CASCADE,
  CONSTRAINT `stock_transfer_created_by_foreign` FOREIGN KEY (`created_by`) REFERENCES `users` (`id`) ON DELETE SET NULL ON UPDATE CASCADE,
  CONSTRAINT `stock_transfer_in_foreign` FOREIGN KEY (`in`) REFERENCES `transactions` (`id`) ON DELETE SET NULL ON UPDATE CASCADE,
  CONSTRAINT `stock_transfer_out_foreign` FOREIGN KEY (`out`) REFERENCES `transactions` (`id`) ON DELETE SET NULL ON UPDATE CASCADE,
  CONSTRAINT `stock_transfer_verified_by_foreign` FOREIGN KEY (`verified_by`) REFERENCES `users` (`id`) ON DELETE SET NULL ON UPDATE CASCADE
) ENGINE=InnoDB AUTO_INCREMENT=2 DEFAULT CHARSET=utf8mb4 COLLATE=utf8mb4_unicode_ci;

-- Dumping data for table appframe.stock_transfer: ~1 rows (approximately)
DELETE FROM `stock_transfer`;
/*!40000 ALTER TABLE `stock_transfer` DISABLE KEYS */;
INSERT INTO `stock_transfer` (`id`, `out`, `in`, `verified_by`, `verified_at`, `created_by`, `updated_by`, `created_at`, `updated_at`) VALUES
	(1, 2, NULL, NULL, NULL, NULL, NULL, '2019-10-04 11:33:47', '2019-10-04 11:33:47');
/*!40000 ALTER TABLE `stock_transfer` ENABLE KEYS */;

-- Dumping structure for table appframe.stores
DROP TABLE IF EXISTS `stores`;
CREATE TABLE IF NOT EXISTS `stores` (
  `id` bigint(20) unsigned NOT NULL AUTO_INCREMENT,
  `catcode` char(15) COLLATE utf8mb4_unicode_ci DEFAULT NULL,
  `code` char(15) COLLATE utf8mb4_unicode_ci DEFAULT NULL,
  `name` varchar(64) COLLATE utf8mb4_unicode_ci DEFAULT NULL,
  `cocode` char(5) COLLATE utf8mb4_unicode_ci DEFAULT NULL,
  `co_abr` varchar(15) COLLATE utf8mb4_unicode_ci DEFAULT NULL,
  `brcode` char(6) COLLATE utf8mb4_unicode_ci DEFAULT NULL,
  `br_abr` varchar(15) COLLATE utf8mb4_unicode_ci DEFAULT NULL,
  `currency` varchar(15) COLLATE utf8mb4_unicode_ci DEFAULT NULL,
  `type` enum('Public','Protected','System') COLLATE utf8mb4_unicode_ci DEFAULT 'Public',
  `status` enum('Active','Inactive') COLLATE utf8mb4_unicode_ci DEFAULT 'Active',
  `created_by` bigint(20) unsigned DEFAULT NULL,
  `updated_by` bigint(20) unsigned DEFAULT NULL,
  `created_at` timestamp NULL DEFAULT NULL,
  `updated_at` timestamp NULL DEFAULT NULL,
  PRIMARY KEY (`id`),
  KEY `stores_catcode_index` (`catcode`),
  KEY `stores_code_index` (`code`),
  KEY `stores_name_index` (`name`),
  KEY `stores_cocode_index` (`cocode`),
  KEY `stores_brcode_index` (`brcode`),
  KEY `stores_created_by_index` (`created_by`),
  KEY `stores_updated_by_index` (`updated_by`),
  CONSTRAINT `stores_updated_by_foreign` FOREIGN KEY (`updated_by`) REFERENCES `users` (`id`) ON DELETE SET NULL ON UPDATE CASCADE,
  CONSTRAINT `stores_created_by_foreign` FOREIGN KEY (`created_by`) REFERENCES `users` (`id`) ON DELETE SET NULL ON UPDATE CASCADE
) ENGINE=InnoDB AUTO_INCREMENT=3 DEFAULT CHARSET=utf8mb4 COLLATE=utf8mb4_unicode_ci;

-- Dumping data for table appframe.stores: ~2 rows (approximately)
DELETE FROM `stores`;
/*!40000 ALTER TABLE `stores` DISABLE KEYS */;
INSERT INTO `stores` (`id`, `catcode`, `code`, `name`, `cocode`, `co_abr`, `brcode`, `br_abr`, `currency`, `type`, `status`, `created_by`, `updated_by`, `created_at`, `updated_at`) VALUES
	(1, 'INV', 'MW', 'Mother Warehouse', '01', 'KA', 'HO', 'HO', 'INR', 'Protected', 'Active', NULL, NULL, '2019-10-04 09:52:23', '2019-10-04 11:31:54'),
	(2, 'INV', 'S1', 'Store One', '01', 'KA', 'HO', 'HO', 'INR', 'Protected', 'Active', NULL, NULL, '2019-10-04 09:52:23', '2019-10-04 11:31:54');
/*!40000 ALTER TABLE `stores` ENABLE KEYS */;

-- Dumping structure for table appframe.transactions
DROP TABLE IF EXISTS `transactions`;
CREATE TABLE IF NOT EXISTS `transactions` (
  `id` bigint(20) unsigned NOT NULL AUTO_INCREMENT,
  `_ref` char(30) COLLATE utf8mb4_unicode_ci DEFAULT NULL,
  `user` bigint(20) unsigned DEFAULT NULL,
  `store` bigint(20) unsigned DEFAULT NULL,
  `docno` char(20) COLLATE utf8mb4_unicode_ci DEFAULT NULL,
  `date` timestamp NOT NULL DEFAULT CURRENT_TIMESTAMP,
  `customer` bigint(20) unsigned DEFAULT NULL,
  `fycode` char(5) COLLATE utf8mb4_unicode_ci DEFAULT NULL,
  `fncode` char(5) COLLATE utf8mb4_unicode_ci DEFAULT NULL,
  `payment_type` enum('Cash','Credit','Card','Cheque','DemandDraft','Digital Wallet','Multi') COLLATE utf8mb4_unicode_ci DEFAULT 'Cash',
  `status` enum('Active','Inactive') COLLATE utf8mb4_unicode_ci DEFAULT 'Active',
  `created_by` bigint(20) unsigned DEFAULT NULL,
  `updated_by` bigint(20) unsigned DEFAULT NULL,
  `created_at` timestamp NULL DEFAULT NULL,
  `updated_at` timestamp NULL DEFAULT NULL,
  PRIMARY KEY (`id`),
  KEY `transactions__ref_index` (`_ref`),
  KEY `transactions_user_index` (`user`),
  KEY `transactions_store_index` (`store`),
  KEY `transactions_docno_index` (`docno`),
  KEY `transactions_customer_index` (`customer`),
  KEY `transactions_fycode_index` (`fycode`),
  KEY `transactions_fncode_index` (`fncode`),
  KEY `transactions_created_by_index` (`created_by`),
  KEY `transactions_updated_by_index` (`updated_by`),
  CONSTRAINT `transactions_updated_by_foreign` FOREIGN KEY (`updated_by`) REFERENCES `users` (`id`) ON DELETE SET NULL ON UPDATE CASCADE,
  CONSTRAINT `transactions_created_by_foreign` FOREIGN KEY (`created_by`) REFERENCES `users` (`id`) ON DELETE SET NULL ON UPDATE CASCADE,
  CONSTRAINT `transactions_customer_foreign` FOREIGN KEY (`customer`) REFERENCES `users` (`id`) ON DELETE SET NULL ON UPDATE CASCADE,
  CONSTRAINT `transactions_store_foreign` FOREIGN KEY (`store`) REFERENCES `stores` (`id`) ON DELETE SET NULL ON UPDATE CASCADE,
  CONSTRAINT `transactions_user_foreign` FOREIGN KEY (`user`) REFERENCES `users` (`id`) ON DELETE SET NULL ON UPDATE CASCADE
) ENGINE=InnoDB AUTO_INCREMENT=62 DEFAULT CHARSET=utf8mb4 COLLATE=utf8mb4_unicode_ci;

-- Dumping data for table appframe.transactions: ~61 rows (approximately)
DELETE FROM `transactions`;
/*!40000 ALTER TABLE `transactions` DISABLE KEYS */;
INSERT INTO `transactions` (`id`, `_ref`, `user`, `store`, `docno`, `date`, `customer`, `fycode`, `fncode`, `payment_type`, `status`, `created_by`, `updated_by`, `created_at`, `updated_at`) VALUES
	(1, 'U300104T15701888232577', 300104, 1, 'KA1920-00001', '2019-09-30 10:26:05', NULL, '1920', 'MT1', 'Credit', 'Active', NULL, NULL, '2019-10-04 11:33:43', '2019-10-04 11:33:43'),
	(2, 'U300104T15701888233380', 300104, 1, 'KA1920-00001', '2019-09-30 10:17:52', NULL, '1920', 'MT2', 'Credit', 'Active', NULL, NULL, '2019-10-04 11:33:43', '2019-10-04 11:33:43'),
	(3, 'U300287T15701888233904', 300287, 1, 'KA1920-A00057', '2019-06-18 07:38:03', 300186, '1920', 'SL1', 'Credit', 'Active', NULL, NULL, '2019-10-04 11:33:43', '2019-10-04 11:33:43'),
	(4, 'U300287T15701888234492', 300287, 1, 'KA1920-A02500', '2019-09-27 20:26:36', 300109, '1920', 'SL1', 'Cash', 'Active', NULL, NULL, '2019-10-04 11:33:43', '2019-10-04 11:33:43'),
	(5, 'U300287T15701888235117', 300287, 1, 'KA1920-A02501', '2019-09-27 20:28:59', 300110, '1920', 'SL1', 'Cash', 'Active', NULL, NULL, '2019-10-04 11:33:43', '2019-10-04 11:33:43'),
	(6, 'U300287T15701888235724', 300287, 1, 'KA1920-A02502', '2019-09-27 20:42:04', 300116, '1920', 'SL1', 'Cash', 'Active', NULL, NULL, '2019-10-04 11:33:43', '2019-10-04 11:33:43'),
	(7, 'U300287T15701888236374', 300287, 1, 'KA1920-B01029', '2019-06-17 09:19:50', 300110, '1920', 'SL2', 'Cash', 'Active', NULL, NULL, '2019-10-04 11:33:43', '2019-10-04 11:33:43'),
	(8, 'U300287T15701888236929', 300287, 1, 'KA1920-B01030', '2019-06-18 07:09:57', 300240, '1920', 'SL2', 'Credit', 'Active', NULL, NULL, '2019-10-04 11:33:43', '2019-10-04 11:33:43'),
	(9, 'U300287T15701888237455', 300287, 1, 'KA1920-B01031', '2019-06-18 07:10:08', 300165, '1920', 'SL2', 'Credit', 'Active', NULL, NULL, '2019-10-04 11:33:43', '2019-10-04 11:33:43'),
	(10, 'U300287T15701888237956', 300287, 1, 'KA1920-B01032', '2019-06-18 07:10:27', 300182, '1920', 'SL2', 'Credit', 'Active', NULL, NULL, '2019-10-04 11:33:43', '2019-10-04 11:33:43'),
	(11, 'U300287T15701888238574', 300287, 1, 'KA1920-B01033', '2019-06-18 07:10:56', 300254, '1920', 'SL2', 'Credit', 'Active', NULL, NULL, '2019-10-04 11:33:43', '2019-10-04 11:33:43'),
	(12, 'U300287T15701888239059', 300287, 1, 'KA1920-B01034', '2019-06-18 07:11:10', 300117, '1920', 'SL2', 'Credit', 'Active', NULL, NULL, '2019-10-04 11:33:43', '2019-10-04 11:33:43'),
	(13, 'U300287T15701888239668', 300287, 1, 'KA1920-B01035', '2019-06-18 07:11:36', 300238, '1920', 'SL2', 'Credit', 'Active', NULL, NULL, '2019-10-04 11:33:43', '2019-10-04 11:33:43'),
	(14, 'U300287T15701888240221', 300287, 1, 'KA1920-B01036', '2019-06-18 07:11:51', 300242, '1920', 'SL2', 'Credit', 'Active', NULL, NULL, '2019-10-04 11:33:44', '2019-10-04 11:33:44'),
	(15, 'U300287T15701888240808', 300287, 1, 'KA1920-B01037', '2019-06-18 07:12:12', 300268, '1920', 'SL2', 'Credit', 'Active', NULL, NULL, '2019-10-04 11:33:44', '2019-10-04 11:33:44'),
	(16, 'U300287T15701888241366', 300287, 1, 'KA1920-B01038', '2019-06-18 07:12:35', 300241, '1920', 'SL2', 'Credit', 'Active', NULL, NULL, '2019-10-04 11:33:44', '2019-10-04 11:33:44'),
	(17, 'U300287T15701888241899', 300287, 1, 'KA1920-B01039', '2019-06-18 07:13:04', 300236, '1920', 'SL2', 'Credit', 'Active', NULL, NULL, '2019-10-04 11:33:44', '2019-10-04 11:33:44'),
	(18, 'U300287T15701888242370', 300287, 1, 'KA1920-B01040', '2019-06-18 07:13:46', 300237, '1920', 'SL2', 'Credit', 'Active', NULL, NULL, '2019-10-04 11:33:44', '2019-10-04 11:33:44'),
	(19, 'U300287T15701888243601', 300287, 1, 'KA1920-B01041', '2019-06-18 07:14:00', 300267, '1920', 'SL2', 'Credit', 'Active', NULL, NULL, '2019-10-04 11:33:44', '2019-10-04 11:33:44'),
	(20, 'U300287T15701888244141', 300287, 1, 'KA1920-B01042', '2019-06-18 07:14:10', 300266, '1920', 'SL2', 'Credit', 'Active', NULL, NULL, '2019-10-04 11:33:44', '2019-10-04 11:33:44'),
	(21, 'U300287T15701888244842', 300287, 1, 'KA1920-B01043', '2019-06-18 07:14:46', 300179, '1920', 'SL2', 'Credit', 'Active', NULL, NULL, '2019-10-04 11:33:44', '2019-10-04 11:33:44'),
	(22, 'U300287T15701888245427', 300287, 1, 'KA1920-B01044', '2019-06-18 07:15:32', 300264, '1920', 'SL2', 'Credit', 'Active', NULL, NULL, '2019-10-04 11:33:44', '2019-10-04 11:33:44'),
	(23, 'U300287T15701888246070', 300287, 1, 'KA1920-B01045', '2019-06-18 07:15:56', 300235, '1920', 'SL2', 'Credit', 'Active', NULL, NULL, '2019-10-04 11:33:44', '2019-10-04 11:33:44'),
	(24, 'U300287T15701888246581', 300287, 1, 'KA1920-B01046', '2019-06-18 07:16:32', 300195, '1920', 'SL2', 'Credit', 'Active', NULL, NULL, '2019-10-04 11:33:44', '2019-10-04 11:33:44'),
	(25, 'U300287T15701888247192', 300287, 1, 'KA1920-B01047', '2019-06-18 07:16:52', 300159, '1920', 'SL2', 'Credit', 'Active', NULL, NULL, '2019-10-04 11:33:44', '2019-10-04 11:33:44'),
	(26, 'U300287T15701888247803', 300287, 1, 'KA1920-B01048', '2019-06-18 07:17:04', 300234, '1920', 'SL2', 'Credit', 'Active', NULL, NULL, '2019-10-04 11:33:44', '2019-10-04 11:33:44'),
	(27, 'U300287T15701888248264', 300287, 1, 'KA1920-B01049', '2019-06-18 07:17:51', 300147, '1920', 'SL2', 'Credit', 'Active', NULL, NULL, '2019-10-04 11:33:44', '2019-10-04 11:33:44'),
	(28, 'U300287T15701888248857', 300287, 1, 'KA1920-B01050', '2019-06-18 07:18:18', 300158, '1920', 'SL2', 'Credit', 'Active', NULL, NULL, '2019-10-04 11:33:44', '2019-10-04 11:33:44'),
	(29, 'U300287T15701888249398', 300287, 1, 'KA1920-B01051', '2019-06-18 07:19:02', 300215, '1920', 'SL2', 'Credit', 'Active', NULL, NULL, '2019-10-04 11:33:44', '2019-10-04 11:33:44'),
	(30, 'U300287T15701888250084', 300287, 1, 'KA1920-B01052', '2019-06-18 07:19:24', 300128, '1920', 'SL2', 'Credit', 'Active', NULL, NULL, '2019-10-04 11:33:45', '2019-10-04 11:33:45'),
	(31, 'U300287T15701888250673', 300287, 1, 'KA1920-B01053', '2019-06-18 07:19:37', 300220, '1920', 'SL2', 'Credit', 'Active', NULL, NULL, '2019-10-04 11:33:45', '2019-10-04 11:33:45'),
	(32, 'U300287T15701888251225', 300287, 1, 'KA1920-B01054', '2019-06-18 07:19:55', 300172, '1920', 'SL2', 'Credit', 'Active', NULL, NULL, '2019-10-04 11:33:45', '2019-10-04 11:33:45'),
	(33, 'U300287T15701888251771', 300287, 1, 'KA1920-B01055', '2019-06-18 07:20:09', 300210, '1920', 'SL2', 'Credit', 'Active', NULL, NULL, '2019-10-04 11:33:45', '2019-10-04 11:33:45'),
	(34, 'U300287T15701888252292', 300287, 1, 'KA1920-B01056', '2019-06-18 07:20:29', 300127, '1920', 'SL2', 'Credit', 'Active', NULL, NULL, '2019-10-04 11:33:45', '2019-10-04 11:33:45'),
	(35, 'U300287T15701888252769', 300287, 1, 'KA1920-B01057', '2019-06-18 07:20:48', 300196, '1920', 'SL2', 'Credit', 'Active', NULL, NULL, '2019-10-04 11:33:45', '2019-10-04 11:33:45'),
	(36, 'U300287T15701888253311', 300287, 1, 'KA1920-B01058', '2019-06-18 07:22:06', 300233, '1920', 'SL2', 'Credit', 'Active', NULL, NULL, '2019-10-04 11:33:45', '2019-10-04 11:33:45'),
	(37, 'U300287T15701888253950', 300287, 1, 'KA1920-B01059', '2019-06-18 07:24:05', 300196, '1920', 'SL2', 'Credit', 'Active', NULL, NULL, '2019-10-04 11:33:45', '2019-10-04 11:33:45'),
	(38, 'U300287T15701888254455', 300287, 1, 'KA1920-B01060', '2019-06-19 06:39:16', 300115, '1920', 'SL2', 'Credit', 'Active', NULL, NULL, '2019-10-04 11:33:45', '2019-10-04 11:33:45'),
	(39, 'U300287T15701888254960', 300287, 1, 'KA1920-B01061', '2019-06-19 06:39:32', 300221, '1920', 'SL2', 'Credit', 'Active', NULL, NULL, '2019-10-04 11:33:45', '2019-10-04 11:33:45'),
	(40, 'U300287T15701888255568', 300287, 1, 'KA1920-B01062', '2019-06-19 06:39:48', 300211, '1920', 'SL2', 'Credit', 'Active', NULL, NULL, '2019-10-04 11:33:45', '2019-10-04 11:33:45'),
	(41, 'U300287T15701888256053', 300287, 1, 'KA1920-B01063', '2019-06-19 06:40:01', 300167, '1920', 'SL2', 'Credit', 'Active', NULL, NULL, '2019-10-04 11:33:45', '2019-10-04 11:33:45'),
	(42, 'U300287T15701888256660', 300287, 1, 'KA1920-B01064', '2019-06-19 06:40:17', 300162, '1920', 'SL2', 'Credit', 'Active', NULL, NULL, '2019-10-04 11:33:45', '2019-10-04 11:33:45'),
	(43, 'U300287T15701888257189', 300287, 1, 'KA1920-B01065', '2019-06-19 06:40:31', 300171, '1920', 'SL2', 'Credit', 'Active', NULL, NULL, '2019-10-04 11:33:45', '2019-10-04 11:33:45'),
	(44, 'U300287T15701888257873', 300287, 1, 'KA1920-B01066', '2019-06-19 06:40:47', 300250, '1920', 'SL2', 'Credit', 'Active', NULL, NULL, '2019-10-04 11:33:45', '2019-10-04 11:33:45'),
	(45, 'U300287T15701888258409', 300287, 1, 'KA1920-B01067', '2019-06-19 06:41:03', 300168, '1920', 'SL2', 'Credit', 'Active', NULL, NULL, '2019-10-04 11:33:45', '2019-10-04 11:33:45'),
	(46, 'U300287T15701888259123', 300287, 1, 'KA1920-B01068', '2019-06-19 06:41:37', 300252, '1920', 'SL2', 'Credit', 'Active', NULL, NULL, '2019-10-04 11:33:45', '2019-10-04 11:33:45'),
	(47, 'U300287T15701888259633', 300287, 1, 'KA1920-B01069', '2019-06-19 06:42:00', 300187, '1920', 'SL2', 'Credit', 'Active', NULL, NULL, '2019-10-04 11:33:45', '2019-10-04 11:33:45'),
	(48, 'U300287T15701888260326', 300287, 1, 'KA1920-B01070', '2019-06-19 06:42:24', 300251, '1920', 'SL2', 'Credit', 'Active', NULL, NULL, '2019-10-04 11:33:46', '2019-10-04 11:33:46'),
	(49, 'U300287T15701888261188', 300287, 1, 'KA1920-B01071', '2019-06-19 06:42:44', 300225, '1920', 'SL2', 'Credit', 'Active', NULL, NULL, '2019-10-04 11:33:46', '2019-10-04 11:33:46'),
	(50, 'U300287T15701888261955', 300287, 1, 'KA1920-B01072', '2019-06-19 06:43:07', 300138, '1920', 'SL2', 'Credit', 'Active', NULL, NULL, '2019-10-04 11:33:46', '2019-10-04 11:33:46'),
	(51, 'U300287T15701888262521', 300287, 1, 'KA1920-B01073', '2019-06-19 06:43:40', 300269, '1920', 'SL2', 'Credit', 'Active', NULL, NULL, '2019-10-04 11:33:46', '2019-10-04 11:33:46'),
	(52, 'U300287T15701888263070', 300287, 1, 'KA1920-B01074', '2019-06-19 06:43:55', 300139, '1920', 'SL2', 'Credit', 'Active', NULL, NULL, '2019-10-04 11:33:46', '2019-10-04 11:33:46'),
	(53, 'U300287T15701888263648', 300287, 1, 'KA1920-B01075', '2019-06-19 06:44:13', 300123, '1920', 'SL2', 'Credit', 'Active', NULL, NULL, '2019-10-04 11:33:46', '2019-10-04 11:33:46'),
	(54, 'U300287T15701888264177', 300287, 1, 'KA1920-B01076', '2019-06-19 06:44:28', 300191, '1920', 'SL2', 'Credit', 'Active', NULL, NULL, '2019-10-04 11:33:46', '2019-10-04 11:33:46'),
	(55, 'U300287T15701888264731', 300287, 1, 'KA1920-B01077', '2019-06-19 06:44:42', 300222, '1920', 'SL2', 'Credit', 'Active', NULL, NULL, '2019-10-04 11:33:46', '2019-10-04 11:33:46'),
	(56, 'U300287T15701888265215', 300287, 1, 'KA1920-B01078', '2019-06-19 06:45:13', 300129, '1920', 'SL2', 'Credit', 'Active', NULL, NULL, '2019-10-04 11:33:46', '2019-10-04 11:33:46'),
	(57, 'U300287T15701888265867', 300287, 1, 'KA1920-B01079', '2019-06-19 06:45:26', 300175, '1920', 'SL2', 'Credit', 'Active', NULL, NULL, '2019-10-04 11:33:46', '2019-10-04 11:33:46'),
	(58, 'U300287T15701888266372', 300287, 1, 'KA1920-B01080', '2019-06-19 06:45:43', 300174, '1920', 'SL2', 'Credit', 'Active', NULL, NULL, '2019-10-04 11:33:46', '2019-10-04 11:33:46'),
	(59, 'U300287T15701888266969', 300287, 1, 'KA1920-B01081', '2019-06-19 06:46:06', 300173, '1920', 'SL2', 'Credit', 'Active', NULL, NULL, '2019-10-04 11:33:46', '2019-10-04 11:33:46'),
	(60, 'U300287T15701888267517', 300287, 1, 'KA1920-B01083', '2019-09-30 18:24:16', 300144, '1920', 'SL2', 'Cash', 'Active', NULL, NULL, '2019-10-04 11:33:46', '2019-10-04 11:33:46'),
	(61, 'U300287T15701888268237', 300287, 1, 'KA1920-B03500', '2019-09-27 20:35:19', 300113, '1920', 'SL2', 'Cash', 'Active', NULL, NULL, '2019-10-04 11:33:46', '2019-10-04 11:33:46');
/*!40000 ALTER TABLE `transactions` ENABLE KEYS */;

-- Dumping structure for table appframe.transaction_details
DROP TABLE IF EXISTS `transaction_details`;
CREATE TABLE IF NOT EXISTS `transaction_details` (
  `id` bigint(20) unsigned NOT NULL AUTO_INCREMENT,
  `transaction` bigint(20) unsigned NOT NULL,
  `store` bigint(20) unsigned DEFAULT NULL,
  `product` bigint(20) unsigned DEFAULT NULL,
  `direction` enum('Out','In') COLLATE utf8mb4_unicode_ci NOT NULL DEFAULT 'Out',
  `quantity` decimal(30,10) NOT NULL DEFAULT '1.0000000000',
  `rate` decimal(30,10) NOT NULL DEFAULT '0.0000000000',
  `taxrule` char(15) COLLATE utf8mb4_unicode_ci DEFAULT NULL,
  `tax` decimal(30,10) NOT NULL DEFAULT '0.0000000000',
  `discount01` decimal(30,10) NOT NULL DEFAULT '0.0000000000',
  `discount02` decimal(30,10) NOT NULL DEFAULT '0.0000000000',
  `soi` bigint(20) unsigned DEFAULT NULL,
  `created_by` bigint(20) unsigned DEFAULT NULL,
  `updated_by` bigint(20) unsigned DEFAULT NULL,
  `created_at` timestamp NULL DEFAULT NULL,
  `updated_at` timestamp NULL DEFAULT NULL,
  PRIMARY KEY (`id`),
  KEY `transaction_details_transaction_index` (`transaction`),
  KEY `transaction_details_store_index` (`store`),
  KEY `transaction_details_product_index` (`product`),
  KEY `transaction_details_soi_index` (`soi`),
  KEY `transaction_details_created_by_index` (`created_by`),
  KEY `transaction_details_updated_by_index` (`updated_by`),
  CONSTRAINT `transaction_details_updated_by_foreign` FOREIGN KEY (`updated_by`) REFERENCES `users` (`id`) ON DELETE SET NULL ON UPDATE CASCADE,
  CONSTRAINT `transaction_details_created_by_foreign` FOREIGN KEY (`created_by`) REFERENCES `users` (`id`) ON DELETE SET NULL ON UPDATE CASCADE,
  CONSTRAINT `transaction_details_product_foreign` FOREIGN KEY (`product`) REFERENCES `products` (`id`) ON DELETE SET NULL ON UPDATE CASCADE,
  CONSTRAINT `transaction_details_soi_foreign` FOREIGN KEY (`soi`) REFERENCES `sales_order_items` (`id`) ON DELETE SET NULL ON UPDATE CASCADE,
  CONSTRAINT `transaction_details_store_foreign` FOREIGN KEY (`store`) REFERENCES `stores` (`id`) ON DELETE SET NULL ON UPDATE CASCADE,
  CONSTRAINT `transaction_details_transaction_foreign` FOREIGN KEY (`transaction`) REFERENCES `transactions` (`id`) ON DELETE CASCADE ON UPDATE CASCADE
) ENGINE=InnoDB AUTO_INCREMENT=461 DEFAULT CHARSET=utf8mb4 COLLATE=utf8mb4_unicode_ci;

-- Dumping data for table appframe.transaction_details: ~463 rows (approximately)
DELETE FROM `transaction_details`;
/*!40000 ALTER TABLE `transaction_details` DISABLE KEYS */;
INSERT INTO `transaction_details` (`id`, `transaction`, `store`, `product`, `direction`, `quantity`, `rate`, `taxrule`, `tax`, `discount01`, `discount02`, `soi`, `created_by`, `updated_by`, `created_at`, `updated_at`) VALUES
	(1, 1, 2, 3, 'In', 5.0000000000, 20.0000000000, NULL, 0.0000000000, 0.0000000000, 0.0000000000, NULL, NULL, NULL, '2019-10-04 11:33:57', '2019-10-04 11:33:57'),
	(2, 1, 2, 7, 'In', 2.0000000000, 50.0000000000, NULL, 0.0000000000, 0.0000000000, 0.0000000000, NULL, NULL, NULL, '2019-10-04 11:33:57', '2019-10-04 11:33:57'),
	(3, 2, 1, 3, 'Out', 5.0000000000, 20.0000000000, NULL, 0.0000000000, 0.0000000000, 0.0000000000, NULL, NULL, NULL, '2019-10-04 11:33:57', '2019-10-04 11:33:57'),
	(4, 2, 1, 7, 'Out', 2.0000000000, 50.0000000000, NULL, 0.0000000000, 0.0000000000, 0.0000000000, NULL, NULL, NULL, '2019-10-04 11:33:57', '2019-10-04 11:33:57'),
	(5, 3, 1, 104, 'Out', 12.0000000000, 21.1864406780, 'GST18', 45.7600000000, 0.0000000000, 0.0000000000, NULL, NULL, NULL, '2019-10-04 11:33:57', '2019-10-04 11:33:57'),
	(6, 3, 1, 101, 'Out', 12.0000000000, 21.1864406780, 'GST18', 45.7600000000, 0.0000000000, 0.0000000000, NULL, NULL, NULL, '2019-10-04 11:33:57', '2019-10-04 11:33:57'),
	(7, 3, 1, 103, 'Out', 12.0000000000, 13.9830508475, 'GST18', 30.2000000000, 0.0000000000, 0.0000000000, NULL, NULL, NULL, '2019-10-04 11:33:57', '2019-10-04 11:33:57'),
	(8, 3, 1, 162, 'Out', 6.0000000000, 23.3050847458, 'GST18', 25.1600000000, 0.0000000000, 0.0000000000, NULL, NULL, NULL, '2019-10-04 11:33:57', '2019-10-04 11:33:57'),
	(9, 3, 1, 45, 'Out', 1.0000000000, 85.7142857143, 'GST05', 4.2800000000, 0.0000000000, 0.0000000000, NULL, NULL, NULL, '2019-10-04 11:33:57', '2019-10-04 11:33:57'),
	(10, 3, 1, 31, 'Out', 5.0000000000, 109.5238095238, 'GST05', 27.3800000000, 0.0000000000, 0.0000000000, NULL, NULL, NULL, '2019-10-04 11:33:57', '2019-10-04 11:33:57'),
	(11, 3, 1, 6, 'Out', 2.0000000000, 114.2857142857, 'GST05', 10.4800000000, 19.0000000000, 0.0000000000, NULL, NULL, NULL, '2019-10-04 11:33:57', '2019-10-04 11:33:57'),
	(12, 4, 1, 1, 'Out', 1.0000000000, 221.0000000000, NULL, 11.0000000000, 0.0000000000, 0.0000000000, NULL, NULL, NULL, '2019-10-04 11:33:58', '2019-10-04 11:33:58'),
	(13, 7, 1, 94, 'Out', 10.0000000000, 38.1355932203, 'GST18', 68.6400000000, 0.0000000000, 0.0000000000, NULL, NULL, NULL, '2019-10-04 11:33:58', '2019-10-04 11:33:58'),
	(14, 8, 1, 94, 'Out', 10.0000000000, 38.1355932203, 'GST18', 68.6400000000, 0.0000000000, 0.0000000000, 285, NULL, NULL, '2019-10-04 11:33:58', '2019-10-04 11:33:58'),
	(15, 9, 1, 50, 'Out', 10.0000000000, 40.0000000000, 'GST05', 20.0000000000, 0.0000000000, 0.0000000000, 277, NULL, NULL, '2019-10-04 11:33:58', '2019-10-04 11:33:58'),
	(16, 9, 1, 93, 'Out', 12.0000000000, 42.3728813559, 'GST18', 91.5200000000, 0.0000000000, 0.0000000000, 278, NULL, NULL, '2019-10-04 11:33:58', '2019-10-04 11:33:58'),
	(17, 9, 1, 92, 'Out', 12.0000000000, 18.6440677966, 'GST18', 40.2800000000, 0.0000000000, 0.0000000000, 279, NULL, NULL, '2019-10-04 11:33:58', '2019-10-04 11:33:58'),
	(18, 9, 1, 158, 'Out', 12.0000000000, 15.2542372881, 'GST18', 32.9400000000, 0.0000000000, 0.0000000000, 280, NULL, NULL, '2019-10-04 11:33:58', '2019-10-04 11:33:58'),
	(19, 9, 1, 170, 'Out', 6.0000000000, 15.2542372881, 'GST18', 16.4800000000, 0.0000000000, 0.0000000000, 281, NULL, NULL, '2019-10-04 11:33:58', '2019-10-04 11:33:58'),
	(20, 9, 1, 169, 'Out', 10.0000000000, 30.5084745763, 'GST18', 54.9200000000, 0.0000000000, 0.0000000000, 282, NULL, NULL, '2019-10-04 11:33:58', '2019-10-04 11:33:58'),
	(21, 9, 1, 102, 'Out', 12.0000000000, 13.5593220339, 'GST18', 29.2800000000, 0.0000000000, 0.0000000000, 283, NULL, NULL, '2019-10-04 11:33:58', '2019-10-04 11:33:58'),
	(22, 9, 1, 196, 'Out', 6.0000000000, 23.3050847458, 'GST18', 25.1600000000, 0.0000000000, 0.0000000000, 284, NULL, NULL, '2019-10-04 11:33:58', '2019-10-04 11:33:58'),
	(23, 10, 1, 58, 'Out', 6.0000000000, 23.8095238095, 'GST05', 7.1400000000, 0.0000000000, 0.0000000000, 270, NULL, NULL, '2019-10-04 11:33:58', '2019-10-04 11:33:58'),
	(24, 10, 1, 50, 'Out', 5.0000000000, 40.0000000000, 'GST05', 10.0000000000, 0.0000000000, 0.0000000000, 271, NULL, NULL, '2019-10-04 11:33:58', '2019-10-04 11:33:58'),
	(25, 10, 1, 94, 'Out', 3.0000000000, 38.1355932203, 'GST18', 20.6000000000, 0.0000000000, 0.0000000000, 272, NULL, NULL, '2019-10-04 11:33:58', '2019-10-04 11:33:58'),
	(26, 10, 1, 77, 'Out', 3.0000000000, 42.8571428571, 'GST05', 6.4200000000, 0.0000000000, 0.0000000000, 273, NULL, NULL, '2019-10-04 11:33:58', '2019-10-04 11:33:58'),
	(27, 10, 1, 162, 'Out', 3.0000000000, 23.3050847458, 'GST18', 12.5800000000, 0.0000000000, 0.0000000000, 274, NULL, NULL, '2019-10-04 11:33:59', '2019-10-04 11:33:59'),
	(28, 10, 1, 136, 'Out', 3.0000000000, 22.1429687500, 'GST28+', 26.5700000000, 0.0000000000, 0.0000000000, 275, NULL, NULL, '2019-10-04 11:33:59', '2019-10-04 11:33:59'),
	(29, 10, 1, 207, 'Out', 1.0000000000, 66.9642857143, 'GST12', 8.0400000000, 0.0000000000, 0.0000000000, 276, NULL, NULL, '2019-10-04 11:33:59', '2019-10-04 11:33:59'),
	(30, 11, 1, 186, 'Out', 30.0000000000, 7.0000000000, 'GST12', 25.2000000000, 0.0000000000, 0.0000000000, 268, NULL, NULL, '2019-10-04 11:33:59', '2019-10-04 11:33:59'),
	(31, 11, 1, 137, 'Out', 5.0000000000, 22.1429687500, 'GST28+', 44.2900000000, 0.0000000000, 0.0000000000, 269, NULL, NULL, '2019-10-04 11:33:59', '2019-10-04 11:33:59'),
	(32, 12, 1, 92, 'Out', 3.0000000000, 18.6440677966, 'GST18', 10.0600000000, 0.0000000000, 0.0000000000, 255, NULL, NULL, '2019-10-04 11:33:59', '2019-10-04 11:33:59'),
	(33, 12, 1, 78, 'Out', 6.0000000000, 20.9523809524, 'GST05', 6.2800000000, 0.0000000000, 0.0000000000, 257, NULL, NULL, '2019-10-04 11:33:59', '2019-10-04 11:33:59'),
	(34, 12, 1, 77, 'Out', 4.0000000000, 42.8571428571, 'GST05', 8.5800000000, 0.0000000000, 0.0000000000, 258, NULL, NULL, '2019-10-04 11:33:59', '2019-10-04 11:33:59'),
	(35, 12, 1, 116, 'Out', 1.0000000000, 49.1071428571, 'GST12', 5.9000000000, 0.0000000000, 0.0000000000, 260, NULL, NULL, '2019-10-04 11:33:59', '2019-10-04 11:33:59'),
	(36, 12, 1, 117, 'Out', 1.0000000000, 49.1071428571, 'GST12', 5.9000000000, 0.0000000000, 0.0000000000, 261, NULL, NULL, '2019-10-04 11:33:59', '2019-10-04 11:33:59'),
	(37, 12, 1, 168, 'Out', 3.0000000000, 16.9491525424, 'GST18', 9.1600000000, 0.0000000000, 0.0000000000, 262, NULL, NULL, '2019-10-04 11:33:59', '2019-10-04 11:33:59'),
	(38, 12, 1, 161, 'Out', 6.0000000000, 23.3050847458, 'GST18', 25.1600000000, 0.0000000000, 0.0000000000, 263, NULL, NULL, '2019-10-04 11:33:59', '2019-10-04 11:33:59'),
	(39, 12, 1, 169, 'Out', 3.0000000000, 30.5084745763, 'GST18', 16.4800000000, 0.0000000000, 0.0000000000, 265, NULL, NULL, '2019-10-04 11:33:59', '2019-10-04 11:33:59'),
	(40, 12, 1, 159, 'Out', 6.0000000000, 7.6271186441, 'GST18', 8.2400000000, 0.0000000000, 0.0000000000, 266, NULL, NULL, '2019-10-04 11:33:59', '2019-10-04 11:33:59'),
	(41, 12, 1, 157, 'Out', 3.0000000000, 15.2542372881, 'GST18', 8.2400000000, 0.0000000000, 0.0000000000, 267, NULL, NULL, '2019-10-04 11:33:59', '2019-10-04 11:33:59'),
	(42, 13, 1, 104, 'Out', 6.0000000000, 21.1864406780, 'GST18', 22.8800000000, 0.0000000000, 0.0000000000, 248, NULL, NULL, '2019-10-04 11:33:59', '2019-10-04 11:33:59'),
	(43, 13, 1, 69, 'Out', 3.0000000000, 28.5714285714, 'GST05', 4.2800000000, 0.0000000000, 0.0000000000, 249, NULL, NULL, '2019-10-04 11:34:00', '2019-10-04 11:34:00'),
	(44, 13, 1, 157, 'Out', 3.0000000000, 15.2542372881, 'GST18', 8.2400000000, 0.0000000000, 0.0000000000, 250, NULL, NULL, '2019-10-04 11:34:00', '2019-10-04 11:34:00'),
	(45, 13, 1, 158, 'Out', 6.0000000000, 15.2542372881, 'GST18', 16.4800000000, 0.0000000000, 0.0000000000, 252, NULL, NULL, '2019-10-04 11:34:00', '2019-10-04 11:34:00'),
	(46, 13, 1, 162, 'Out', 3.0000000000, 23.3050847458, 'GST18', 12.5800000000, 0.0000000000, 0.0000000000, 253, NULL, NULL, '2019-10-04 11:34:00', '2019-10-04 11:34:00'),
	(47, 13, 1, 159, 'Out', 6.0000000000, 7.6271186441, 'GST18', 8.2400000000, 0.0000000000, 0.0000000000, 254, NULL, NULL, '2019-10-04 11:34:00', '2019-10-04 11:34:00'),
	(48, 14, 1, 58, 'Out', 5.0000000000, 23.8095238095, 'GST05', 5.9600000000, 0.0000000000, 0.0000000000, 240, NULL, NULL, '2019-10-04 11:34:00', '2019-10-04 11:34:00'),
	(49, 14, 1, 50, 'Out', 3.0000000000, 40.0000000000, 'GST05', 6.0000000000, 0.0000000000, 0.0000000000, 241, NULL, NULL, '2019-10-04 11:34:00', '2019-10-04 11:34:00'),
	(50, 14, 1, 69, 'Out', 3.0000000000, 28.5714285714, 'GST05', 4.2800000000, 0.0000000000, 0.0000000000, 242, NULL, NULL, '2019-10-04 11:34:00', '2019-10-04 11:34:00'),
	(51, 14, 1, 92, 'Out', 6.0000000000, 18.6440677966, 'GST18', 20.1400000000, 0.0000000000, 0.0000000000, 243, NULL, NULL, '2019-10-04 11:34:00', '2019-10-04 11:34:00'),
	(52, 14, 1, 111, 'Out', 3.0000000000, 17.8571428571, 'GST12', 6.4200000000, 0.0000000000, 0.0000000000, 244, NULL, NULL, '2019-10-04 11:34:00', '2019-10-04 11:34:00'),
	(53, 14, 1, 110, 'Out', 3.0000000000, 17.8571428571, 'GST12', 6.4200000000, 0.0000000000, 0.0000000000, 245, NULL, NULL, '2019-10-04 11:34:00', '2019-10-04 11:34:00'),
	(54, 14, 1, 121, 'Out', 1.0000000000, 116.0714285714, 'GST12', 13.9200000000, 0.0000000000, 0.0000000000, 246, NULL, NULL, '2019-10-04 11:34:00', '2019-10-04 11:34:00'),
	(55, 14, 1, 25, 'Out', 1.0000000000, 104.7619047619, 'GST05', 5.2400000000, 0.0000000000, 0.0000000000, 247, NULL, NULL, '2019-10-04 11:34:00', '2019-10-04 11:34:00'),
	(56, 15, 1, 34, 'Out', 1.0000000000, 547.6190476190, 'GST05', 27.3800000000, 0.0000000000, 0.0000000000, 224, NULL, NULL, '2019-10-04 11:34:00', '2019-10-04 11:34:00'),
	(57, 15, 1, 28, 'Out', 2.0000000000, 104.7619047619, 'GST05', 10.4800000000, 0.0000000000, 0.0000000000, 225, NULL, NULL, '2019-10-04 11:34:00', '2019-10-04 11:34:00'),
	(58, 15, 1, 10, 'Out', 1.0000000000, 152.3809523810, 'GST05', 7.1400000000, 9.5000000000, 0.0000000000, 226, NULL, NULL, '2019-10-04 11:34:00', '2019-10-04 11:34:00'),
	(59, 15, 1, 36, 'Out', 2.0000000000, 61.9047619048, 'GST05', 6.2000000000, 0.0000000000, 0.0000000000, 227, NULL, NULL, '2019-10-04 11:34:00', '2019-10-04 11:34:00'),
	(60, 15, 1, 81, 'Out', 6.0000000000, 43.8095238095, 'GST05', 13.1400000000, 0.0000000000, 0.0000000000, 228, NULL, NULL, '2019-10-04 11:34:00', '2019-10-04 11:34:00'),
	(61, 15, 1, 39, 'Out', 0.5000000000, 238.0952380952, 'GST05', 5.9600000000, 0.0000000000, 0.0000000000, 229, NULL, NULL, '2019-10-04 11:34:00', '2019-10-04 11:34:00'),
	(62, 15, 1, 102, 'Out', 12.0000000000, 13.5593220339, 'GST18', 29.2800000000, 0.0000000000, 0.0000000000, 230, NULL, NULL, '2019-10-04 11:34:01', '2019-10-04 11:34:01'),
	(63, 15, 1, 92, 'Out', 6.0000000000, 18.6440677966, 'GST18', 20.1400000000, 0.0000000000, 0.0000000000, 231, NULL, NULL, '2019-10-04 11:34:01', '2019-10-04 11:34:01'),
	(64, 15, 1, 111, 'Out', 6.0000000000, 17.8571428571, 'GST12', 12.8600000000, 0.0000000000, 0.0000000000, 232, NULL, NULL, '2019-10-04 11:34:01', '2019-10-04 11:34:01'),
	(65, 15, 1, 110, 'Out', 6.0000000000, 17.8571428571, 'GST12', 12.8600000000, 0.0000000000, 0.0000000000, 233, NULL, NULL, '2019-10-04 11:34:01', '2019-10-04 11:34:01'),
	(66, 15, 1, 112, 'Out', 6.0000000000, 31.2500000000, 'GST12', 22.5000000000, 0.0000000000, 0.0000000000, 234, NULL, NULL, '2019-10-04 11:34:01', '2019-10-04 11:34:01'),
	(67, 15, 1, 58, 'Out', 20.0000000000, 23.8095238095, 'GST05', 23.8000000000, 0.0000000000, 0.0000000000, 239, NULL, NULL, '2019-10-04 11:34:01', '2019-10-04 11:34:01'),
	(68, 16, 1, 104, 'Out', 6.0000000000, 21.1864406780, 'GST18', 22.8800000000, 0.0000000000, 0.0000000000, 220, NULL, NULL, '2019-10-04 11:34:01', '2019-10-04 11:34:01'),
	(69, 16, 1, 157, 'Out', 6.0000000000, 15.2542372881, 'GST18', 16.4800000000, 0.0000000000, 0.0000000000, 222, NULL, NULL, '2019-10-04 11:34:01', '2019-10-04 11:34:01'),
	(70, 16, 1, 168, 'Out', 6.0000000000, 16.9491525424, 'GST18', 18.3000000000, 0.0000000000, 0.0000000000, 223, NULL, NULL, '2019-10-04 11:34:01', '2019-10-04 11:34:01'),
	(71, 16, 1, 186, 'Out', 30.0000000000, 7.0000000000, 'GST12', 25.2000000000, 0.0000000000, 0.0000000000, NULL, NULL, NULL, '2019-10-04 11:34:01', '2019-10-04 11:34:01'),
	(72, 17, 1, 93, 'Out', 6.0000000000, 42.3728813559, 'GST18', 45.7600000000, 0.0000000000, 0.0000000000, 197, NULL, NULL, '2019-10-04 11:34:01', '2019-10-04 11:34:01'),
	(73, 17, 1, 92, 'Out', 3.0000000000, 18.6440677966, 'GST18', 10.0600000000, 0.0000000000, 0.0000000000, 198, NULL, NULL, '2019-10-04 11:34:01', '2019-10-04 11:34:01'),
	(74, 17, 1, 95, 'Out', 6.0000000000, 7.0593220339, 'GST18', 7.6200000000, 0.0000000000, 0.0000000000, 199, NULL, NULL, '2019-10-04 11:34:01', '2019-10-04 11:34:01'),
	(75, 17, 1, 103, 'Out', 6.0000000000, 13.9830508475, 'GST18', 15.1000000000, 0.0000000000, 0.0000000000, 200, NULL, NULL, '2019-10-04 11:34:01', '2019-10-04 11:34:01'),
	(76, 17, 1, 66, 'Out', 6.0000000000, 21.9047619048, 'GST05', 6.5800000000, 0.0000000000, 0.0000000000, 201, NULL, NULL, '2019-10-04 11:34:01', '2019-10-04 11:34:01'),
	(77, 17, 1, 50, 'Out', 3.0000000000, 40.0000000000, 'GST05', 6.0000000000, 0.0000000000, 0.0000000000, 202, NULL, NULL, '2019-10-04 11:34:01', '2019-10-04 11:34:01'),
	(78, 17, 1, 53, 'Out', 3.0000000000, 20.9523809524, 'GST05', 3.1400000000, 0.0000000000, 0.0000000000, 203, NULL, NULL, '2019-10-04 11:34:01', '2019-10-04 11:34:01'),
	(79, 17, 1, 69, 'Out', 3.0000000000, 28.5714285714, 'GST05', 4.2800000000, 0.0000000000, 0.0000000000, 204, NULL, NULL, '2019-10-04 11:34:02', '2019-10-04 11:34:02'),
	(80, 17, 1, 158, 'Out', 10.0000000000, 15.2542372881, 'GST18', 27.4600000000, 0.0000000000, 0.0000000000, 205, NULL, NULL, '2019-10-04 11:34:02', '2019-10-04 11:34:02'),
	(81, 17, 1, 162, 'Out', 10.0000000000, 23.3050847458, 'GST18', 41.9400000000, 0.0000000000, 0.0000000000, 206, NULL, NULL, '2019-10-04 11:34:02', '2019-10-04 11:34:02'),
	(82, 17, 1, 169, 'Out', 6.0000000000, 30.5084745763, 'GST18', 32.9400000000, 0.0000000000, 0.0000000000, 207, NULL, NULL, '2019-10-04 11:34:02', '2019-10-04 11:34:02'),
	(83, 17, 1, 161, 'Out', 6.0000000000, 23.3050847458, 'GST18', 25.1600000000, 0.0000000000, 0.0000000000, 208, NULL, NULL, '2019-10-04 11:34:02', '2019-10-04 11:34:02'),
	(84, 17, 1, 170, 'Out', 6.0000000000, 15.2542372881, 'GST18', 16.4800000000, 0.0000000000, 0.0000000000, 209, NULL, NULL, '2019-10-04 11:34:02', '2019-10-04 11:34:02'),
	(85, 17, 1, 157, 'Out', 12.0000000000, 15.2542372881, 'GST18', 32.9400000000, 0.0000000000, 0.0000000000, 210, NULL, NULL, '2019-10-04 11:34:02', '2019-10-04 11:34:02'),
	(86, 17, 1, 159, 'Out', 12.0000000000, 7.6271186441, 'GST18', 16.4800000000, 0.0000000000, 0.0000000000, 211, NULL, NULL, '2019-10-04 11:34:02', '2019-10-04 11:34:02'),
	(87, 17, 1, 137, 'Out', 6.0000000000, 22.1429687500, 'GST28+', 53.1400000000, 0.0000000000, 0.0000000000, 212, NULL, NULL, '2019-10-04 11:34:02', '2019-10-04 11:34:02'),
	(88, 17, 1, 136, 'Out', 6.0000000000, 22.1429687500, 'GST28+', 53.1400000000, 0.0000000000, 0.0000000000, 213, NULL, NULL, '2019-10-04 11:34:02', '2019-10-04 11:34:02'),
	(89, 17, 1, 186, 'Out', 30.0000000000, 7.0000000000, 'GST12', 25.2000000000, 0.0000000000, 0.0000000000, 214, NULL, NULL, '2019-10-04 11:34:02', '2019-10-04 11:34:02'),
	(90, 17, 1, 190, 'Out', 15.0000000000, 7.1428571429, 'GST12', 12.8600000000, 0.0000000000, 0.0000000000, 215, NULL, NULL, '2019-10-04 11:34:02', '2019-10-04 11:34:02'),
	(91, 17, 1, 183, 'Out', 15.0000000000, 7.0000000000, 'GST12', 12.6000000000, 0.0000000000, 0.0000000000, 216, NULL, NULL, '2019-10-04 11:34:02', '2019-10-04 11:34:02'),
	(92, 17, 1, 128, 'Out', 6.0000000000, 7.1428571429, 'GST12', 5.1400000000, 0.0000000000, 0.0000000000, 217, NULL, NULL, '2019-10-04 11:34:02', '2019-10-04 11:34:02'),
	(93, 17, 1, 129, 'Out', 6.0000000000, 7.1428571429, 'GST12', 5.1400000000, 0.0000000000, 0.0000000000, 218, NULL, NULL, '2019-10-04 11:34:02', '2019-10-04 11:34:02'),
	(94, 17, 1, 130, 'Out', 6.0000000000, 14.2857142857, 'GST12', 10.2800000000, 0.0000000000, 0.0000000000, 219, NULL, NULL, '2019-10-04 11:34:02', '2019-10-04 11:34:02'),
	(95, 18, 1, 77, 'Out', 6.0000000000, 42.8571428571, 'GST05', 12.8600000000, 0.0000000000, 0.0000000000, 191, NULL, NULL, '2019-10-04 11:34:02', '2019-10-04 11:34:02'),
	(96, 18, 1, 104, 'Out', 6.0000000000, 21.1864406780, 'GST18', 22.8800000000, 0.0000000000, 0.0000000000, 192, NULL, NULL, '2019-10-04 11:34:03', '2019-10-04 11:34:03'),
	(97, 18, 1, 102, 'Out', 6.0000000000, 13.5593220339, 'GST18', 14.6400000000, 0.0000000000, 0.0000000000, 193, NULL, NULL, '2019-10-04 11:34:03', '2019-10-04 11:34:03'),
	(98, 18, 1, 92, 'Out', 6.0000000000, 18.6440677966, 'GST18', 20.1400000000, 0.0000000000, 0.0000000000, 194, NULL, NULL, '2019-10-04 11:34:03', '2019-10-04 11:34:03'),
	(99, 18, 1, 50, 'Out', 2.0000000000, 40.0000000000, 'GST05', 4.0000000000, 0.0000000000, 0.0000000000, 195, NULL, NULL, '2019-10-04 11:34:03', '2019-10-04 11:34:03'),
	(100, 18, 1, 51, 'Out', 6.0000000000, 28.5714285714, 'GST05', 8.5800000000, 0.0000000000, 0.0000000000, 196, NULL, NULL, '2019-10-04 11:34:03', '2019-10-04 11:34:03'),
	(101, 19, 1, 104, 'Out', 6.0000000000, 21.1864406780, 'GST18', 22.8800000000, 0.0000000000, 0.0000000000, 188, NULL, NULL, '2019-10-04 11:34:03', '2019-10-04 11:34:03'),
	(102, 19, 1, 92, 'Out', 6.0000000000, 18.6440677966, 'GST18', 20.1400000000, 0.0000000000, 0.0000000000, 189, NULL, NULL, '2019-10-04 11:34:03', '2019-10-04 11:34:03'),
	(103, 19, 1, 50, 'Out', 3.0000000000, 40.0000000000, 'GST05', 6.0000000000, 0.0000000000, 0.0000000000, 190, NULL, NULL, '2019-10-04 11:34:03', '2019-10-04 11:34:03'),
	(104, 20, 1, 169, 'Out', 12.0000000000, 30.5084745763, 'GST18', 65.9000000000, 0.0000000000, 0.0000000000, 180, NULL, NULL, '2019-10-04 11:34:03', '2019-10-04 11:34:03'),
	(105, 20, 1, 161, 'Out', 6.0000000000, 23.3050847458, 'GST18', 25.1600000000, 0.0000000000, 0.0000000000, 181, NULL, NULL, '2019-10-04 11:34:03', '2019-10-04 11:34:03'),
	(106, 20, 1, 157, 'Out', 12.0000000000, 15.2542372881, 'GST18', 32.9400000000, 0.0000000000, 0.0000000000, 182, NULL, NULL, '2019-10-04 11:34:03', '2019-10-04 11:34:03'),
	(107, 20, 1, 158, 'Out', 6.0000000000, 15.2542372881, 'GST18', 16.4800000000, 0.0000000000, 0.0000000000, 183, NULL, NULL, '2019-10-04 11:34:03', '2019-10-04 11:34:03'),
	(108, 20, 1, 170, 'Out', 12.0000000000, 15.2542372881, 'GST18', 32.9400000000, 0.0000000000, 0.0000000000, 184, NULL, NULL, '2019-10-04 11:34:03', '2019-10-04 11:34:03'),
	(109, 20, 1, 50, 'Out', 4.0000000000, 40.0000000000, 'GST05', 8.0000000000, 0.0000000000, 0.0000000000, 185, NULL, NULL, '2019-10-04 11:34:03', '2019-10-04 11:34:03'),
	(110, 20, 1, 111, 'Out', 3.0000000000, 17.8571428571, 'GST12', 6.4200000000, 0.0000000000, 0.0000000000, 186, NULL, NULL, '2019-10-04 11:34:03', '2019-10-04 11:34:03'),
	(111, 20, 1, 110, 'Out', 3.0000000000, 17.8571428571, 'GST12', 6.4200000000, 0.0000000000, 0.0000000000, 187, NULL, NULL, '2019-10-04 11:34:03', '2019-10-04 11:34:03'),
	(112, 21, 1, 186, 'Out', 30.0000000000, 7.0000000000, 'GST12', 25.2000000000, 0.0000000000, 0.0000000000, 164, NULL, NULL, '2019-10-04 11:34:04', '2019-10-04 11:34:04'),
	(113, 21, 1, 157, 'Out', 36.0000000000, 15.1000000000, 'GST18', 97.8400000000, 0.0000000000, 0.0000000000, 166, NULL, NULL, '2019-10-04 11:34:04', '2019-10-04 11:34:04'),
	(114, 21, 1, 162, 'Out', 12.0000000000, 23.3050847458, 'GST18', 50.3400000000, 0.0000000000, 0.0000000000, 167, NULL, NULL, '2019-10-04 11:34:04', '2019-10-04 11:34:04'),
	(115, 21, 1, 161, 'Out', 12.0000000000, 23.3050847458, 'GST18', 50.3400000000, 0.0000000000, 0.0000000000, 168, NULL, NULL, '2019-10-04 11:34:04', '2019-10-04 11:34:04'),
	(116, 21, 1, 158, 'Out', 50.0000000000, 15.0800000000, 'GST18', 135.7200000000, 0.0000000000, 0.0000000000, 169, NULL, NULL, '2019-10-04 11:34:04', '2019-10-04 11:34:04'),
	(117, 21, 1, 160, 'Out', 12.0000000000, 7.7683559322, 'GST18', 16.7800000000, 0.0000000000, 0.0000000000, 170, NULL, NULL, '2019-10-04 11:34:04', '2019-10-04 11:34:04'),
	(118, 21, 1, 168, 'Out', 12.0000000000, 16.9491525424, 'GST18', 36.6200000000, 0.0000000000, 0.0000000000, 172, NULL, NULL, '2019-10-04 11:34:04', '2019-10-04 11:34:04'),
	(119, 21, 1, 159, 'Out', 12.0000000000, 7.6271186441, 'GST18', 16.4800000000, 0.0000000000, 0.0000000000, 173, NULL, NULL, '2019-10-04 11:34:04', '2019-10-04 11:34:04'),
	(120, 21, 1, 164, 'Out', 6.0000000000, 51.6949152542, 'GST18', 55.8400000000, 0.0000000000, 0.0000000000, 174, NULL, NULL, '2019-10-04 11:34:04', '2019-10-04 11:34:04'),
	(121, 21, 1, 58, 'Out', 6.0000000000, 23.8095238095, 'GST05', 7.1400000000, 0.0000000000, 0.0000000000, 175, NULL, NULL, '2019-10-04 11:34:04', '2019-10-04 11:34:04'),
	(122, 21, 1, 50, 'Out', 3.0000000000, 40.0000000000, 'GST05', 6.0000000000, 0.0000000000, 0.0000000000, 176, NULL, NULL, '2019-10-04 11:34:04', '2019-10-04 11:34:04'),
	(123, 21, 1, 178, 'Out', 6.0000000000, 9.3220338983, 'GST18', 10.0600000000, 0.0000000000, 0.0000000000, 177, NULL, NULL, '2019-10-04 11:34:04', '2019-10-04 11:34:04'),
	(124, 21, 1, 81, 'Out', 6.0000000000, 43.8095238095, 'GST05', 13.1400000000, 0.0000000000, 0.0000000000, 178, NULL, NULL, '2019-10-04 11:34:04', '2019-10-04 11:34:04'),
	(125, 21, 1, 82, 'Out', 10.0000000000, 21.4285714286, 'GST05', 10.7200000000, 0.0000000000, 0.0000000000, 179, NULL, NULL, '2019-10-04 11:34:04', '2019-10-04 11:34:04'),
	(126, 22, 1, 169, 'Out', 6.0000000000, 30.5084745763, 'GST18', 32.9400000000, 0.0000000000, 0.0000000000, 155, NULL, NULL, '2019-10-04 11:34:04', '2019-10-04 11:34:04'),
	(127, 22, 1, 50, 'Out', 10.0000000000, 40.0000000000, 'GST05', 20.0000000000, 0.0000000000, 0.0000000000, 156, NULL, NULL, '2019-10-04 11:34:05', '2019-10-04 11:34:05'),
	(128, 22, 1, 101, 'Out', 6.0000000000, 21.1864406780, 'GST18', 22.8800000000, 0.0000000000, 0.0000000000, 158, NULL, NULL, '2019-10-04 11:34:05', '2019-10-04 11:34:05'),
	(129, 22, 1, 92, 'Out', 10.0000000000, 18.6440677966, 'GST18', 33.5600000000, 0.0000000000, 0.0000000000, 159, NULL, NULL, '2019-10-04 11:34:05', '2019-10-04 11:34:05'),
	(130, 22, 1, 94, 'Out', 3.0000000000, 38.1355932203, 'GST18', 20.6000000000, 0.0000000000, 0.0000000000, 160, NULL, NULL, '2019-10-04 11:34:05', '2019-10-04 11:34:05'),
	(131, 22, 1, 82, 'Out', 10.0000000000, 21.4285714286, 'GST05', 10.7200000000, 0.0000000000, 0.0000000000, 161, NULL, NULL, '2019-10-04 11:34:05', '2019-10-04 11:34:05'),
	(132, 22, 1, 158, 'Out', 6.0000000000, 15.2542372881, 'GST18', 16.4800000000, 0.0000000000, 0.0000000000, 162, NULL, NULL, '2019-10-04 11:34:05', '2019-10-04 11:34:05'),
	(133, 22, 1, 157, 'Out', 10.0000000000, 15.2542372881, 'GST18', 27.4600000000, 0.0000000000, 0.0000000000, 163, NULL, NULL, '2019-10-04 11:34:05', '2019-10-04 11:34:05'),
	(134, 23, 1, 89, 'Out', 2.0000000000, 80.9523809524, 'GST05', 8.1000000000, 0.0000000000, 0.0000000000, 145, NULL, NULL, '2019-10-04 11:34:05', '2019-10-04 11:34:05'),
	(135, 23, 1, 77, 'Out', 2.0000000000, 42.8571428571, 'GST05', 4.2800000000, 0.0000000000, 0.0000000000, 146, NULL, NULL, '2019-10-04 11:34:05', '2019-10-04 11:34:05'),
	(136, 23, 1, 120, 'Out', 2.0000000000, 22.3214285714, 'GST12', 5.3600000000, 0.0000000000, 0.0000000000, 147, NULL, NULL, '2019-10-04 11:34:05', '2019-10-04 11:34:05'),
	(137, 23, 1, 104, 'Out', 6.0000000000, 21.1864406780, 'GST18', 22.8800000000, 0.0000000000, 0.0000000000, 148, NULL, NULL, '2019-10-04 11:34:05', '2019-10-04 11:34:05'),
	(138, 23, 1, 116, 'Out', 1.0000000000, 49.1071428571, 'GST12', 5.9000000000, 0.0000000000, 0.0000000000, 149, NULL, NULL, '2019-10-04 11:34:05', '2019-10-04 11:34:05'),
	(139, 23, 1, 117, 'Out', 1.0000000000, 49.1071428571, 'GST12', 5.9000000000, 0.0000000000, 0.0000000000, 150, NULL, NULL, '2019-10-04 11:34:05', '2019-10-04 11:34:05'),
	(140, 23, 1, 58, 'Out', 6.0000000000, 23.8095238095, 'GST05', 7.1400000000, 0.0000000000, 0.0000000000, 151, NULL, NULL, '2019-10-04 11:34:05', '2019-10-04 11:34:05'),
	(141, 23, 1, 66, 'Out', 6.0000000000, 21.9047619048, 'GST05', 6.5800000000, 0.0000000000, 0.0000000000, 152, NULL, NULL, '2019-10-04 11:34:05', '2019-10-04 11:34:05'),
	(142, 23, 1, 2, 'Out', 1.0000000000, 123.8095238095, 'GST05', 5.9400000000, 5.0000000000, 0.0000000000, 153, NULL, NULL, '2019-10-04 11:34:05', '2019-10-04 11:34:05'),
	(143, 23, 1, 12, 'Out', 0.5000000000, 233.3333333333, 'GST05', 5.8400000000, 0.0000000000, 0.0000000000, 154, NULL, NULL, '2019-10-04 11:34:06', '2019-10-04 11:34:06'),
	(144, 24, 1, 94, 'Out', 10.0000000000, 38.1355932203, 'GST18', 68.6400000000, 0.0000000000, 0.0000000000, 137, NULL, NULL, '2019-10-04 11:34:06', '2019-10-04 11:34:06'),
	(145, 24, 1, 50, 'Out', 3.0000000000, 40.0000000000, 'GST05', 6.0000000000, 0.0000000000, 0.0000000000, 138, NULL, NULL, '2019-10-04 11:34:06', '2019-10-04 11:34:06'),
	(146, 24, 1, 168, 'Out', 6.0000000000, 16.9491525424, 'GST18', 18.3000000000, 0.0000000000, 0.0000000000, 139, NULL, NULL, '2019-10-04 11:34:06', '2019-10-04 11:34:06'),
	(147, 24, 1, 157, 'Out', 10.0000000000, 15.2542372881, 'GST18', 27.4600000000, 0.0000000000, 0.0000000000, 140, NULL, NULL, '2019-10-04 11:34:06', '2019-10-04 11:34:06'),
	(148, 24, 1, 159, 'Out', 6.0000000000, 7.6271186441, 'GST18', 8.2400000000, 0.0000000000, 0.0000000000, 141, NULL, NULL, '2019-10-04 11:34:06', '2019-10-04 11:34:06'),
	(149, 24, 1, 45, 'Out', 1.0000000000, 85.7142857143, 'GST05', 4.2800000000, 0.0000000000, 0.0000000000, 142, NULL, NULL, '2019-10-04 11:34:06', '2019-10-04 11:34:06'),
	(150, 24, 1, 13, 'Out', 1.0000000000, 247.6190476190, 'GST05', 12.3800000000, 0.0000000000, 0.0000000000, 143, NULL, NULL, '2019-10-04 11:34:06', '2019-10-04 11:34:06'),
	(151, 24, 1, 160, 'Out', 6.0000000000, 7.7683559322, 'GST18', 8.3800000000, 0.0000000000, 0.0000000000, 144, NULL, NULL, '2019-10-04 11:34:06', '2019-10-04 11:34:06'),
	(152, 25, 1, 94, 'Out', 3.0000000000, 38.1355932203, 'GST18', 20.6000000000, 0.0000000000, 0.0000000000, 133, NULL, NULL, '2019-10-04 11:34:06', '2019-10-04 11:34:06'),
	(153, 25, 1, 96, 'Out', 3.0000000000, 33.8983050847, 'GST18', 18.3000000000, 0.0000000000, 0.0000000000, 134, NULL, NULL, '2019-10-04 11:34:06', '2019-10-04 11:34:06'),
	(154, 25, 1, 155, 'Out', 6.0000000000, 22.8813559322, 'GST18', 24.7200000000, 0.0000000000, 0.0000000000, 135, NULL, NULL, '2019-10-04 11:34:06', '2019-10-04 11:34:06'),
	(155, 25, 1, 158, 'Out', 6.0000000000, 15.2542372881, 'GST18', 16.4800000000, 0.0000000000, 0.0000000000, 136, NULL, NULL, '2019-10-04 11:34:06', '2019-10-04 11:34:06'),
	(156, 26, 1, 50, 'Out', 5.0000000000, 40.0000000000, 'GST05', 10.0000000000, 0.0000000000, 0.0000000000, 128, NULL, NULL, '2019-10-04 11:34:06', '2019-10-04 11:34:06'),
	(157, 26, 1, 58, 'Out', 5.0000000000, 23.8095238095, 'GST05', 5.9600000000, 0.0000000000, 0.0000000000, 129, NULL, NULL, '2019-10-04 11:34:06', '2019-10-04 11:34:06'),
	(158, 26, 1, 94, 'Out', 3.0000000000, 38.1355932203, 'GST18', 20.6000000000, 0.0000000000, 0.0000000000, 130, NULL, NULL, '2019-10-04 11:34:06', '2019-10-04 11:34:06'),
	(159, 26, 1, 160, 'Out', 6.0000000000, 7.7683559322, 'GST18', 8.3800000000, 0.0000000000, 0.0000000000, 131, NULL, NULL, '2019-10-04 11:34:06', '2019-10-04 11:34:06'),
	(160, 26, 1, 36, 'Out', 1.0000000000, 61.9047619048, 'GST05', 3.1000000000, 0.0000000000, 0.0000000000, 132, NULL, NULL, '2019-10-04 11:34:07', '2019-10-04 11:34:07'),
	(161, 27, 1, 30, 'Out', 2.0000000000, 109.5238095238, 'GST05', 10.9600000000, 0.0000000000, 0.0000000000, 122, NULL, NULL, '2019-10-04 11:34:07', '2019-10-04 11:34:07'),
	(162, 27, 1, 28, 'Out', 2.0000000000, 104.7619047619, 'GST05', 10.4800000000, 0.0000000000, 0.0000000000, 123, NULL, NULL, '2019-10-04 11:34:07', '2019-10-04 11:34:07'),
	(163, 27, 1, 32, 'Out', 0.5000000000, 133.3333333333, 'GST05', 3.3400000000, 0.0000000000, 0.0000000000, 124, NULL, NULL, '2019-10-04 11:34:07', '2019-10-04 11:34:07'),
	(164, 27, 1, 169, 'Out', 6.0000000000, 30.5084745763, 'GST18', 32.9400000000, 0.0000000000, 0.0000000000, 125, NULL, NULL, '2019-10-04 11:34:07', '2019-10-04 11:34:07'),
	(165, 27, 1, 168, 'Out', 6.0000000000, 16.9491525424, 'GST18', 18.3000000000, 0.0000000000, 0.0000000000, 126, NULL, NULL, '2019-10-04 11:34:07', '2019-10-04 11:34:07'),
	(166, 27, 1, 155, 'Out', 3.0000000000, 22.8813559322, 'GST18', 12.3600000000, 0.0000000000, 0.0000000000, 127, NULL, NULL, '2019-10-04 11:34:07', '2019-10-04 11:34:07'),
	(167, 28, 1, 162, 'Out', 6.0000000000, 23.3050847458, 'GST18', 25.1600000000, 0.0000000000, 0.0000000000, 110, NULL, NULL, '2019-10-04 11:34:07', '2019-10-04 11:34:07'),
	(168, 28, 1, 169, 'Out', 6.0000000000, 30.5084745763, 'GST18', 32.9400000000, 0.0000000000, 0.0000000000, 111, NULL, NULL, '2019-10-04 11:34:07', '2019-10-04 11:34:07'),
	(169, 28, 1, 120, 'Out', 3.0000000000, 22.3214285714, 'GST12', 8.0400000000, 0.0000000000, 0.0000000000, 112, NULL, NULL, '2019-10-04 11:34:08', '2019-10-04 11:34:08'),
	(170, 28, 1, 50, 'Out', 10.0000000000, 40.0000000000, 'GST05', 20.0000000000, 0.0000000000, 0.0000000000, 113, NULL, NULL, '2019-10-04 11:34:08', '2019-10-04 11:34:08'),
	(171, 28, 1, 28, 'Out', 3.0000000000, 104.7619047619, 'GST05', 15.7200000000, 0.0000000000, 0.0000000000, 114, NULL, NULL, '2019-10-04 11:34:08', '2019-10-04 11:34:08'),
	(172, 28, 1, 30, 'Out', 5.0000000000, 109.5238095238, 'GST05', 27.3800000000, 0.0000000000, 0.0000000000, 115, NULL, NULL, '2019-10-04 11:34:08', '2019-10-04 11:34:08'),
	(173, 28, 1, 66, 'Out', 10.0000000000, 21.9047619048, 'GST05', 10.9600000000, 0.0000000000, 0.0000000000, 116, NULL, NULL, '2019-10-04 11:34:08', '2019-10-04 11:34:08'),
	(174, 28, 1, 13, 'Out', 1.0000000000, 247.6190476190, 'GST05', 12.3800000000, 0.0000000000, 0.0000000000, 117, NULL, NULL, '2019-10-04 11:34:08', '2019-10-04 11:34:08'),
	(175, 28, 1, 95, 'Out', 12.0000000000, 7.0593220339, 'GST18', 15.2400000000, 0.0000000000, 0.0000000000, 118, NULL, NULL, '2019-10-04 11:34:08', '2019-10-04 11:34:08'),
	(176, 28, 1, 176, 'Out', 2.0000000000, 161.9047619048, 'GST05', 16.2000000000, 0.0000000000, 0.0000000000, 119, NULL, NULL, '2019-10-04 11:34:08', '2019-10-04 11:34:08'),
	(177, 28, 1, 69, 'Out', 5.0000000000, 28.5714285714, 'GST05', 7.1400000000, 0.0000000000, 0.0000000000, 120, NULL, NULL, '2019-10-04 11:34:08', '2019-10-04 11:34:08'),
	(178, 28, 1, 94, 'Out', 10.0000000000, 38.1355932203, 'GST18', 68.6400000000, 0.0000000000, 0.0000000000, 121, NULL, NULL, '2019-10-04 11:34:08', '2019-10-04 11:34:08'),
	(179, 29, 1, 94, 'Out', 10.0000000000, 38.1355932203, 'GST18', 68.6400000000, 0.0000000000, 0.0000000000, 99, NULL, NULL, '2019-10-04 11:34:08', '2019-10-04 11:34:08'),
	(180, 29, 1, 59, 'Out', 5.0000000000, 47.6190476190, 'GST05', 11.9000000000, 0.0000000000, 0.0000000000, 100, NULL, NULL, '2019-10-04 11:34:08', '2019-10-04 11:34:08'),
	(181, 29, 1, 82, 'Out', 10.0000000000, 21.4285714286, 'GST05', 10.7200000000, 0.0000000000, 0.0000000000, 101, NULL, NULL, '2019-10-04 11:34:08', '2019-10-04 11:34:08'),
	(182, 29, 1, 81, 'Out', 5.0000000000, 43.8095238095, 'GST05', 10.9600000000, 0.0000000000, 0.0000000000, 102, NULL, NULL, '2019-10-04 11:34:08', '2019-10-04 11:34:08'),
	(183, 29, 1, 69, 'Out', 6.0000000000, 28.5714285714, 'GST05', 8.5800000000, 0.0000000000, 0.0000000000, 103, NULL, NULL, '2019-10-04 11:34:08', '2019-10-04 11:34:08'),
	(184, 29, 1, 50, 'Out', 5.0000000000, 40.0000000000, 'GST05', 10.0000000000, 0.0000000000, 0.0000000000, 104, NULL, NULL, '2019-10-04 11:34:08', '2019-10-04 11:34:08'),
	(185, 29, 1, 115, 'Out', 3.0000000000, 31.2500000000, 'GST12', 11.2600000000, 0.0000000000, 0.0000000000, 105, NULL, NULL, '2019-10-04 11:34:08', '2019-10-04 11:34:08'),
	(186, 29, 1, 114, 'Out', 3.0000000000, 31.2500000000, 'GST12', 11.2600000000, 0.0000000000, 0.0000000000, 106, NULL, NULL, '2019-10-04 11:34:09', '2019-10-04 11:34:09'),
	(187, 29, 1, 71, 'Out', 3.0000000000, 23.8095238095, 'GST05', 3.5800000000, 0.0000000000, 0.0000000000, 107, NULL, NULL, '2019-10-04 11:34:09', '2019-10-04 11:34:09'),
	(188, 29, 1, 157, 'Out', 6.0000000000, 15.2542372881, 'GST18', 16.4800000000, 0.0000000000, 0.0000000000, 108, NULL, NULL, '2019-10-04 11:34:09', '2019-10-04 11:34:09'),
	(189, 29, 1, 86, 'Out', 10.0000000000, 77.1428571429, 'GST05', 38.5800000000, 0.0000000000, 0.0000000000, 109, NULL, NULL, '2019-10-04 11:34:09', '2019-10-04 11:34:09'),
	(190, 30, 1, 88, 'Out', 10.0000000000, 60.0000000000, 'GST05', 30.0000000000, 0.0000000000, 0.0000000000, 94, NULL, NULL, '2019-10-04 11:34:09', '2019-10-04 11:34:09'),
	(191, 30, 1, 50, 'Out', 2.0000000000, 40.0000000000, 'GST05', 4.0000000000, 0.0000000000, 0.0000000000, 95, NULL, NULL, '2019-10-04 11:34:09', '2019-10-04 11:34:09'),
	(192, 30, 1, 58, 'Out', 3.0000000000, 23.8095238095, 'GST05', 3.5800000000, 0.0000000000, 0.0000000000, 96, NULL, NULL, '2019-10-04 11:34:09', '2019-10-04 11:34:09'),
	(193, 30, 1, 120, 'Out', 1.0000000000, 22.3214285714, 'GST12', 2.6800000000, 0.0000000000, 0.0000000000, 97, NULL, NULL, '2019-10-04 11:34:09', '2019-10-04 11:34:09'),
	(194, 30, 1, 94, 'Out', 2.0000000000, 38.1355932203, 'GST18', 13.7200000000, 0.0000000000, 0.0000000000, 98, NULL, NULL, '2019-10-04 11:34:09', '2019-10-04 11:34:09'),
	(195, 31, 1, 91, 'Out', 6.0000000000, 20.9523809524, 'GST05', 6.2800000000, 0.0000000000, 0.0000000000, 80, NULL, NULL, '2019-10-04 11:34:09', '2019-10-04 11:34:09'),
	(196, 31, 1, 24, 'Out', 1.0000000000, 104.7619047619, 'GST05', 5.2400000000, 0.0000000000, 0.0000000000, 81, NULL, NULL, '2019-10-04 11:34:09', '2019-10-04 11:34:09'),
	(197, 31, 1, 36, 'Out', 1.0000000000, 61.9047619048, 'GST05', 3.1000000000, 0.0000000000, 0.0000000000, 82, NULL, NULL, '2019-10-04 11:34:09', '2019-10-04 11:34:09'),
	(198, 31, 1, 66, 'Out', 4.0000000000, 21.9047619048, 'GST05', 4.3800000000, 0.0000000000, 0.0000000000, 83, NULL, NULL, '2019-10-04 11:34:09', '2019-10-04 11:34:09'),
	(199, 31, 1, 94, 'Out', 3.0000000000, 38.1355932203, 'GST18', 20.6000000000, 0.0000000000, 0.0000000000, 84, NULL, NULL, '2019-10-04 11:34:09', '2019-10-04 11:34:09'),
	(200, 31, 1, 58, 'Out', 4.0000000000, 23.8095238095, 'GST05', 4.7600000000, 0.0000000000, 0.0000000000, 85, NULL, NULL, '2019-10-04 11:34:09', '2019-10-04 11:34:09'),
	(201, 31, 1, 191, 'Out', 6.0000000000, 7.0000000000, 'GST18', 7.5600000000, 0.0000000000, 0.0000000000, 86, NULL, NULL, '2019-10-04 11:34:09', '2019-10-04 11:34:09'),
	(202, 31, 1, 192, 'Out', 3.0000000000, 21.1864406780, 'GST18', 11.4400000000, 0.0000000000, 0.0000000000, 87, NULL, NULL, '2019-10-04 11:34:10', '2019-10-04 11:34:10'),
	(203, 31, 1, 102, 'Out', 3.0000000000, 13.5593220339, 'GST18', 7.3200000000, 0.0000000000, 0.0000000000, 88, NULL, NULL, '2019-10-04 11:34:10', '2019-10-04 11:34:10'),
	(204, 31, 1, 87, 'Out', 10.0000000000, 39.0476190476, 'GST05', 19.5200000000, 0.0000000000, 0.0000000000, 89, NULL, NULL, '2019-10-04 11:34:10', '2019-10-04 11:34:10'),
	(205, 31, 1, 157, 'Out', 6.0000000000, 15.2542372881, 'GST18', 16.4800000000, 0.0000000000, 0.0000000000, 90, NULL, NULL, '2019-10-04 11:34:10', '2019-10-04 11:34:10'),
	(206, 31, 1, 158, 'Out', 3.0000000000, 15.2542372881, 'GST18', 8.2400000000, 0.0000000000, 0.0000000000, 91, NULL, NULL, '2019-10-04 11:34:10', '2019-10-04 11:34:10'),
	(207, 31, 1, 104, 'Out', 3.0000000000, 21.1864406780, 'GST18', 11.4400000000, 0.0000000000, 0.0000000000, 92, NULL, NULL, '2019-10-04 11:34:10', '2019-10-04 11:34:10'),
	(208, 31, 1, 201, 'Out', 1.0000000000, 88.9830508475, 'GST18', 16.0200000000, 0.0000000000, 0.0000000000, 93, NULL, NULL, '2019-10-04 11:34:10', '2019-10-04 11:34:10'),
	(209, 32, 1, 170, 'Out', 6.0000000000, 15.2542372881, 'GST18', 16.4800000000, 0.0000000000, 0.0000000000, 69, NULL, NULL, '2019-10-04 11:34:10', '2019-10-04 11:34:10'),
	(210, 32, 1, 69, 'Out', 6.0000000000, 28.5714285714, 'GST05', 8.5800000000, 0.0000000000, 0.0000000000, 70, NULL, NULL, '2019-10-04 11:34:10', '2019-10-04 11:34:10'),
	(211, 32, 1, 58, 'Out', 6.0000000000, 23.8095238095, 'GST05', 7.1400000000, 0.0000000000, 0.0000000000, 71, NULL, NULL, '2019-10-04 11:34:10', '2019-10-04 11:34:10'),
	(212, 32, 1, 91, 'Out', 6.0000000000, 20.9523809524, 'GST05', 6.2800000000, 0.0000000000, 0.0000000000, 72, NULL, NULL, '2019-10-04 11:34:10', '2019-10-04 11:34:10'),
	(213, 32, 1, 103, 'Out', 12.0000000000, 13.9830508475, 'GST18', 30.2000000000, 0.0000000000, 0.0000000000, 73, NULL, NULL, '2019-10-04 11:34:10', '2019-10-04 11:34:10'),
	(214, 32, 1, 104, 'Out', 6.0000000000, 21.1864406780, 'GST18', 22.8800000000, 0.0000000000, 0.0000000000, 74, NULL, NULL, '2019-10-04 11:34:10', '2019-10-04 11:34:10'),
	(215, 32, 1, 100, 'Out', 6.0000000000, 23.7288135593, 'GST18', 25.6200000000, 0.0000000000, 0.0000000000, 75, NULL, NULL, '2019-10-04 11:34:10', '2019-10-04 11:34:10'),
	(216, 32, 1, 186, 'Out', 30.0000000000, 7.0000000000, 'GST12', 25.2000000000, 0.0000000000, 0.0000000000, 76, NULL, NULL, '2019-10-04 11:34:10', '2019-10-04 11:34:10'),
	(217, 32, 1, 183, 'Out', 30.0000000000, 7.0000000000, 'GST12', 25.2000000000, 0.0000000000, 0.0000000000, 77, NULL, NULL, '2019-10-04 11:34:10', '2019-10-04 11:34:10'),
	(218, 32, 1, 136, 'Out', 6.0000000000, 22.1429687500, 'GST28+', 53.1400000000, 0.0000000000, 0.0000000000, 78, NULL, NULL, '2019-10-04 11:34:10', '2019-10-04 11:34:10'),
	(219, 32, 1, 137, 'Out', 6.0000000000, 22.1429687500, 'GST28+', 53.1400000000, 0.0000000000, 0.0000000000, 79, NULL, NULL, '2019-10-04 11:34:10', '2019-10-04 11:34:10'),
	(220, 33, 1, 136, 'Out', 6.0000000000, 22.1429687500, 'GST28+', 53.1400000000, 0.0000000000, 0.0000000000, 64, NULL, NULL, '2019-10-04 11:34:11', '2019-10-04 11:34:11'),
	(221, 33, 1, 128, 'Out', 3.0000000000, 7.1428571429, 'GST12', 2.5800000000, 0.0000000000, 0.0000000000, 65, NULL, NULL, '2019-10-04 11:34:11', '2019-10-04 11:34:11'),
	(222, 33, 1, 129, 'Out', 3.0000000000, 7.1428571429, 'GST12', 2.5800000000, 0.0000000000, 0.0000000000, 66, NULL, NULL, '2019-10-04 11:34:11', '2019-10-04 11:34:11'),
	(223, 33, 1, 1, 'Out', 1.0000000000, 209.5238095238, 'GST05', 10.4800000000, 0.0000000000, 0.0000000000, 67, NULL, NULL, '2019-10-04 11:34:11', '2019-10-04 11:34:11'),
	(224, 33, 1, 58, 'Out', 6.0000000000, 23.8095238095, 'GST05', 7.1400000000, 0.0000000000, 0.0000000000, 68, NULL, NULL, '2019-10-04 11:34:11', '2019-10-04 11:34:11'),
	(225, 34, 1, 59, 'Out', 10.0000000000, 47.6190476190, 'GST05', 23.8000000000, 0.0000000000, 0.0000000000, 50, NULL, NULL, '2019-10-04 11:34:11', '2019-10-04 11:34:11'),
	(226, 34, 1, 58, 'Out', 5.0000000000, 23.8095238095, 'GST05', 5.9600000000, 0.0000000000, 0.0000000000, 51, NULL, NULL, '2019-10-04 11:34:11', '2019-10-04 11:34:11'),
	(227, 34, 1, 77, 'Out', 6.0000000000, 42.8571428571, 'GST05', 12.8600000000, 0.0000000000, 0.0000000000, 52, NULL, NULL, '2019-10-04 11:34:11', '2019-10-04 11:34:11'),
	(228, 34, 1, 120, 'Out', 6.0000000000, 22.3214285714, 'GST12', 16.0800000000, 0.0000000000, 0.0000000000, 53, NULL, NULL, '2019-10-04 11:34:11', '2019-10-04 11:34:11'),
	(229, 34, 1, 14, 'Out', 1.0000000000, 228.5714285714, 'GST05', 11.4200000000, 0.0000000000, 0.0000000000, 54, NULL, NULL, '2019-10-04 11:34:11', '2019-10-04 11:34:11'),
	(230, 34, 1, 103, 'Out', 6.0000000000, 13.9830508475, 'GST18', 15.1000000000, 0.0000000000, 0.0000000000, 55, NULL, NULL, '2019-10-04 11:34:11', '2019-10-04 11:34:11'),
	(231, 34, 1, 104, 'Out', 6.0000000000, 21.1864406780, 'GST18', 22.8800000000, 0.0000000000, 0.0000000000, 56, NULL, NULL, '2019-10-04 11:34:11', '2019-10-04 11:34:11'),
	(232, 34, 1, 157, 'Out', 3.0000000000, 15.2542372881, 'GST18', 8.2400000000, 0.0000000000, 0.0000000000, 57, NULL, NULL, '2019-10-04 11:34:11', '2019-10-04 11:34:11'),
	(233, 34, 1, 158, 'Out', 3.0000000000, 15.2542372881, 'GST18', 8.2400000000, 0.0000000000, 0.0000000000, 58, NULL, NULL, '2019-10-04 11:34:11', '2019-10-04 11:34:11'),
	(234, 34, 1, 165, 'Out', 6.0000000000, 15.2542372881, 'GST18', 16.4800000000, 0.0000000000, 0.0000000000, 59, NULL, NULL, '2019-10-04 11:34:11', '2019-10-04 11:34:11'),
	(235, 34, 1, 169, 'Out', 6.0000000000, 30.5084745763, 'GST18', 32.9400000000, 0.0000000000, 0.0000000000, 60, NULL, NULL, '2019-10-04 11:34:11', '2019-10-04 11:34:11'),
	(236, 34, 1, 168, 'Out', 3.0000000000, 16.9491525424, 'GST18', 9.1600000000, 0.0000000000, 0.0000000000, 61, NULL, NULL, '2019-10-04 11:34:12', '2019-10-04 11:34:12'),
	(237, 34, 1, 161, 'Out', 3.0000000000, 23.3050847458, 'GST18', 12.5800000000, 0.0000000000, 0.0000000000, 62, NULL, NULL, '2019-10-04 11:34:12', '2019-10-04 11:34:12'),
	(238, 34, 1, 201, 'Out', 1.0000000000, 88.9830508475, 'GST18', 16.0200000000, 0.0000000000, 0.0000000000, 63, NULL, NULL, '2019-10-04 11:34:12', '2019-10-04 11:34:12'),
	(239, 35, 1, 103, 'Out', 6.0000000000, 13.9830508475, 'GST18', 15.1000000000, 0.0000000000, 0.0000000000, NULL, NULL, NULL, '2019-10-04 11:34:12', '2019-10-04 11:34:12'),
	(240, 35, 1, 92, 'Out', 6.0000000000, 18.6440677966, 'GST18', 20.1400000000, 0.0000000000, 0.0000000000, NULL, NULL, NULL, '2019-10-04 11:34:12', '2019-10-04 11:34:12'),
	(241, 35, 1, 157, 'Out', 10.0000000000, 15.2542372881, 'GST18', 27.4600000000, 0.0000000000, 0.0000000000, NULL, NULL, NULL, '2019-10-04 11:34:12', '2019-10-04 11:34:12'),
	(242, 35, 1, 159, 'Out', 10.0000000000, 7.6271186441, 'GST18', 13.7200000000, 0.0000000000, 0.0000000000, NULL, NULL, NULL, '2019-10-04 11:34:12', '2019-10-04 11:34:12'),
	(243, 35, 1, 168, 'Out', 6.0000000000, 16.9491525424, 'GST18', 18.3000000000, 0.0000000000, 0.0000000000, NULL, NULL, NULL, '2019-10-04 11:34:12', '2019-10-04 11:34:12'),
	(244, 35, 1, 206, 'Out', 1.0000000000, 75.8928571429, 'GST12', 9.1000000000, 0.0000000000, 0.0000000000, NULL, NULL, NULL, '2019-10-04 11:34:12', '2019-10-04 11:34:12'),
	(245, 35, 1, 24, 'Out', 1.0000000000, 104.7619047619, 'GST05', 5.2400000000, 0.0000000000, 0.0000000000, NULL, NULL, NULL, '2019-10-04 11:34:12', '2019-10-04 11:34:12'),
	(246, 36, 1, 2, 'Out', 1.0000000000, 123.8095238095, 'GST05', 5.9400000000, 5.0000000000, 0.0000000000, 2, NULL, NULL, '2019-10-04 11:34:12', '2019-10-04 11:34:12'),
	(247, 36, 1, 5, 'Out', 1.0000000000, 122.8571428571, 'GST05', 5.9000000000, 5.0000000000, 0.0000000000, 3, NULL, NULL, '2019-10-04 11:34:12', '2019-10-04 11:34:12'),
	(248, 36, 1, 4, 'Out', 1.0000000000, 122.8571428571, 'GST05', 5.9000000000, 5.0000000000, 0.0000000000, 4, NULL, NULL, '2019-10-04 11:34:12', '2019-10-04 11:34:12'),
	(249, 36, 1, 58, 'Out', 20.0000000000, 23.8095238095, 'GST05', 23.8000000000, 0.0000000000, 0.0000000000, 5, NULL, NULL, '2019-10-04 11:34:12', '2019-10-04 11:34:12'),
	(250, 36, 1, 95, 'Out', 12.0000000000, 7.0593220339, 'GST18', 15.2400000000, 0.0000000000, 0.0000000000, 6, NULL, NULL, '2019-10-04 11:34:12', '2019-10-04 11:34:12'),
	(251, 36, 1, 102, 'Out', 12.0000000000, 13.5593220339, 'GST18', 29.2800000000, 0.0000000000, 0.0000000000, 7, NULL, NULL, '2019-10-04 11:34:13', '2019-10-04 11:34:13'),
	(252, 36, 1, 103, 'Out', 12.0000000000, 13.9830508475, 'GST18', 30.2000000000, 0.0000000000, 0.0000000000, 8, NULL, NULL, '2019-10-04 11:34:13', '2019-10-04 11:34:13'),
	(253, 36, 1, 53, 'Out', 10.0000000000, 20.9523809524, 'GST05', 10.4800000000, 0.0000000000, 0.0000000000, 9, NULL, NULL, '2019-10-04 11:34:13', '2019-10-04 11:34:13'),
	(254, 36, 1, 69, 'Out', 6.0000000000, 28.5714285714, 'GST05', 8.5800000000, 0.0000000000, 0.0000000000, 10, NULL, NULL, '2019-10-04 11:34:13', '2019-10-04 11:34:13'),
	(255, 36, 1, 204, 'Out', 6.0000000000, 19.6428571429, 'GST12', 14.1400000000, 0.0000000000, 0.0000000000, 11, NULL, NULL, '2019-10-04 11:34:13', '2019-10-04 11:34:13'),
	(256, 36, 1, 104, 'Out', 6.0000000000, 21.1864406780, 'GST18', 22.8800000000, 0.0000000000, 0.0000000000, 12, NULL, NULL, '2019-10-04 11:34:13', '2019-10-04 11:34:13'),
	(257, 36, 1, 101, 'Out', 3.0000000000, 21.1864406780, 'GST18', 11.4400000000, 0.0000000000, 0.0000000000, 13, NULL, NULL, '2019-10-04 11:34:13', '2019-10-04 11:34:13'),
	(258, 36, 1, 134, 'Out', 6.0000000000, 14.2857142857, 'GST12', 10.2800000000, 0.0000000000, 0.0000000000, 14, NULL, NULL, '2019-10-04 11:34:13', '2019-10-04 11:34:13'),
	(259, 36, 1, 80, 'Out', 3.0000000000, 100.0000000000, 'GST05', 15.0000000000, 0.0000000000, 0.0000000000, 15, NULL, NULL, '2019-10-04 11:34:13', '2019-10-04 11:34:13'),
	(260, 36, 1, 161, 'Out', 6.0000000000, 23.3050847458, 'GST18', 25.1600000000, 0.0000000000, 0.0000000000, 16, NULL, NULL, '2019-10-04 11:34:13', '2019-10-04 11:34:13'),
	(261, 36, 1, 155, 'Out', 6.0000000000, 22.8813559322, 'GST18', 24.7200000000, 0.0000000000, 0.0000000000, 17, NULL, NULL, '2019-10-04 11:34:13', '2019-10-04 11:34:13'),
	(262, 36, 1, 158, 'Out', 10.0000000000, 15.2542372881, 'GST18', 27.4600000000, 0.0000000000, 0.0000000000, 18, NULL, NULL, '2019-10-04 11:34:13', '2019-10-04 11:34:13'),
	(263, 36, 1, 168, 'Out', 10.0000000000, 16.9491525424, 'GST18', 30.5000000000, 0.0000000000, 0.0000000000, 19, NULL, NULL, '2019-10-04 11:34:13', '2019-10-04 11:34:13'),
	(264, 36, 1, 162, 'Out', 6.0000000000, 23.3050847458, 'GST18', 25.1600000000, 0.0000000000, 0.0000000000, 20, NULL, NULL, '2019-10-04 11:34:13', '2019-10-04 11:34:13'),
	(265, 36, 1, 157, 'Out', 10.0000000000, 15.2542372881, 'GST18', 27.4600000000, 0.0000000000, 0.0000000000, 21, NULL, NULL, '2019-10-04 11:34:13', '2019-10-04 11:34:13'),
	(266, 36, 1, 169, 'Out', 6.0000000000, 30.5084745763, 'GST18', 32.9400000000, 0.0000000000, 0.0000000000, 22, NULL, NULL, '2019-10-04 11:34:13', '2019-10-04 11:34:13'),
	(267, 36, 1, 156, 'Out', 12.0000000000, 7.6271186441, 'GST18', 16.4800000000, 0.0000000000, 0.0000000000, 23, NULL, NULL, '2019-10-04 11:34:14', '2019-10-04 11:34:14'),
	(268, 36, 1, 170, 'Out', 12.0000000000, 15.2542372881, 'GST18', 32.9400000000, 0.0000000000, 0.0000000000, 24, NULL, NULL, '2019-10-04 11:34:14', '2019-10-04 11:34:14'),
	(269, 36, 1, 136, 'Out', 6.0000000000, 22.1429687500, 'GST28+', 53.1400000000, 0.0000000000, 0.0000000000, 25, NULL, NULL, '2019-10-04 11:34:14', '2019-10-04 11:34:14'),
	(270, 36, 1, 137, 'Out', 6.0000000000, 22.1429687500, 'GST28+', 53.1400000000, 0.0000000000, 0.0000000000, 26, NULL, NULL, '2019-10-04 11:34:14', '2019-10-04 11:34:14'),
	(271, 36, 1, 111, 'Out', 3.0000000000, 17.8571428571, 'GST12', 6.4200000000, 0.0000000000, 0.0000000000, 27, NULL, NULL, '2019-10-04 11:34:14', '2019-10-04 11:34:14'),
	(272, 36, 1, 110, 'Out', 3.0000000000, 17.8571428571, 'GST12', 6.4200000000, 0.0000000000, 0.0000000000, 28, NULL, NULL, '2019-10-04 11:34:14', '2019-10-04 11:34:14'),
	(273, 36, 1, 112, 'Out', 3.0000000000, 31.2500000000, 'GST12', 11.2600000000, 0.0000000000, 0.0000000000, 29, NULL, NULL, '2019-10-04 11:34:14', '2019-10-04 11:34:14'),
	(274, 37, 1, 95, 'Out', 12.0000000000, 7.0593220339, 'GST18', 15.2400000000, 0.0000000000, 0.0000000000, 30, NULL, NULL, '2019-10-04 11:34:14', '2019-10-04 11:34:14'),
	(275, 37, 1, 100, 'Out', 6.0000000000, 23.7288135593, 'GST18', 25.6200000000, 0.0000000000, 0.0000000000, 31, NULL, NULL, '2019-10-04 11:34:14', '2019-10-04 11:34:14'),
	(276, 37, 1, 87, 'Out', 10.0000000000, 39.0476190476, 'GST05', 19.5200000000, 0.0000000000, 0.0000000000, 32, NULL, NULL, '2019-10-04 11:34:14', '2019-10-04 11:34:14'),
	(277, 37, 1, 86, 'Out', 6.0000000000, 77.1428571429, 'GST05', 23.1400000000, 0.0000000000, 0.0000000000, 33, NULL, NULL, '2019-10-04 11:34:14', '2019-10-04 11:34:14'),
	(278, 37, 1, 82, 'Out', 10.0000000000, 21.4285714286, 'GST05', 10.7200000000, 0.0000000000, 0.0000000000, 34, NULL, NULL, '2019-10-04 11:34:14', '2019-10-04 11:34:14'),
	(279, 37, 1, 91, 'Out', 6.0000000000, 20.9523809524, 'GST05', 6.2800000000, 0.0000000000, 0.0000000000, 35, NULL, NULL, '2019-10-04 11:34:14', '2019-10-04 11:34:14'),
	(280, 37, 1, 58, 'Out', 6.0000000000, 23.8095238095, 'GST05', 7.1400000000, 0.0000000000, 0.0000000000, 36, NULL, NULL, '2019-10-04 11:34:14', '2019-10-04 11:34:14'),
	(281, 37, 1, 50, 'Out', 6.0000000000, 40.0000000000, 'GST05', 12.0000000000, 0.0000000000, 0.0000000000, 37, NULL, NULL, '2019-10-04 11:34:14', '2019-10-04 11:34:14'),
	(282, 37, 1, 161, 'Out', 6.0000000000, 23.3050847458, 'GST18', 25.1600000000, 0.0000000000, 0.0000000000, 38, NULL, NULL, '2019-10-04 11:34:14', '2019-10-04 11:34:14'),
	(283, 37, 1, 155, 'Out', 6.0000000000, 22.8813559322, 'GST18', 24.7200000000, 0.0000000000, 0.0000000000, 39, NULL, NULL, '2019-10-04 11:34:14', '2019-10-04 11:34:14'),
	(284, 37, 1, 158, 'Out', 6.0000000000, 15.2542372881, 'GST18', 16.4800000000, 0.0000000000, 0.0000000000, 40, NULL, NULL, '2019-10-04 11:34:15', '2019-10-04 11:34:15'),
	(285, 37, 1, 168, 'Out', 10.0000000000, 16.9491525424, 'GST18', 30.5000000000, 0.0000000000, 0.0000000000, 41, NULL, NULL, '2019-10-04 11:34:15', '2019-10-04 11:34:15'),
	(286, 37, 1, 162, 'Out', 6.0000000000, 23.3050847458, 'GST18', 25.1600000000, 0.0000000000, 0.0000000000, 42, NULL, NULL, '2019-10-04 11:34:15', '2019-10-04 11:34:15'),
	(287, 37, 1, 160, 'Out', 10.0000000000, 7.7683559322, 'GST18', 13.9800000000, 0.0000000000, 0.0000000000, 43, NULL, NULL, '2019-10-04 11:34:15', '2019-10-04 11:34:15'),
	(288, 37, 1, 169, 'Out', 6.0000000000, 30.5084745763, 'GST18', 32.9400000000, 0.0000000000, 0.0000000000, 44, NULL, NULL, '2019-10-04 11:34:15', '2019-10-04 11:34:15'),
	(289, 37, 1, 157, 'Out', 6.0000000000, 15.2542372881, 'GST18', 16.4800000000, 0.0000000000, 0.0000000000, 45, NULL, NULL, '2019-10-04 11:34:15', '2019-10-04 11:34:15'),
	(290, 37, 1, 136, 'Out', 6.0000000000, 22.1429687500, 'GST28+', 53.1400000000, 0.0000000000, 0.0000000000, 46, NULL, NULL, '2019-10-04 11:34:15', '2019-10-04 11:34:15'),
	(291, 37, 1, 139, 'Out', 3.0000000000, 59.2812500000, 'GST28+', 71.1400000000, 0.0000000000, 0.0000000000, 47, NULL, NULL, '2019-10-04 11:34:15', '2019-10-04 11:34:15'),
	(292, 37, 1, 209, 'Out', 1.0000000000, 82.1428571429, 'GST12', 9.8600000000, 0.0000000000, 0.0000000000, 48, NULL, NULL, '2019-10-04 11:34:15', '2019-10-04 11:34:15'),
	(293, 37, 1, 174, 'Out', 1.0000000000, 171.4285714286, 'GST05', 8.5800000000, 0.0000000000, 0.0000000000, 49, NULL, NULL, '2019-10-04 11:34:15', '2019-10-04 11:34:15'),
	(294, 38, 1, 168, 'Out', 6.0000000000, 16.9491525424, 'GST18', 18.3000000000, 0.0000000000, 0.0000000000, 315, NULL, NULL, '2019-10-04 11:34:15', '2019-10-04 11:34:15'),
	(295, 38, 1, 50, 'Out', 3.0000000000, 40.0000000000, 'GST05', 6.0000000000, 0.0000000000, 0.0000000000, 316, NULL, NULL, '2019-10-04 11:34:15', '2019-10-04 11:34:15'),
	(296, 38, 1, 59, 'Out', 3.0000000000, 47.6190476190, 'GST05', 7.1400000000, 0.0000000000, 0.0000000000, 317, NULL, NULL, '2019-10-04 11:34:15', '2019-10-04 11:34:15'),
	(297, 38, 1, 58, 'Out', 3.0000000000, 23.8095238095, 'GST05', 3.5800000000, 0.0000000000, 0.0000000000, 318, NULL, NULL, '2019-10-04 11:34:15', '2019-10-04 11:34:15'),
	(298, 38, 1, 100, 'Out', 6.0000000000, 23.7288135593, 'GST18', 25.6200000000, 0.0000000000, 0.0000000000, 319, NULL, NULL, '2019-10-04 11:34:15', '2019-10-04 11:34:15'),
	(299, 38, 1, 207, 'Out', 1.0000000000, 66.9642857143, 'GST12', 7.6800000000, 3.0000000000, 0.0000000000, 320, NULL, NULL, '2019-10-04 11:34:15', '2019-10-04 11:34:15'),
	(300, 38, 1, 201, 'Out', 1.0000000000, 88.9830508475, 'GST18', 16.0200000000, 0.0000000000, 0.0000000000, 321, NULL, NULL, '2019-10-04 11:34:16', '2019-10-04 11:34:16'),
	(301, 39, 1, 58, 'Out', 6.0000000000, 23.8095238095, 'GST05', 7.1400000000, 0.0000000000, 0.0000000000, 322, NULL, NULL, '2019-10-04 11:34:16', '2019-10-04 11:34:16'),
	(302, 39, 1, 92, 'Out', 6.0000000000, 18.6440677966, 'GST18', 20.1400000000, 0.0000000000, 0.0000000000, 323, NULL, NULL, '2019-10-04 11:34:16', '2019-10-04 11:34:16'),
	(303, 39, 1, 100, 'Out', 6.0000000000, 23.7288135593, 'GST18', 25.6200000000, 0.0000000000, 0.0000000000, 324, NULL, NULL, '2019-10-04 11:34:16', '2019-10-04 11:34:16'),
	(304, 39, 1, 103, 'Out', 6.0000000000, 13.9830508475, 'GST18', 15.1000000000, 0.0000000000, 0.0000000000, 325, NULL, NULL, '2019-10-04 11:34:16', '2019-10-04 11:34:16'),
	(305, 39, 1, 34, 'Out', 1.0000000000, 547.6190476190, 'GST05', 27.3800000000, 0.0000000000, 0.0000000000, 326, NULL, NULL, '2019-10-04 11:34:16', '2019-10-04 11:34:16'),
	(306, 39, 1, 36, 'Out', 1.0000000000, 61.9047619048, 'GST05', 3.1000000000, 0.0000000000, 0.0000000000, 327, NULL, NULL, '2019-10-04 11:34:16', '2019-10-04 11:34:16'),
	(307, 39, 1, 69, 'Out', 5.0000000000, 28.5714285714, 'GST05', 7.1400000000, 0.0000000000, 0.0000000000, 328, NULL, NULL, '2019-10-04 11:34:16', '2019-10-04 11:34:16'),
	(308, 39, 1, 130, 'Out', 6.0000000000, 14.2857142857, 'GST12', 10.2800000000, 0.0000000000, 0.0000000000, 329, NULL, NULL, '2019-10-04 11:34:16', '2019-10-04 11:34:16'),
	(309, 39, 1, 129, 'Out', 6.0000000000, 7.1428571429, 'GST12', 5.1400000000, 0.0000000000, 0.0000000000, 330, NULL, NULL, '2019-10-04 11:34:16', '2019-10-04 11:34:16'),
	(310, 39, 1, 112, 'Out', 3.0000000000, 31.2500000000, 'GST12', 11.2600000000, 0.0000000000, 0.0000000000, 331, NULL, NULL, '2019-10-04 11:34:16', '2019-10-04 11:34:16'),
	(311, 39, 1, 111, 'Out', 3.0000000000, 17.8571428571, 'GST12', 6.4200000000, 0.0000000000, 0.0000000000, 332, NULL, NULL, '2019-10-04 11:34:16', '2019-10-04 11:34:16'),
	(312, 40, 1, 94, 'Out', 10.0000000000, 38.1355932203, 'GST18', 68.6400000000, 0.0000000000, 0.0000000000, 333, NULL, NULL, '2019-10-04 11:34:16', '2019-10-04 11:34:16'),
	(313, 40, 1, 36, 'Out', 2.0000000000, 61.9047619048, 'GST05', 6.2000000000, 0.0000000000, 0.0000000000, 334, NULL, NULL, '2019-10-04 11:34:16', '2019-10-04 11:34:16'),
	(314, 40, 1, 92, 'Out', 6.0000000000, 18.6440677966, 'GST18', 20.1400000000, 0.0000000000, 0.0000000000, 335, NULL, NULL, '2019-10-04 11:34:16', '2019-10-04 11:34:16'),
	(315, 40, 1, 104, 'Out', 6.0000000000, 21.1864406780, 'GST18', 22.8800000000, 0.0000000000, 0.0000000000, 336, NULL, NULL, '2019-10-04 11:34:16', '2019-10-04 11:34:16'),
	(316, 40, 1, 100, 'Out', 6.0000000000, 23.7288135593, 'GST18', 25.6200000000, 0.0000000000, 0.0000000000, 337, NULL, NULL, '2019-10-04 11:34:17', '2019-10-04 11:34:17'),
	(317, 40, 1, 66, 'Out', 6.0000000000, 21.9047619048, 'GST05', 6.5800000000, 0.0000000000, 0.0000000000, 338, NULL, NULL, '2019-10-04 11:34:17', '2019-10-04 11:34:17'),
	(318, 41, 1, 186, 'Out', 30.0000000000, 7.0000000000, 'GST12', 25.2000000000, 0.0000000000, 0.0000000000, 374, NULL, NULL, '2019-10-04 11:34:17', '2019-10-04 11:34:17'),
	(319, 41, 1, 87, 'Out', 5.0000000000, 39.0476190476, 'GST05', 9.7600000000, 0.0000000000, 0.0000000000, 375, NULL, NULL, '2019-10-04 11:34:17', '2019-10-04 11:34:17'),
	(320, 41, 1, 104, 'Out', 6.0000000000, 21.1864406780, 'GST18', 22.8800000000, 0.0000000000, 0.0000000000, 376, NULL, NULL, '2019-10-04 11:34:17', '2019-10-04 11:34:17'),
	(321, 41, 1, 157, 'Out', 6.0000000000, 15.2542372881, 'GST18', 16.4800000000, 0.0000000000, 0.0000000000, 377, NULL, NULL, '2019-10-04 11:34:17', '2019-10-04 11:34:17'),
	(322, 42, 1, 30, 'Out', 1.0000000000, 109.5238095238, 'GST05', 5.4800000000, 0.0000000000, 0.0000000000, 339, NULL, NULL, '2019-10-04 11:34:17', '2019-10-04 11:34:17'),
	(323, 42, 1, 28, 'Out', 1.0000000000, 104.7619047619, 'GST05', 5.2400000000, 0.0000000000, 0.0000000000, 340, NULL, NULL, '2019-10-04 11:34:17', '2019-10-04 11:34:17'),
	(324, 42, 1, 33, 'Out', 0.5000000000, 209.5238095238, 'GST05', 5.2400000000, 0.0000000000, 0.0000000000, 341, NULL, NULL, '2019-10-04 11:34:17', '2019-10-04 11:34:17'),
	(325, 43, 1, 157, 'Out', 10.0000000000, 15.2542372881, 'GST18', 27.4600000000, 0.0000000000, 0.0000000000, 342, NULL, NULL, '2019-10-04 11:34:17', '2019-10-04 11:34:17'),
	(326, 43, 1, 159, 'Out', 6.0000000000, 7.6271186441, 'GST18', 8.2400000000, 0.0000000000, 0.0000000000, 343, NULL, NULL, '2019-10-04 11:34:17', '2019-10-04 11:34:17'),
	(327, 43, 1, 168, 'Out', 10.0000000000, 16.9491525424, 'GST18', 30.5000000000, 0.0000000000, 0.0000000000, 344, NULL, NULL, '2019-10-04 11:34:17', '2019-10-04 11:34:17'),
	(328, 43, 1, 102, 'Out', 6.0000000000, 13.5593220339, 'GST18', 14.6400000000, 0.0000000000, 0.0000000000, 345, NULL, NULL, '2019-10-04 11:34:17', '2019-10-04 11:34:17'),
	(329, 43, 1, 87, 'Out', 20.0000000000, 39.0476190476, 'GST05', 39.0400000000, 0.0000000000, 0.0000000000, 346, NULL, NULL, '2019-10-04 11:34:17', '2019-10-04 11:34:17'),
	(330, 44, 1, 87, 'Out', 6.0000000000, 39.0476190476, 'GST05', 11.7200000000, 0.0000000000, 0.0000000000, 347, NULL, NULL, '2019-10-04 11:34:17', '2019-10-04 11:34:17'),
	(331, 44, 1, 186, 'Out', 30.0000000000, 7.0000000000, 'GST12', 25.2000000000, 0.0000000000, 0.0000000000, 348, NULL, NULL, '2019-10-04 11:34:17', '2019-10-04 11:34:17'),
	(332, 44, 1, 102, 'Out', 6.0000000000, 13.5593220339, 'GST18', 14.6400000000, 0.0000000000, 0.0000000000, 349, NULL, NULL, '2019-10-04 11:34:17', '2019-10-04 11:34:17'),
	(333, 44, 1, 104, 'Out', 6.0000000000, 21.1864406780, 'GST18', 22.8800000000, 0.0000000000, 0.0000000000, 350, NULL, NULL, '2019-10-04 11:34:18', '2019-10-04 11:34:18'),
	(334, 45, 1, 91, 'Out', 6.0000000000, 20.9523809524, 'GST05', 6.2800000000, 0.0000000000, 0.0000000000, 351, NULL, NULL, '2019-10-04 11:34:18', '2019-10-04 11:34:18'),
	(335, 45, 1, 90, 'Out', 3.0000000000, 42.8571428571, 'GST05', 6.4200000000, 0.0000000000, 0.0000000000, 352, NULL, NULL, '2019-10-04 11:34:18', '2019-10-04 11:34:18'),
	(336, 45, 1, 120, 'Out', 3.0000000000, 22.3214285714, 'GST12', 8.0400000000, 0.0000000000, 0.0000000000, 353, NULL, NULL, '2019-10-04 11:34:18', '2019-10-04 11:34:18'),
	(337, 45, 1, 104, 'Out', 6.0000000000, 21.1864406780, 'GST18', 22.8800000000, 0.0000000000, 0.0000000000, 354, NULL, NULL, '2019-10-04 11:34:18', '2019-10-04 11:34:18'),
	(338, 45, 1, 118, 'Out', 1.0000000000, 160.7142857143, 'GST12', 19.2800000000, 0.0000000000, 0.0000000000, 355, NULL, NULL, '2019-10-04 11:34:18', '2019-10-04 11:34:18'),
	(339, 45, 1, 119, 'Out', 1.0000000000, 160.7142857143, 'GST12', 19.2800000000, 0.0000000000, 0.0000000000, 356, NULL, NULL, '2019-10-04 11:34:18', '2019-10-04 11:34:18'),
	(340, 46, 1, 92, 'Out', 12.0000000000, 18.6440677966, 'GST18', 40.2800000000, 0.0000000000, 0.0000000000, 357, NULL, NULL, '2019-10-04 11:34:18', '2019-10-04 11:34:18'),
	(341, 46, 1, 102, 'Out', 12.0000000000, 13.5593220339, 'GST18', 29.2800000000, 0.0000000000, 0.0000000000, 358, NULL, NULL, '2019-10-04 11:34:19', '2019-10-04 11:34:19'),
	(342, 46, 1, 204, 'Out', 6.0000000000, 19.6428571429, 'GST12', 14.1400000000, 0.0000000000, 0.0000000000, 359, NULL, NULL, '2019-10-04 11:34:19', '2019-10-04 11:34:19'),
	(343, 46, 1, 90, 'Out', 6.0000000000, 42.8571428571, 'GST05', 12.8600000000, 0.0000000000, 0.0000000000, 360, NULL, NULL, '2019-10-04 11:34:19', '2019-10-04 11:34:19'),
	(344, 46, 1, 100, 'Out', 6.0000000000, 23.7288135593, 'GST18', 25.6200000000, 0.0000000000, 0.0000000000, 361, NULL, NULL, '2019-10-04 11:34:19', '2019-10-04 11:34:19'),
	(345, 46, 1, 56, 'Out', 3.0000000000, 104.7619047619, 'GST05', 15.7200000000, 0.0000000000, 0.0000000000, 362, NULL, NULL, '2019-10-04 11:34:19', '2019-10-04 11:34:19'),
	(346, 46, 1, 139, 'Out', 3.0000000000, 59.2812500000, 'GST28+', 71.1400000000, 0.0000000000, 0.0000000000, 363, NULL, NULL, '2019-10-04 11:34:19', '2019-10-04 11:34:19'),
	(347, 46, 1, 136, 'Out', 6.0000000000, 22.1429687500, 'GST28+', 53.1400000000, 0.0000000000, 0.0000000000, 364, NULL, NULL, '2019-10-04 11:34:19', '2019-10-04 11:34:19'),
	(348, 46, 1, 107, 'Out', 1.0000000000, 160.7142857143, 'GST12', 19.2800000000, 0.0000000000, 0.0000000000, 365, NULL, NULL, '2019-10-04 11:34:19', '2019-10-04 11:34:19'),
	(349, 47, 1, 94, 'Out', 10.0000000000, 38.1355932203, 'GST18', 68.6400000000, 0.0000000000, 0.0000000000, 366, NULL, NULL, '2019-10-04 11:34:19', '2019-10-04 11:34:19'),
	(350, 47, 1, 91, 'Out', 6.0000000000, 20.9523809524, 'GST05', 6.2800000000, 0.0000000000, 0.0000000000, 367, NULL, NULL, '2019-10-04 11:34:19', '2019-10-04 11:34:19'),
	(351, 47, 1, 90, 'Out', 6.0000000000, 42.8571428571, 'GST05', 12.8600000000, 0.0000000000, 0.0000000000, 368, NULL, NULL, '2019-10-04 11:34:19', '2019-10-04 11:34:19'),
	(352, 47, 1, 42, 'Out', 2.0000000000, 71.4285714286, 'GST05', 7.1400000000, 0.0000000000, 0.0000000000, 369, NULL, NULL, '2019-10-04 11:34:19', '2019-10-04 11:34:19'),
	(353, 47, 1, 58, 'Out', 10.0000000000, 23.8095238095, 'GST05', 11.9000000000, 0.0000000000, 0.0000000000, 370, NULL, NULL, '2019-10-04 11:34:19', '2019-10-04 11:34:19'),
	(354, 47, 1, 155, 'Out', 10.0000000000, 22.8813559322, 'GST18', 41.1800000000, 0.0000000000, 0.0000000000, 371, NULL, NULL, '2019-10-04 11:34:19', '2019-10-04 11:34:19'),
	(355, 47, 1, 158, 'Out', 10.0000000000, 15.2542372881, 'GST18', 27.4600000000, 0.0000000000, 0.0000000000, 372, NULL, NULL, '2019-10-04 11:34:19', '2019-10-04 11:34:19'),
	(356, 47, 1, 160, 'Out', 10.0000000000, 7.7683559322, 'GST18', 13.9800000000, 0.0000000000, 0.0000000000, 373, NULL, NULL, '2019-10-04 11:34:19', '2019-10-04 11:34:19'),
	(357, 48, 1, 91, 'Out', 6.0000000000, 20.9523809524, 'GST05', 6.2800000000, 0.0000000000, 0.0000000000, 378, NULL, NULL, '2019-10-04 11:34:19', '2019-10-04 11:34:19'),
	(358, 48, 1, 1, 'Out', 1.0000000000, 209.5238095238, 'GST05', 10.4800000000, 0.0000000000, 0.0000000000, 379, NULL, NULL, '2019-10-04 11:34:20', '2019-10-04 11:34:20'),
	(359, 48, 1, 13, 'Out', 1.0000000000, 247.6190476190, 'GST05', 12.3800000000, 0.0000000000, 0.0000000000, 380, NULL, NULL, '2019-10-04 11:34:20', '2019-10-04 11:34:20'),
	(360, 48, 1, 80, 'Out', 3.0000000000, 100.0000000000, 'GST05', 15.0000000000, 0.0000000000, 0.0000000000, 381, NULL, NULL, '2019-10-04 11:34:20', '2019-10-04 11:34:20'),
	(361, 48, 1, 66, 'Out', 5.0000000000, 21.9047619048, 'GST05', 5.4800000000, 0.0000000000, 0.0000000000, 382, NULL, NULL, '2019-10-04 11:34:20', '2019-10-04 11:34:20'),
	(362, 48, 1, 58, 'Out', 5.0000000000, 23.8095238095, 'GST05', 5.9600000000, 0.0000000000, 0.0000000000, 383, NULL, NULL, '2019-10-04 11:34:20', '2019-10-04 11:34:20'),
	(363, 48, 1, 69, 'Out', 5.0000000000, 28.5714285714, 'GST05', 7.1400000000, 0.0000000000, 0.0000000000, 384, NULL, NULL, '2019-10-04 11:34:20', '2019-10-04 11:34:20'),
	(364, 48, 1, 111, 'Out', 5.0000000000, 17.8571428571, 'GST12', 10.7200000000, 0.0000000000, 0.0000000000, 385, NULL, NULL, '2019-10-04 11:34:20', '2019-10-04 11:34:20'),
	(365, 48, 1, 112, 'Out', 5.0000000000, 31.2500000000, 'GST12', 18.7600000000, 0.0000000000, 0.0000000000, 386, NULL, NULL, '2019-10-04 11:34:20', '2019-10-04 11:34:20'),
	(366, 48, 1, 113, 'Out', 5.0000000000, 31.2500000000, 'GST12', 18.7600000000, 0.0000000000, 0.0000000000, 387, NULL, NULL, '2019-10-04 11:34:20', '2019-10-04 11:34:20'),
	(367, 48, 1, 129, 'Out', 10.0000000000, 7.1428571429, 'GST12', 8.5800000000, 0.0000000000, 0.0000000000, 388, NULL, NULL, '2019-10-04 11:34:20', '2019-10-04 11:34:20'),
	(368, 48, 1, 162, 'Out', 6.0000000000, 23.3050847458, 'GST18', 25.1600000000, 0.0000000000, 0.0000000000, 389, NULL, NULL, '2019-10-04 11:34:20', '2019-10-04 11:34:20'),
	(369, 48, 1, 158, 'Out', 6.0000000000, 15.2542372881, 'GST18', 16.4800000000, 0.0000000000, 0.0000000000, 390, NULL, NULL, '2019-10-04 11:34:20', '2019-10-04 11:34:20'),
	(370, 48, 1, 161, 'Out', 10.0000000000, 23.3050847458, 'GST18', 41.9400000000, 0.0000000000, 0.0000000000, 391, NULL, NULL, '2019-10-04 11:34:20', '2019-10-04 11:34:20'),
	(371, 48, 1, 136, 'Out', 6.0000000000, 22.1429687500, 'GST28+', 53.1400000000, 0.0000000000, 0.0000000000, 392, NULL, NULL, '2019-10-04 11:34:20', '2019-10-04 11:34:20'),
	(372, 49, 1, 2, 'Out', 1.0000000000, 123.8095238095, 'GST05', 6.2000000000, 0.0000000000, 0.0000000000, 393, NULL, NULL, '2019-10-04 11:34:20', '2019-10-04 11:34:20'),
	(373, 49, 1, 10, 'Out', 1.0000000000, 152.3809523810, 'GST05', 7.1400000000, 9.5000000000, 0.0000000000, 394, NULL, NULL, '2019-10-04 11:34:20', '2019-10-04 11:34:20'),
	(374, 50, 1, 193, 'Out', 6.0000000000, 55.0847457627, 'GST18', 59.5000000000, 0.0000000000, 0.0000000000, 395, NULL, NULL, '2019-10-04 11:34:20', '2019-10-04 11:34:20'),
	(375, 50, 1, 104, 'Out', 12.0000000000, 21.1864406780, 'GST18', 45.7600000000, 0.0000000000, 0.0000000000, 396, NULL, NULL, '2019-10-04 11:34:21', '2019-10-04 11:34:21'),
	(376, 50, 1, 101, 'Out', 6.0000000000, 21.1864406780, 'GST18', 22.8800000000, 0.0000000000, 0.0000000000, 397, NULL, NULL, '2019-10-04 11:34:21', '2019-10-04 11:34:21'),
	(377, 50, 1, 138, 'Out', 3.0000000000, 22.1429687500, 'GST28+', 26.5700000000, 0.0000000000, 0.0000000000, 398, NULL, NULL, '2019-10-04 11:34:21', '2019-10-04 11:34:21'),
	(378, 50, 1, 137, 'Out', 3.0000000000, 22.1429687500, 'GST28+', 26.5700000000, 0.0000000000, 0.0000000000, 399, NULL, NULL, '2019-10-04 11:34:21', '2019-10-04 11:34:21'),
	(379, 50, 1, 136, 'Out', 6.0000000000, 22.1429687500, 'GST28+', 53.1400000000, 0.0000000000, 0.0000000000, 400, NULL, NULL, '2019-10-04 11:34:21', '2019-10-04 11:34:21'),
	(380, 50, 1, 139, 'Out', 3.0000000000, 59.2812500000, 'GST28+', 71.1400000000, 0.0000000000, 0.0000000000, 401, NULL, NULL, '2019-10-04 11:34:21', '2019-10-04 11:34:21'),
	(381, 51, 1, 7, 'Out', 1.0000000000, 113.3333333333, 'GST05', 5.2400000000, 8.5000000000, 0.0000000000, 402, NULL, NULL, '2019-10-04 11:34:21', '2019-10-04 11:34:21'),
	(382, 51, 1, 69, 'Out', 6.0000000000, 28.5714285714, 'GST05', 8.5800000000, 0.0000000000, 0.0000000000, 403, NULL, NULL, '2019-10-04 11:34:21', '2019-10-04 11:34:21'),
	(383, 51, 1, 95, 'Out', 6.0000000000, 7.0593220339, 'GST18', 7.6200000000, 0.0000000000, 0.0000000000, 404, NULL, NULL, '2019-10-04 11:34:21', '2019-10-04 11:34:21'),
	(384, 51, 1, 100, 'Out', 6.0000000000, 23.7288135593, 'GST18', 25.6200000000, 0.0000000000, 0.0000000000, 405, NULL, NULL, '2019-10-04 11:34:21', '2019-10-04 11:34:21'),
	(385, 51, 1, 168, 'Out', 6.0000000000, 16.9491525424, 'GST18', 18.3000000000, 0.0000000000, 0.0000000000, 406, NULL, NULL, '2019-10-04 11:34:21', '2019-10-04 11:34:21'),
	(386, 51, 1, 160, 'Out', 6.0000000000, 7.7683559322, 'GST18', 8.3800000000, 0.0000000000, 0.0000000000, 407, NULL, NULL, '2019-10-04 11:34:21', '2019-10-04 11:34:21'),
	(387, 52, 1, 204, 'Out', 6.0000000000, 19.6428571429, 'GST12', 14.1400000000, 0.0000000000, 0.0000000000, 413, NULL, NULL, '2019-10-04 11:34:21', '2019-10-04 11:34:21'),
	(388, 52, 1, 69, 'Out', 6.0000000000, 28.5714285714, 'GST05', 8.5800000000, 0.0000000000, 0.0000000000, 414, NULL, NULL, '2019-10-04 11:34:21', '2019-10-04 11:34:21'),
	(389, 52, 1, 56, 'Out', 3.0000000000, 104.7619047619, 'GST05', 15.7200000000, 0.0000000000, 0.0000000000, 415, NULL, NULL, '2019-10-04 11:34:21', '2019-10-04 11:34:21'),
	(390, 52, 1, 36, 'Out', 1.0000000000, 61.9047619048, 'GST05', 3.1000000000, 0.0000000000, 0.0000000000, 416, NULL, NULL, '2019-10-04 11:34:21', '2019-10-04 11:34:21'),
	(391, 52, 1, 37, 'Out', 1.0000000000, 61.9047619048, 'GST05', 3.1000000000, 0.0000000000, 0.0000000000, 417, NULL, NULL, '2019-10-04 11:34:22', '2019-10-04 11:34:22'),
	(392, 52, 1, 10, 'Out', 1.0000000000, 152.3809523810, 'GST05', 7.1400000000, 9.5000000000, 0.0000000000, 418, NULL, NULL, '2019-10-04 11:34:22', '2019-10-04 11:34:22'),
	(393, 52, 1, 28, 'Out', 2.0000000000, 104.7619047619, 'GST05', 10.4800000000, 0.0000000000, 0.0000000000, 419, NULL, NULL, '2019-10-04 11:34:22', '2019-10-04 11:34:22'),
	(394, 52, 1, 165, 'Out', 6.0000000000, 15.2542372881, 'GST18', 16.4800000000, 0.0000000000, 0.0000000000, 420, NULL, NULL, '2019-10-04 11:34:22', '2019-10-04 11:34:22'),
	(395, 52, 1, 169, 'Out', 3.0000000000, 30.5084745763, 'GST18', 16.4800000000, 0.0000000000, 0.0000000000, 421, NULL, NULL, '2019-10-04 11:34:22', '2019-10-04 11:34:22'),
	(396, 52, 1, 158, 'Out', 6.0000000000, 15.2542372881, 'GST18', 16.4800000000, 0.0000000000, 0.0000000000, 422, NULL, NULL, '2019-10-04 11:34:22', '2019-10-04 11:34:22'),
	(397, 52, 1, 168, 'Out', 6.0000000000, 16.9491525424, 'GST18', 18.3000000000, 0.0000000000, 0.0000000000, 423, NULL, NULL, '2019-10-04 11:34:22', '2019-10-04 11:34:22'),
	(398, 52, 1, 207, 'Out', 1.0000000000, 66.9642857143, 'GST12', 8.0400000000, 0.0000000000, 0.0000000000, 424, NULL, NULL, '2019-10-04 11:34:22', '2019-10-04 11:34:22'),
	(399, 52, 1, 209, 'Out', 1.0000000000, 82.1428571429, 'GST12', 9.8600000000, 0.0000000000, 0.0000000000, 425, NULL, NULL, '2019-10-04 11:34:22', '2019-10-04 11:34:22'),
	(400, 53, 1, 161, 'Out', 6.0000000000, 23.3050847458, 'GST18', 25.1600000000, 0.0000000000, 0.0000000000, 426, NULL, NULL, '2019-10-04 11:34:22', '2019-10-04 11:34:22'),
	(401, 53, 1, 168, 'Out', 6.0000000000, 16.9491525424, 'GST18', 18.3000000000, 0.0000000000, 0.0000000000, 427, NULL, NULL, '2019-10-04 11:34:22', '2019-10-04 11:34:22'),
	(402, 53, 1, 157, 'Out', 6.0000000000, 15.2542372881, 'GST18', 16.4800000000, 0.0000000000, 0.0000000000, 428, NULL, NULL, '2019-10-04 11:34:22', '2019-10-04 11:34:22'),
	(403, 54, 1, 92, 'Out', 12.0000000000, 18.6440677966, 'GST18', 40.2800000000, 0.0000000000, 0.0000000000, 429, NULL, NULL, '2019-10-04 11:34:22', '2019-10-04 11:34:22'),
	(404, 54, 1, 102, 'Out', 6.0000000000, 13.5593220339, 'GST18', 14.6400000000, 0.0000000000, 0.0000000000, 430, NULL, NULL, '2019-10-04 11:34:22', '2019-10-04 11:34:22'),
	(405, 54, 1, 186, 'Out', 30.0000000000, 7.0000000000, 'GST12', 25.2000000000, 0.0000000000, 0.0000000000, 431, NULL, NULL, '2019-10-04 11:34:22', '2019-10-04 11:34:22'),
	(406, 54, 1, 151, 'Out', 6.0000000000, 27.0000000000, 'GST00', 0.0000000000, 0.0000000000, 0.0000000000, 432, NULL, NULL, '2019-10-04 11:34:22', '2019-10-04 11:34:22'),
	(407, 54, 1, 104, 'Out', 6.0000000000, 21.1864406780, 'GST18', 22.8800000000, 0.0000000000, 0.0000000000, 433, NULL, NULL, '2019-10-04 11:34:22', '2019-10-04 11:34:22'),
	(408, 54, 1, 165, 'Out', 6.0000000000, 15.2542372881, 'GST18', 16.4800000000, 0.0000000000, 0.0000000000, 434, NULL, NULL, '2019-10-04 11:34:23', '2019-10-04 11:34:23'),
	(409, 54, 1, 170, 'Out', 6.0000000000, 15.2542372881, 'GST18', 16.4800000000, 0.0000000000, 0.0000000000, 435, NULL, NULL, '2019-10-04 11:34:23', '2019-10-04 11:34:23'),
	(410, 54, 1, 159, 'Out', 6.0000000000, 7.6271186441, 'GST18', 8.2400000000, 0.0000000000, 0.0000000000, 436, NULL, NULL, '2019-10-04 11:34:23', '2019-10-04 11:34:23'),
	(411, 55, 1, 32, 'Out', 1.0000000000, 133.3333333333, 'GST05', 6.6600000000, 0.0000000000, 0.0000000000, 437, NULL, NULL, '2019-10-04 11:34:23', '2019-10-04 11:34:23'),
	(412, 55, 1, 36, 'Out', 2.0000000000, 61.9047619048, 'GST05', 6.2000000000, 0.0000000000, 0.0000000000, 438, NULL, NULL, '2019-10-04 11:34:23', '2019-10-04 11:34:23'),
	(413, 55, 1, 56, 'Out', 1.0000000000, 104.7619047619, 'GST05', 5.2400000000, 0.0000000000, 0.0000000000, 439, NULL, NULL, '2019-10-04 11:34:23', '2019-10-04 11:34:23'),
	(414, 55, 1, 57, 'Out', 1.0000000000, 81.0000000000, 'GST05', 4.0600000000, 0.0000000000, 0.0000000000, 440, NULL, NULL, '2019-10-04 11:34:23', '2019-10-04 11:34:23'),
	(415, 55, 1, 58, 'Out', 5.0000000000, 23.8095238095, 'GST05', 5.9600000000, 0.0000000000, 0.0000000000, 441, NULL, NULL, '2019-10-04 11:34:23', '2019-10-04 11:34:23'),
	(416, 55, 1, 53, 'Out', 5.0000000000, 20.9523809524, 'GST05', 5.2400000000, 0.0000000000, 0.0000000000, 442, NULL, NULL, '2019-10-04 11:34:23', '2019-10-04 11:34:23'),
	(417, 55, 1, 13, 'Out', 0.5000000000, 247.6190476190, 'GST05', 6.2000000000, 0.0000000000, 0.0000000000, 443, NULL, NULL, '2019-10-04 11:34:23', '2019-10-04 11:34:23'),
	(418, 55, 1, 92, 'Out', 12.0000000000, 18.6440677966, 'GST18', 40.2800000000, 0.0000000000, 0.0000000000, 444, NULL, NULL, '2019-10-04 11:34:23', '2019-10-04 11:34:23'),
	(419, 55, 1, 104, 'Out', 12.0000000000, 21.1864406780, 'GST18', 45.7600000000, 0.0000000000, 0.0000000000, 445, NULL, NULL, '2019-10-04 11:34:23', '2019-10-04 11:34:23'),
	(420, 55, 1, 102, 'Out', 12.0000000000, 13.5593220339, 'GST18', 29.2800000000, 0.0000000000, 0.0000000000, 446, NULL, NULL, '2019-10-04 11:34:23', '2019-10-04 11:34:23'),
	(421, 55, 1, 90, 'Out', 3.0000000000, 42.8571428571, 'GST05', 6.4200000000, 0.0000000000, 0.0000000000, 447, NULL, NULL, '2019-10-04 11:34:23', '2019-10-04 11:34:23'),
	(422, 55, 1, 91, 'Out', 6.0000000000, 20.9523809524, 'GST05', 6.2800000000, 0.0000000000, 0.0000000000, 448, NULL, NULL, '2019-10-04 11:34:23', '2019-10-04 11:34:23'),
	(423, 55, 1, 93, 'Out', 3.0000000000, 42.3728813559, 'GST18', 22.8800000000, 0.0000000000, 0.0000000000, 449, NULL, NULL, '2019-10-04 11:34:23', '2019-10-04 11:34:23'),
	(424, 55, 1, 169, 'Out', 3.0000000000, 30.5084745763, 'GST18', 16.4800000000, 0.0000000000, 0.0000000000, 450, NULL, NULL, '2019-10-04 11:34:24', '2019-10-04 11:34:24'),
	(425, 55, 1, 165, 'Out', 6.0000000000, 15.2542372881, 'GST18', 16.4800000000, 0.0000000000, 0.0000000000, 451, NULL, NULL, '2019-10-04 11:34:24', '2019-10-04 11:34:24'),
	(426, 55, 1, 157, 'Out', 3.0000000000, 15.2542372881, 'GST18', 8.2400000000, 0.0000000000, 0.0000000000, 452, NULL, NULL, '2019-10-04 11:34:24', '2019-10-04 11:34:24'),
	(427, 55, 1, 158, 'Out', 3.0000000000, 15.2542372881, 'GST18', 8.2400000000, 0.0000000000, 0.0000000000, 453, NULL, NULL, '2019-10-04 11:34:24', '2019-10-04 11:34:24'),
	(428, 55, 1, 129, 'Out', 3.0000000000, 7.1428571429, 'GST12', 2.5800000000, 0.0000000000, 0.0000000000, 454, NULL, NULL, '2019-10-04 11:34:24', '2019-10-04 11:34:24'),
	(429, 55, 1, 174, 'Out', 0.5000000000, 171.4285714286, 'GST05', 4.2800000000, 0.0000000000, 0.0000000000, 455, NULL, NULL, '2019-10-04 11:34:24', '2019-10-04 11:34:24'),
	(430, 55, 1, 28, 'Out', 1.0000000000, 104.7619047619, 'GST05', 5.2400000000, 0.0000000000, 0.0000000000, 456, NULL, NULL, '2019-10-04 11:34:24', '2019-10-04 11:34:24'),
	(431, 56, 1, 157, 'Out', 6.0000000000, 15.2542372881, 'GST18', 16.4800000000, 0.0000000000, 0.0000000000, 457, NULL, NULL, '2019-10-04 11:34:24', '2019-10-04 11:34:24'),
	(432, 56, 1, 160, 'Out', 6.0000000000, 7.7683559322, 'GST18', 8.3800000000, 0.0000000000, 0.0000000000, 458, NULL, NULL, '2019-10-04 11:34:24', '2019-10-04 11:34:24'),
	(433, 56, 1, 170, 'Out', 6.0000000000, 15.2542372881, 'GST18', 16.4800000000, 0.0000000000, 0.0000000000, 459, NULL, NULL, '2019-10-04 11:34:24', '2019-10-04 11:34:24'),
	(434, 56, 1, 104, 'Out', 6.0000000000, 21.1864406780, 'GST18', 22.8800000000, 0.0000000000, 0.0000000000, 460, NULL, NULL, '2019-10-04 11:34:24', '2019-10-04 11:34:24'),
	(435, 56, 1, 207, 'Out', 1.0000000000, 66.9642857143, 'GST12', 8.0400000000, 0.0000000000, 0.0000000000, 461, NULL, NULL, '2019-10-04 11:34:24', '2019-10-04 11:34:24'),
	(436, 56, 1, 201, 'Out', 1.0000000000, 88.9830508475, 'GST18', 16.0200000000, 0.0000000000, 0.0000000000, 462, NULL, NULL, '2019-10-04 11:34:24', '2019-10-04 11:34:24'),
	(437, 57, 1, 104, 'Out', 6.0000000000, 21.1864406780, 'GST18', 22.8800000000, 0.0000000000, 0.0000000000, 463, NULL, NULL, '2019-10-04 11:34:24', '2019-10-04 11:34:24'),
	(438, 57, 1, 102, 'Out', 6.0000000000, 13.5593220339, 'GST18', 14.6400000000, 0.0000000000, 0.0000000000, 464, NULL, NULL, '2019-10-04 11:34:24', '2019-10-04 11:34:24'),
	(439, 57, 1, 4, 'Out', 2.0000000000, 122.8571428571, 'GST05', 11.7800000000, 10.0000000000, 0.0000000000, 465, NULL, NULL, '2019-10-04 11:34:24', '2019-10-04 11:34:24'),
	(440, 57, 1, 110, 'Out', 3.0000000000, 17.8571428571, 'GST12', 6.4200000000, 0.0000000000, 0.0000000000, 466, NULL, NULL, '2019-10-04 11:34:25', '2019-10-04 11:34:25'),
	(441, 57, 1, 113, 'Out', 3.0000000000, 31.2500000000, 'GST12', 11.2600000000, 0.0000000000, 0.0000000000, 467, NULL, NULL, '2019-10-04 11:34:25', '2019-10-04 11:34:25'),
	(442, 57, 1, 112, 'Out', 3.0000000000, 31.2500000000, 'GST12', 11.2600000000, 0.0000000000, 0.0000000000, 468, NULL, NULL, '2019-10-04 11:34:25', '2019-10-04 11:34:25'),
	(443, 58, 1, 93, 'Out', 12.0000000000, 42.3728813559, 'GST18', 91.5200000000, 0.0000000000, 0.0000000000, 469, NULL, NULL, '2019-10-04 11:34:25', '2019-10-04 11:34:25'),
	(444, 58, 1, 139, 'Out', 3.0000000000, 59.2812500000, 'GST28+', 71.1400000000, 0.0000000000, 0.0000000000, 470, NULL, NULL, '2019-10-04 11:34:25', '2019-10-04 11:34:25'),
	(445, 58, 1, 141, 'Out', 3.0000000000, 59.2812500000, 'GST28+', 71.1400000000, 0.0000000000, 0.0000000000, 471, NULL, NULL, '2019-10-04 11:34:25', '2019-10-04 11:34:25'),
	(446, 58, 1, 143, 'Out', 3.0000000000, 59.2812500000, 'GST28+', 71.1400000000, 0.0000000000, 0.0000000000, 472, NULL, NULL, '2019-10-04 11:34:25', '2019-10-04 11:34:25'),
	(447, 58, 1, 136, 'Out', 10.0000000000, 22.1429687500, 'GST28+', 88.5700000000, 0.0000000000, 0.0000000000, 473, NULL, NULL, '2019-10-04 11:34:25', '2019-10-04 11:34:25'),
	(448, 58, 1, 138, 'Out', 10.0000000000, 22.1429687500, 'GST28+', 88.5700000000, 0.0000000000, 0.0000000000, 474, NULL, NULL, '2019-10-04 11:34:25', '2019-10-04 11:34:25'),
	(449, 58, 1, 137, 'Out', 10.0000000000, 22.1429687500, 'GST28+', 88.5700000000, 0.0000000000, 0.0000000000, 475, NULL, NULL, '2019-10-04 11:34:25', '2019-10-04 11:34:25'),
	(450, 58, 1, 158, 'Out', 10.0000000000, 15.2542372881, 'GST18', 27.4600000000, 0.0000000000, 0.0000000000, 476, NULL, NULL, '2019-10-04 11:34:25', '2019-10-04 11:34:25'),
	(451, 58, 1, 157, 'Out', 10.0000000000, 15.2542372881, 'GST18', 27.4600000000, 0.0000000000, 0.0000000000, 477, NULL, NULL, '2019-10-04 11:34:25', '2019-10-04 11:34:25'),
	(452, 58, 1, 161, 'Out', 10.0000000000, 23.3050847458, 'GST18', 41.9400000000, 0.0000000000, 0.0000000000, 478, NULL, NULL, '2019-10-04 11:34:25', '2019-10-04 11:34:25'),
	(453, 58, 1, 169, 'Out', 10.0000000000, 30.5084745763, 'GST18', 54.9200000000, 0.0000000000, 0.0000000000, 479, NULL, NULL, '2019-10-04 11:34:25', '2019-10-04 11:34:25'),
	(454, 58, 1, 102, 'Out', 12.0000000000, 13.5593220339, 'GST18', 29.2800000000, 0.0000000000, 0.0000000000, 480, NULL, NULL, '2019-10-04 11:34:25', '2019-10-04 11:34:25'),
	(455, 58, 1, 104, 'Out', 12.0000000000, 21.1864406780, 'GST18', 45.7600000000, 0.0000000000, 0.0000000000, 481, NULL, NULL, '2019-10-04 11:34:25', '2019-10-04 11:34:25'),
	(456, 58, 1, 45, 'Out', 1.0000000000, 85.7142857143, 'GST05', 4.2800000000, 0.0000000000, 0.0000000000, 482, NULL, NULL, '2019-10-04 11:34:25', '2019-10-04 11:34:25'),
	(457, 59, 1, 69, 'Out', 10.0000000000, 28.5714285714, 'GST05', 14.2800000000, 0.0000000000, 0.0000000000, 483, NULL, NULL, '2019-10-04 11:34:26', '2019-10-04 11:34:26'),
	(458, 60, 1, 4, 'Out', 1.0000000000, 122.8571428571, 'GST05', 6.1400000000, 0.0000000000, 0.0000000000, NULL, NULL, NULL, '2019-10-04 11:34:26', '2019-10-04 11:34:26'),
	(459, 61, 1, 4, 'Out', 1.0000000000, 130.0000000000, NULL, 6.4500000000, 0.0000000000, 0.0000000000, NULL, NULL, NULL, '2019-10-04 11:34:26', '2019-10-04 11:34:26'),
	(460, 61, 1, 5, 'Out', 1.0000000000, 130.0000000000, NULL, 6.4500000000, 0.0000000000, 0.0000000000, NULL, NULL, NULL, '2019-10-04 11:34:26', '2019-10-04 11:34:26');
/*!40000 ALTER TABLE `transaction_details` ENABLE KEYS */;

-- Dumping structure for table appframe.users
DROP TABLE IF EXISTS `users`;
CREATE TABLE IF NOT EXISTS `users` (
  `id` bigint(20) unsigned NOT NULL AUTO_INCREMENT,
  `name` varchar(191) COLLATE utf8mb4_unicode_ci NOT NULL,
  `email` varchar(191) COLLATE utf8mb4_unicode_ci NOT NULL,
  `login` varchar(64) COLLATE utf8mb4_unicode_ci DEFAULT NULL,
  `login_password` varchar(256) COLLATE utf8mb4_unicode_ci DEFAULT NULL,
  `api_token` varchar(128) COLLATE utf8mb4_unicode_ci DEFAULT NULL,
  `reference` char(15) COLLATE utf8mb4_unicode_ci DEFAULT NULL,
  `phone` varchar(128) COLLATE utf8mb4_unicode_ci DEFAULT NULL,
  `address` varchar(512) COLLATE utf8mb4_unicode_ci DEFAULT NULL,
  `outstanding` decimal(30,10) DEFAULT '0.0000000000',
  `overdue` decimal(30,10) DEFAULT '0.0000000000',
  `email_verified_at` timestamp NULL DEFAULT NULL,
  `password` varchar(191) COLLATE utf8mb4_unicode_ci NOT NULL,
  `remember_token` varchar(100) COLLATE utf8mb4_unicode_ci DEFAULT NULL,
  `created_at` timestamp NULL DEFAULT NULL,
  `updated_at` timestamp NULL DEFAULT NULL,
  PRIMARY KEY (`id`),
  UNIQUE KEY `users_email_unique` (`email`),
  KEY `users_phone_index` (`phone`),
  KEY `users_reference_index` (`reference`),
  KEY `users_api_token_index` (`api_token`),
  KEY `users_login_index` (`login`)
) ENGINE=InnoDB AUTO_INCREMENT=300288 DEFAULT CHARSET=utf8mb4 COLLATE=utf8mb4_unicode_ci;

-- Dumping data for table appframe.users: ~206 rows (approximately)
DELETE FROM `users`;
/*!40000 ALTER TABLE `users` DISABLE KEYS */;
INSERT INTO `users` (`id`, `name`, `email`, `login`, `login_password`, `api_token`, `reference`, `phone`, `address`, `outstanding`, `overdue`, `email_verified_at`, `password`, `remember_token`, `created_at`, `updated_at`) VALUES
	(300101, 'Milestone Setup', 'setup@milestoneit.net', NULL, NULL, NULL, NULL, NULL, NULL, 0.0000000000, 0.0000000000, NULL, '$2y$10$vpHmhBJKc.c.NVOsjsO8FehQgYvAoPa1WMd7g0Fn3hQiOTEfJAxFi', NULL, '2019-10-04 09:46:58', '2019-10-04 09:46:58'),
	(300102, 'Milestone Administrator', 'admin@milestoneit.net', NULL, NULL, NULL, NULL, NULL, NULL, 0.0000000000, 0.0000000000, NULL, '$2y$10$sqhjYgjsPs2lUYN3wcLi4.5NiX.kRiEuS24qdugnpMMQ4WYz9RD6a', NULL, '2019-10-04 09:46:58', '2019-10-04 09:46:58'),
	(300103, 'showkah ali ali', 'showkatk@gmail.com', '01', '28EDF1AE1B79D7539CD51222C8D4E2769E0EF3A3', NULL, '01', NULL, NULL, 0.0000000000, 0.0000000000, NULL, '$2y$10$fCbzrp/JeZBowrm4y5ZRyem9m/BtQdsyLSctBeMff5GD3v6oSevku', NULL, '2019-10-04 09:51:20', '2019-10-04 11:31:19'),
	(300104, 'ePlus  Administrator', 'admin@temp.mail', 'admin', '81FE8BFE87576C3ECB22426F8E57847382917ACF', NULL, 'admin', NULL, NULL, 0.0000000000, 0.0000000000, NULL, '$2y$10$7UGkTgsPDmByBwL0PGoa8uMJ.7tCy4N..3UIQcUMvAJlzAiI7Bd9i', NULL, '2019-10-04 09:51:20', '2019-10-04 11:31:19'),
	(300105, 'ARABIAN HYPERMARKET', '120201A00001@temp.mail', NULL, NULL, NULL, '120201A00001', '', 'CABS TOWER, VARANDARAPPILLY', -2500.0000000000, -2500.0000000000, NULL, '$2y$10$BGPeu1Lr1vuQAU0lh6G0vO.fAKi1dUv589RDips1yo.9p7OtKJ3tO', NULL, '2019-10-04 09:51:29', '2019-10-04 09:51:56'),
	(300106, 'ASWATHI STORES', '120201A00002@temp.mail', NULL, NULL, NULL, '120201A00002', '', 'OPP- CHURCH.\r\nINCHAKUNDU.P.O', 0.0000000000, 0.0000000000, NULL, '$2y$10$CjPVZfQeP06Ecb8mUYsyweaNCdTapythn07WlqFAxHnS41/fa1jGS', NULL, '2019-10-04 09:51:29', '2019-10-04 09:51:29'),
	(300107, 'ARAFA STORES', '120201A00003@temp.mail', NULL, NULL, NULL, '120201A00003', '', 'PATHUKULANGAR, MURIKUNGAL.P.O\r\n', 0.0000000000, 0.0000000000, NULL, '$2y$10$XARAVKURPcbg/A6iI6EQ6OvaXG82Whe5nI7tqUgn3x0/dRi1pozrK', NULL, '2019-10-04 09:51:29', '2019-10-04 09:51:29'),
	(300108, 'ANLET BAKERY & STORES', '120201A00004@temp.mail', NULL, NULL, NULL, '120201A00004', '', 'PALAM -JUNCTION, MURIKUNGAL .P.O\r\n', 0.0000000000, 0.0000000000, NULL, '$2y$10$hPoElFLIcr91PYMGUrDCn.WDviOcAyyB/0ZhaS3sU955iW/1WJzg.', NULL, '2019-10-04 09:51:29', '2019-10-04 09:51:29'),
	(300109, 'ASOKAN ', '120201A00007@temp.mail', NULL, NULL, NULL, '120201A00007', '', 'CHEMBUCHIRA', 0.0000000000, 0.0000000000, NULL, '$2y$10$QvKQN9bW9k2Xcmv26w3xUe5hiblI7E19tfaDsDpI1VdVp.rNztFBu', NULL, '2019-10-04 09:51:29', '2019-10-04 09:51:29'),
	(300110, 'ANTONY STORES ', '120201A00009@temp.mail', NULL, NULL, NULL, '120201A00009', '8086133673', 'ALENGADU. KALLUR\r\n', 0.0000000000, 0.0000000000, NULL, '$2y$10$bLW39yc3ekfUqZUwDdUvEu72jQPc2CCFg.QIiQqiza70Qc39Hvucu', NULL, '2019-10-04 09:51:29', '2019-10-04 09:51:29'),
	(300111, 'ATHULYA STORES', '120201A00010@temp.mail', NULL, NULL, NULL, '120201A00010', '', 'ALENGADU. KALLUR\r\n', 0.0000000000, 0.0000000000, NULL, '$2y$10$aSC62Dn/rN/AYqhyuRN1SOD8Ru711WTQF.JixAYGToE/iIKE984t6', NULL, '2019-10-04 09:51:29', '2019-10-04 09:51:29'),
	(300112, 'ARAFA- HOTEL', '120201A00012@temp.mail', NULL, NULL, NULL, '120201A00012', '', 'PUIKKANNI. P.O.PALAPPILLY\r\n', 0.0000000000, 0.0000000000, NULL, '$2y$10$mF1oOhU1OS6ee6VVPNHJYevYYhXL380VOINvssh4gR1CxFAaLuJ3K', NULL, '2019-10-04 09:51:30', '2019-10-04 09:51:30'),
	(300113, 'AL MUSADA RESTAURANT-POUND', '120201A00014@temp.mail', NULL, NULL, NULL, '120201A00014', '', 'POUND VELEPADAM\r\n', 0.0000000000, 0.0000000000, NULL, '$2y$10$IwwOWhgbZFmDPSdDWsMGEe4eI40Es/k2/LiCfJYaNPGIfaOGb8L.6', NULL, '2019-10-04 09:51:30', '2019-10-04 09:51:30'),
	(300114, 'ALI STORES-KINAR', '120201A00017@temp.mail', NULL, NULL, NULL, '120201A00017', '', 'KINAR, VELUADAM.P.O', 0.0000000000, 0.0000000000, NULL, '$2y$10$iTOOlauh0a49w9ymgZ7CBeZoH7ZrtDVMoBNwdahSSmMvOCDqRaQPq', NULL, '2019-10-04 09:51:30', '2019-10-04 09:51:30'),
	(300115, 'A.D. VAREED ', '120201A00019@temp.mail', NULL, NULL, NULL, '120201A00019', '', 'MUPLIYAM . P.O, NEAR SCHOOL', 816.0000000000, 816.0000000000, NULL, '$2y$10$mUt4HXTXcC2Rji7Bt9To0ePfJwg2SajVWtIj72SnJNZuD2WLZ3lxO', NULL, '2019-10-04 09:51:30', '2019-10-04 09:51:56'),
	(300116, 'ANNAM STORES', '120201A00020@temp.mail', NULL, NULL, NULL, '120201A00020', '', 'POUND ', 0.0000000000, 0.0000000000, NULL, '$2y$10$PJdtCjLR7v4ZK25BAvi3zuZPqUREjwSx/pHm9EwERMi.hthGOmSG.', NULL, '2019-10-04 09:51:30', '2019-10-04 09:51:30'),
	(300117, 'ABDULLA ', '120201A00021@temp.mail', NULL, NULL, NULL, '120201A00021', '984707015', 'PALAKKAPARAMBU, KALLUR\r\n', 929.0000000000, 929.0000000000, NULL, '$2y$10$eBrZ5t257VsYtp.SmhPw0.6pWOrGSmOqE5/1gScfBPsv1ZotwSmUK', NULL, '2019-10-04 09:51:30', '2019-10-04 09:51:56'),
	(300118, 'AL AMEENA BAKERY', '120201A00022@temp.mail', NULL, NULL, NULL, '120201A00022', '', 'POUND, VELUPADAM\r\n', 0.0000000000, 0.0000000000, NULL, '$2y$10$ReSiSeBBrbEQPITaZjwCEuKgwKcEhJFwqFCNy4kC7L7gOVIT/QXGC', NULL, '2019-10-04 09:51:30', '2019-10-04 09:51:30'),
	(300119, 'AVARAN K', '120201A00025@temp.mail', NULL, NULL, NULL, '120201A00025', '', 'KARIKULAM. P.O PALAPPILLY', 0.0000000000, 0.0000000000, NULL, '$2y$10$C5ih/5l.tPcQ0c9LzCT5MODbEu3HVL8TBKla6rXbNG6HXwd51BzSO', NULL, '2019-10-04 09:51:30', '2019-10-04 09:51:30'),
	(300120, 'ANTONY STORES -KALLUR', '120201A00026@temp.mail', NULL, NULL, NULL, '120201A00026', '0480-2752044', 'PALLIKKUNNU. KALLUR\r\n', 0.0000000000, 0.0000000000, NULL, '$2y$10$JcKjPKFej3/hHGflt09ZpOTYAtDjpuXkyhj4zAaI5Nix/0tQM7uFq', NULL, '2019-10-04 09:51:30', '2019-10-04 09:51:30'),
	(300121, 'AMINA  BAKERY  POUND', '120201A00034@temp.mail', NULL, NULL, NULL, '120201A00034', '', 'POUND, VELUPADAM', 0.0000000000, 0.0000000000, NULL, '$2y$10$uPVtYDrAoZH/VvdeOYHBk.YAU.0pW/mvjxZ4s6nRcz5vcrnbLtSRS', NULL, '2019-10-04 09:51:31', '2019-10-04 09:51:31'),
	(300122, 'AYYAPPAN STORE', '120201A00042@temp.mail', NULL, NULL, NULL, '120201A00042', '', 'VASUPURAM , KODAKARA\r\n', 0.0000000000, 0.0000000000, NULL, '$2y$10$b4s5VknyqF90RoljMLFf7O8x4G4GxPFGmBG16pOV1L5ZSM3bciR7G', NULL, '2019-10-04 09:51:31', '2019-10-04 09:51:31'),
	(300123, 'AINIKKAL - MANJUR', '120201A00043@temp.mail', NULL, NULL, NULL, '120201A00043', '', 'MANJUR, PUDUKKADU', 393.0000000000, 393.0000000000, NULL, '$2y$10$UlrsQvkB8OdA/5ypHMkeieoNb.1duC3fg3wzGLuHgZeHQbBesjEJ.', NULL, '2019-10-04 09:51:31', '2019-10-04 09:51:56'),
	(300124, 'ASLY SUPERMARKET', '120201A00044@temp.mail', NULL, NULL, NULL, '120201A00044', '9539182195', 'VELUPADAM.P.O, THRISSUR, KERALA', 0.0000000000, 0.0000000000, NULL, '$2y$10$j1iGWG27zwtVJBmOWAuE0ubZ5Ca/n5vnO3qNZO192jRIZa8gMgwjq', NULL, '2019-10-04 09:51:31', '2019-10-04 09:51:31'),
	(300125, 'ASLY', '120201A00045@temp.mail', NULL, NULL, NULL, '120201A00045', '', 'KINAR VELUPADAM', 0.0000000000, 0.0000000000, NULL, '$2y$10$/20gT1UxXleurvW4LU2D9O0u5KmPMFAfvNVXwMvj92g2bBBQ58GZ.', NULL, '2019-10-04 09:51:31', '2019-10-04 09:51:31'),
	(300126, 'BALAN STORES', '120201B00001@temp.mail', NULL, NULL, NULL, '120201B00001', '', 'MONODY', 0.0000000000, 0.0000000000, NULL, '$2y$10$A6E6ft/1WW7IMgLQtM1mpOJ2rnd1Pw9K/9Cx4nVajUuUi35PxYvIq', NULL, '2019-10-04 09:51:31', '2019-10-04 09:51:31'),
	(300127, 'BIBIN -HOTEL ', '120201B00003@temp.mail', NULL, NULL, NULL, '120201B00003', '', 'MAROTICHAL', 2214.0000000000, 2214.0000000000, NULL, '$2y$10$foGhTZ0QlHtC9f7WgyCO.uA4iZaEuT2y47N8hkhA4kvE1YvxWT4DS', NULL, '2019-10-04 09:51:31', '2019-10-04 09:51:56'),
	(300128, 'BABY MAROTTICHAL', '120201B00004@temp.mail', NULL, NULL, NULL, '120201B00004', '9961995245', 'MAROTTICHAL', 904.0000000000, 904.0000000000, NULL, '$2y$10$o5Q62svkDkzPPalnXFj6c.l8H.AueUEKSDYdl.uZT/CEGTNgsSafC', NULL, '2019-10-04 09:51:31', '2019-10-04 09:51:56'),
	(300129, 'BHARATHAN -TEA SHOP', '120201B00006@temp.mail', NULL, NULL, NULL, '120201B00006', '', 'PAZHAY\r\n', 601.0000000000, 601.0000000000, NULL, '$2y$10$ThEzy4xOqHPvv1x1LMJTl.K44mF5dmP7JcLrprA79vz54lW04HodK', NULL, '2019-10-04 09:51:31', '2019-10-04 09:51:56'),
	(300130, 'BASHEER ', '120201B00009@temp.mail', NULL, NULL, NULL, '120201B00009', '', 'VARANDARAPPILLY\r\n', 0.0000000000, 0.0000000000, NULL, '$2y$10$N3h7LKOqGNoSXl3zHXcH8O.h3jvJ/v53hgYeeeU6eONo5GdgRhbb6', NULL, '2019-10-04 09:51:32', '2019-10-04 09:51:32'),
	(300131, 'C.V. STORES', '120201C00001@temp.mail', NULL, NULL, NULL, '120201C00001', '', 'PALAM JUNCTION. MURIKUNGAL.P.O\r\n', 0.0000000000, 0.0000000000, NULL, '$2y$10$80Nnke57LR.ofgY61AH1D.C/asAyaWs.tp313ikS7Hr93PvgEHClW', NULL, '2019-10-04 09:51:32', '2019-10-04 09:51:32'),
	(300132, 'C K J STORES ', '120201C00002@temp.mail', NULL, NULL, NULL, '120201C00002', '9562277632', 'MANNAPETTA, THRISSUR', 0.0000000000, 0.0000000000, NULL, '$2y$10$pX/vOiKZ8suTNpTbrA/Ly.1yKcIARmNS2OJ7QyKJmnen98Dt/Kdxq', NULL, '2019-10-04 09:51:32', '2019-10-04 09:51:32'),
	(300133, 'CHAKKARA STORES', '120201C00005@temp.mail', NULL, NULL, NULL, '120201C00005', '', 'MRIYADU,\r\n', 0.0000000000, 0.0000000000, NULL, '$2y$10$aACM5NmA6MmFw/dnjR9Nr.e0tr1no0cFjlGW/ogkJM54497Go81ue', NULL, '2019-10-04 09:51:32', '2019-10-04 09:51:32'),
	(300134, 'CS VIJAYAN VELLIKULAM', '120201C00010@temp.mail', NULL, NULL, NULL, '120201C00010', '9745328531', 'VELLIKULANGARA\r\n', 0.0000000000, 0.0000000000, NULL, '$2y$10$RQ9yHh42JdE0.YhC9htDBOxkbK58r9oEjGHSWfrGJDmv.R9I9C2sW', NULL, '2019-10-04 09:51:32', '2019-10-04 09:51:32'),
	(300135, 'C M BAKERY pulikanni', '120201C00014@temp.mail', NULL, NULL, NULL, '120201C00014', '7591956739', 'PULIKANNI, PO PALAPPILLY\r\nTHRISSUR', 0.0000000000, 0.0000000000, NULL, '$2y$10$iksNIOZjWrpayPlCfs9MIei5szf3/phR9piVmfDc7QFtIg.zJNZsq', NULL, '2019-10-04 09:51:32', '2019-10-04 09:51:32'),
	(300136, 'DASAN ', '120201D00001@temp.mail', NULL, NULL, NULL, '120201D00001', '', 'NADIPARA, P.O.CHEMBUCHIRA', 0.0000000000, 0.0000000000, NULL, '$2y$10$bwhuu2XVcOvXulFpPvx.cuteqBjSqJX2oDG6HOMAztUj1BoZlM04S', NULL, '2019-10-04 09:51:32', '2019-10-04 09:51:32'),
	(300137, 'DAYALU ', '120201D00002@temp.mail', NULL, NULL, NULL, '120201D00002', '', 'CHEMBUCHIRA\r\n', 0.0000000000, 0.0000000000, NULL, '$2y$10$Vsz76xZJ0N5.ZaL0ISjjEOw7rsLCEP9k/Xhk38xDbET3TUcf/5vPW', NULL, '2019-10-04 09:51:32', '2019-10-04 09:51:32'),
	(300138, 'DAVIS- VATTANATHARA', '120201D00006@temp.mail', NULL, NULL, NULL, '120201D00006', '', 'VATTANATHARA', 1461.0000000000, 1461.0000000000, NULL, '$2y$10$dTCAVStZm8w8UXZ83SCDHuMOwksWhhEPM4nTNjuaFskqXVrIXQR8a', NULL, '2019-10-04 09:51:32', '2019-10-04 09:51:56'),
	(300139, 'DHANYA STORES ', '120201D00008@temp.mail', NULL, NULL, NULL, '120201D00008', '', 'VATTANATHARA\r\n', 1753.0000000000, 1753.0000000000, NULL, '$2y$10$JE.HHc3q09cWD/wWEExnt.Jt0cQaGEdLBnysgpNYWkspV3H9GK/s.', NULL, '2019-10-04 09:51:33', '2019-10-04 09:51:56'),
	(300140, 'FAHAD', '120201F00001@temp.mail', NULL, NULL, NULL, '120201F00001', '', 'POUND', 0.0000000000, 0.0000000000, NULL, '$2y$10$Jt3oKipZG9dJB7IrqDt06Ogrh5xHTRTV9dckwZ8WfQD1xkZgrSXla', NULL, '2019-10-04 09:51:33', '2019-10-04 09:51:33'),
	(300141, 'FAHAD BAZAR ', '120201F00003@temp.mail', NULL, NULL, NULL, '120201F00003', '', 'POUND-JUNCTION, VELUPADAM.P.O\r\n', 0.0000000000, 0.0000000000, NULL, '$2y$10$4rosVopNwGr/vvXAZR3ViuALEkuguK/HPpUZkkxtFCszvMGZXZX2q', NULL, '2019-10-04 09:51:33', '2019-10-04 09:51:33'),
	(300142, 'GEORGE STORES-ROTIPADI', '120201G00002@temp.mail', NULL, NULL, NULL, '120201G00002', '', 'ROTTIPADI, VARANDARAPPILLY', 0.0000000000, 0.0000000000, NULL, '$2y$10$KT6kiBnXN.MuTsaoQSpDV.aCIAKK7AFl2g1XjrfuWxpj51J9jidRO', NULL, '2019-10-04 09:51:33', '2019-10-04 09:51:33'),
	(300143, 'GOPI PUKKODU', '120201G00004@temp.mail', NULL, NULL, NULL, '120201G00004', '', 'POOKKODU\r\n', 0.0000000000, 0.0000000000, NULL, '$2y$10$brTxMBHk8IOL3xB4YNLMMOrdkwifMJxSYwtGnVXFQG.X1RvYYTHTC', NULL, '2019-10-04 09:51:33', '2019-10-04 09:51:33'),
	(300144, 'GEORGE SONS- PAZHAYI', '120201G00006@temp.mail', NULL, NULL, NULL, '120201G00006', '', 'PAZHAYI', 0.0000000000, 0.0000000000, NULL, '$2y$10$TulciT52WCLRGu7waOhjaONu9eiO4vDcGNUCEkIdv.Ti0N2NzPZ8.', NULL, '2019-10-04 09:51:33', '2019-10-04 09:51:33'),
	(300145, 'GEORGE VELLIKULANGARA', '120201G00009@temp.mail', NULL, NULL, NULL, '120201G00009', '', 'VELLIKULANGARA\r\n', 0.0000000000, 0.0000000000, NULL, '$2y$10$AtBqLCGXaSxYdvjCLDPvWuqG84JY7zlrknNSizlPb1tHaiIzTKumG', NULL, '2019-10-04 09:51:33', '2019-10-04 09:51:33'),
	(300146, 'GRAND - CHEMBUCHIRA', '120201G00010@temp.mail', NULL, NULL, NULL, '120201G00010', '', 'CHEMBUCHIRA, THRISSUR\r\n\r\n', 0.0000000000, 0.0000000000, NULL, '$2y$10$kODz6TYnLiyjzL49R05ES.lI5cLtkliafsYOsPMxkktE/o4ERJXay', NULL, '2019-10-04 09:51:33', '2019-10-04 09:51:33'),
	(300147, 'HELEN ROSE BAKERY', '120201H00001@temp.mail', NULL, NULL, NULL, '120201H00001', '', 'MAROTTICHAL', 937.0000000000, 937.0000000000, NULL, '$2y$10$1jUGj/tl8wwl2geUAkzoPuX0Rcag/zo49JvfUHKhXkcL8moLPqZSC', NULL, '2019-10-04 09:51:33', '2019-10-04 09:51:56'),
	(300148, 'HAMZA -KINAR', '120201H00003@temp.mail', NULL, NULL, NULL, '120201H00003', '', 'KINAR, VELUPADAM\r\n', 0.0000000000, 0.0000000000, NULL, '$2y$10$XM6kPw9GgfzzYDgxZwnZJOBChCPfEB7FnmfKCcNbjyFkSue4bSJlW', NULL, '2019-10-04 09:51:34', '2019-10-04 09:51:34'),
	(300149, 'HASAN KARIKULAM', '120201H00006@temp.mail', NULL, NULL, NULL, '120201H00006', '', 'KARIKULAM, PALAPPILLY\r\n', 0.0000000000, 0.0000000000, NULL, '$2y$10$XZ8/sAkzcOyM4OKmpPIKSuPtZERLtGSg1F2jAqfQ7tv1yyZYeGdju', NULL, '2019-10-04 09:51:34', '2019-10-04 09:51:34'),
	(300150, 'HAMZA KODAKARA', '120201H00007@temp.mail', NULL, NULL, NULL, '120201H00007', '', 'KINAR, VELUPADAM\r\n', 0.0000000000, 0.0000000000, NULL, '$2y$10$wjzt1U.edQC/SUiUVCq2Me5I4KxxqhkjdHqlOPITlY8P3fU7xkcGW', NULL, '2019-10-04 09:51:34', '2019-10-04 09:51:34'),
	(300151, 'INCHAKUNDU SERVICE CO-OP BANK LTD R-197', '120201I00001@temp.mail', NULL, NULL, NULL, '120201I00001', '0480-2780084', 'MUPLIYAM .P.O\r\n', 0.0000000000, 0.0000000000, NULL, '$2y$10$Z/wBKDQrAJZZpVBU9du7lOBOROWSMojTgDztoanaH1wolAPESQzLW', NULL, '2019-10-04 09:51:34', '2019-10-04 09:51:34'),
	(300152, 'ILLIKKAL - CHEMBUCHIRA', '120201I00002@temp.mail', NULL, NULL, NULL, '120201I00002', '', 'CHEMBUCHIRA\r\n', 0.0000000000, 0.0000000000, NULL, '$2y$10$EizTf1Jdz4L/CUaPyCqdm.bOJ6GXDVjJzvdAXOiUL0sDbaTBmeg4.', NULL, '2019-10-04 09:51:34', '2019-10-04 09:51:34'),
	(300153, 'ITHAL NADIPARA', '120201I00003@temp.mail', NULL, NULL, NULL, '120201I00003', '', 'NADIPARA, CHEMBUCHIRA\r\n', 0.0000000000, 0.0000000000, NULL, '$2y$10$BNhKm4hjSG9DCNqTQ/5VI.PdM/6CbdrskSj5xMDMSZHtiOKog0PLC', NULL, '2019-10-04 09:51:34', '2019-10-04 09:51:34'),
	(300154, 'JOHAN STORES ', '120201J00002@temp.mail', NULL, NULL, NULL, '120201J00002', '', 'POUND, VELUPADAM .P.O\r\n', 0.0000000000, 0.0000000000, NULL, '$2y$10$YmtKb2oF0wzAUonRQvpvLeCGkufTUGZ5O8fwJy5VjYxdL7CxXc/zG', NULL, '2019-10-04 09:51:34', '2019-10-04 09:51:34'),
	(300155, 'JOY TEA SHOP', '120201J00003@temp.mail', NULL, NULL, NULL, '120201J00003', '', 'NEAR OIL MILLS \r\nINCHKUNDU.', 0.0000000000, 0.0000000000, NULL, '$2y$10$P7liL8XgzQ5E5Rzy7wmlqeTM5LrxlYBvcG6XK.BNiIs0T2MvCEs/y', NULL, '2019-10-04 09:51:34', '2019-10-04 09:51:34'),
	(300156, 'JOJAN-VELUPADAM', '120201J00005@temp.mail', NULL, NULL, NULL, '120201J00005', '', 'VELUPADAM.P.O', 0.0000000000, 0.0000000000, NULL, '$2y$10$mI4p8Olex20YS0OVL3/ddehEo.h8KLfYOQVRvEkm7rFj1ojrGb19.', NULL, '2019-10-04 09:51:34', '2019-10-04 09:51:34'),
	(300157, 'JOY MAROTICHAL', '120201J00007@temp.mail', NULL, NULL, NULL, '120201J00007', '9961485021', 'MAROTTICHAL.\r\n', 0.0000000000, 0.0000000000, NULL, '$2y$10$GJQYcGbtSlmaQhbwmvSvTO5681EFpX1e/nNxVpDe1hrhXi3JlvXt2', NULL, '2019-10-04 09:51:35', '2019-10-04 09:51:35'),
	(300158, 'JOSE -MAROTICHAL', '120201J00008@temp.mail', NULL, NULL, NULL, '120201J00008', '7025954106', 'MAROTICHAL', 3311.0000000000, 3311.0000000000, NULL, '$2y$10$tnh6h..fwE8vupJHDk7lKOYn1xXgtwd5HROAxmtgOFI6OgJaEsdai', NULL, '2019-10-04 09:51:35', '2019-10-04 09:51:56'),
	(300159, 'JOSE CHICKEN CENTRE', '120201J00009@temp.mail', NULL, NULL, NULL, '120201J00009', '', 'MAROTTICHAL\r\n\r\n', 525.0000000000, 525.0000000000, NULL, '$2y$10$fbhBSlfUL6U.ObzkhvWbY.xxtUftdWdcA2s1EG8QeGlFx0/2oDgLG', NULL, '2019-10-04 09:51:35', '2019-10-04 09:51:56'),
	(300160, 'JOY -MADAM', '120201J00012@temp.mail', NULL, NULL, NULL, '120201J00012', '', 'MADAM- VELUPADAM .P.O.\r\n\r\n', 0.0000000000, 0.0000000000, NULL, '$2y$10$WlJk6asu/GARfQ83DxP0tupEUXrHRlpCGRtouN.rvL5mVbi.h3HK2', NULL, '2019-10-04 09:51:35', '2019-10-04 09:51:35'),
	(300161, 'JOSE PACHALIPURAM', '120201J00013@temp.mail', NULL, NULL, NULL, '120201J00013', '', 'PACHALIPURAM.  ', 0.0000000000, 0.0000000000, NULL, '$2y$10$.M7cRltz1njqEnbQcTeplOnT5WONdaSvjCLdBICjO418TxVHnosti', NULL, '2019-10-04 09:51:35', '2019-10-04 09:51:35'),
	(300162, 'JOY VARAKKARA', '120201J00019@temp.mail', NULL, NULL, NULL, '120201J00019', '', 'NEAR CHURCH, VARAKKARA\r\n', 335.0000000000, 335.0000000000, NULL, '$2y$10$A2sgHs3NsfRXWTvBl2wOM.z5qm97LvjFy/gncQrDaefN0svs8uThm', NULL, '2019-10-04 09:51:35', '2019-10-04 09:51:56'),
	(300163, 'JOSE MOOLAN', '120201J00020@temp.mail', NULL, NULL, NULL, '120201J00020', '8547243432', 'THALOOPADAM\r\n', 0.0000000000, 0.0000000000, NULL, '$2y$10$dlseK/lYUmuFXu7qV3lCROspZuI4PksZbtUXOUl8gEI0GfZWS8pzi', NULL, '2019-10-04 09:51:35', '2019-10-04 09:51:35'),
	(300164, 'JAMES MADAM', '120201J00021@temp.mail', NULL, NULL, NULL, '120201J00021', '', 'MADAM , VELUPADAM\r\n', 0.0000000000, 0.0000000000, NULL, '$2y$10$DIf.DDpDgPvi6naT0E6AAe0ERR5t4YvOzgq0FD/rg0zVlmdDve4iC', NULL, '2019-10-04 09:51:35', '2019-10-04 09:51:35'),
	(300165, 'JOBY- PALAKKAPARAMBU', '120201J00028@temp.mail', NULL, NULL, NULL, '120201J00028', '', 'PALAKKAPARAMBU, KALLUR\r\n', 2325.0000000000, 2325.0000000000, NULL, '$2y$10$tPObEZwP7QRMQ5SH9ZAFsulY/ZFX/F6Xr1Y.PQuPE00ruiHvMDFQy', NULL, '2019-10-04 09:51:35', '2019-10-04 09:51:56'),
	(300166, 'JAISON MUPLIYAM', '120201J00031@temp.mail', NULL, NULL, NULL, '120201J00031', '', 'MUPLIYAM CENTRE', 0.0000000000, 0.0000000000, NULL, '$2y$10$.fbZnDhC97StL2qVvaAmxOZrytuFGus4TMJaHczA9saZLUXxcILqq', NULL, '2019-10-04 09:51:35', '2019-10-04 09:51:35'),
	(300167, 'JOHNY - POOKODU', '120201J00035@temp.mail', NULL, NULL, NULL, '120201J00035', '', 'POOKODE \r\n', 698.0000000000, 698.0000000000, NULL, '$2y$10$1p0WGKytwxJ8LJH9tY..oO8.T/9Ck3piQAna1I1NL9mHKh5JMCU7a', NULL, '2019-10-04 09:51:36', '2019-10-04 09:51:56'),
	(300168, 'J P N STORES', '120201J00037@temp.mail', NULL, NULL, NULL, '120201J00037', '9744946637', 'NEAR -CHURCH, VARAKKARA,\r\n', 852.0000000000, 852.0000000000, NULL, '$2y$10$HRWnKTLqWWYbMiYs84UlZuPjfhCLGn2FvTH6/DBFUIx7fVyCDNxpu', NULL, '2019-10-04 09:51:36', '2019-10-04 09:51:56'),
	(300169, 'JOSE VARAKARA', '120201J00038@temp.mail', NULL, NULL, NULL, '120201J00038', '', 'VARAKARA', 0.0000000000, 0.0000000000, NULL, '$2y$10$veXMp5L1YMhe66AZHoiUJOp66mTqSmJdrT93lummzDUD1Tcs6vF.2', NULL, '2019-10-04 09:51:36', '2019-10-04 09:51:36'),
	(300170, 'JOBOY- TALUPADAM', '120201J00039@temp.mail', NULL, NULL, NULL, '120201J00039', '', 'THALUPADAM, KODALY\r\n', 0.0000000000, 0.0000000000, NULL, '$2y$10$zAxv7UjZvivDQst4X6692eeQ2xZolA4kFwIYOTIAOCOeSJotmkBMq', NULL, '2019-10-04 09:51:36', '2019-10-04 09:51:36'),
	(300171, 'JOSE VARAKKARA', '120201J00040@temp.mail', NULL, NULL, NULL, '120201J00040', '', 'VARAKKARA, \r\n', 1350.0000000000, 1350.0000000000, NULL, '$2y$10$CDbL/c/7IU0W9PnOWIYydOa5caRrAeax7zalip2eoi0sRkTp4dhzK', NULL, '2019-10-04 09:51:36', '2019-10-04 09:51:57'),
	(300172, 'KEERTHANA BAKERY', '120201K00006@temp.mail', NULL, NULL, NULL, '120201K00006', '99463068177', 'MAROTTICHAL', 1928.0000000000, 1928.0000000000, NULL, '$2y$10$S8uewMZAyJcEld0bvlGwV.gD34fNaPFlfKcXUFCL0H1s2Y4XO55GS', NULL, '2019-10-04 09:51:36', '2019-10-04 09:51:57'),
	(300173, 'K T L STORES', '120201K00008@temp.mail', NULL, NULL, NULL, '120201K00008', '', 'PAZHAYI', 300.0000000000, 300.0000000000, NULL, '$2y$10$w7FGaFZSHDc0MGVbciAsPO2.zrRIgE0wMLISNNib3f5VSpVFwRZFi', NULL, '2019-10-04 09:51:36', '2019-10-04 09:51:57'),
	(300174, 'KANNANS VEGITABLES', '120201K00009@temp.mail', NULL, NULL, NULL, '120201K00009', '', 'PAZHAYI\r\n', 3854.0000000000, 3854.0000000000, NULL, '$2y$10$WQtJeGG.bc8yoHuIHNwRu.JRFPWHHLndbclBeSejogkUdj9Bme4Ii', NULL, '2019-10-04 09:51:36', '2019-10-04 09:51:57'),
	(300175, 'K L J STORES PAZHAYI', '120201K00010@temp.mail', NULL, NULL, NULL, '120201K00010', '9539924012', 'PAZHAYI\r\n', 764.0000000000, 764.0000000000, NULL, '$2y$10$MxdakTPJxviEsQ6nUM7h1.Kxk6tUfCQTOdzaVc8EQO52ZDOe4cQ/C', NULL, '2019-10-04 09:51:36', '2019-10-04 09:51:57'),
	(300176, 'KARIM STORES', '120201K00012@temp.mail', NULL, NULL, NULL, '120201K00012', '9605119813', 'KINAR, VELUPADAM.P.O', 0.0000000000, 0.0000000000, NULL, '$2y$10$odZIcICE8pOCpApUbuOmdeDZbRKsUlvXU7YQRTCOxx3Z.0UhLRQo2', NULL, '2019-10-04 09:51:37', '2019-10-04 09:51:37'),
	(300177, 'KOKKATTIL STORES', '120201K00016@temp.mail', NULL, NULL, NULL, '120201K00016', '', 'KODALY', 0.0000000000, 0.0000000000, NULL, '$2y$10$7RdutKYO1p2Xz.ADulUz2elf1OJD4k6nY1RuY9fvBodME90svAm4K', NULL, '2019-10-04 09:51:37', '2019-10-04 09:51:37'),
	(300178, 'KHADER POUND', '120201K00019@temp.mail', NULL, NULL, NULL, '120201K00019', '', 'POUND, VELUPADAM\r\n', 0.0000000000, 0.0000000000, NULL, '$2y$10$8RxLcr8N7Y0yALHFaooL.uQbZGYLJmpMDkGUg/jX9Lu.YbB7nsPMq', NULL, '2019-10-04 09:51:37', '2019-10-04 09:51:37'),
	(300179, 'KALAYIL STORES', '120201K00024@temp.mail', NULL, NULL, NULL, '120201K00024', '', 'MANNAMANGALAM\r\n', 4093.0000000000, 4093.0000000000, NULL, '$2y$10$9PsatuvT9IseW9iopOL7TuKjOLjokKi9sIdkRLGuFdmkFBq7XpDii', NULL, '2019-10-04 09:51:37', '2019-10-04 09:51:57'),
	(300180, 'LUCKY STORES', '120201L00001@temp.mail', NULL, NULL, NULL, '120201L00001', '', 'CHEMBUCHIRA', 0.0000000000, 0.0000000000, NULL, '$2y$10$JShAuHRUE/m2Hk2NgOhEAuTvAlkBiS1Y0D7xqg3JRaT3qJE539V0K', NULL, '2019-10-04 09:51:37', '2019-10-04 09:51:37'),
	(300181, 'LATHEEF INCHAKUNDU', '120201L00002@temp.mail', NULL, NULL, NULL, '120201L00002', '', 'NCHAKUNDU', 0.0000000000, 0.0000000000, NULL, '$2y$10$AgohZ3w.KAR0.hnl3CzXZeZjAVI/SiatT/9B3k5jPRHbk/FTFr.G2', NULL, '2019-10-04 09:51:37', '2019-10-04 09:51:37'),
	(300182, 'LAKSHMI STORES', '120201L00006@temp.mail', NULL, NULL, NULL, '120201L00006', '9946895323', 'PALAKAPARAMBU. \r\nKALLUR\r\n', 880.0000000000, 880.0000000000, NULL, '$2y$10$Yxt6HjbN6xqACaeSVUAO/.q.DxWLGc2h4AqzxMshui4VMDgKur9LS', NULL, '2019-10-04 09:51:37', '2019-10-04 09:51:57'),
	(300183, 'LAKSHMI STORES-NULUVALLY', '120201L00007@temp.mail', NULL, NULL, NULL, '120201L00007', '9747414060', 'AKG. NULUVALLY,\r\n\r\n', 0.0000000000, 0.0000000000, NULL, '$2y$10$BfGrs38g2SZZGh.ptEb8quB/.t1qGRxM2T0WAdaHu5s6CWOo/uJV2', NULL, '2019-10-04 09:51:37', '2019-10-04 09:51:37'),
	(300184, 'M.R.VAEGHESE ', '120201M00001@temp.mail', NULL, NULL, NULL, '120201M00001', '04802780594', 'CHAKAPAN PADI, P.O.MUPLIYAM\r\n', 0.0000000000, 0.0000000000, NULL, '$2y$10$zlPaSzM5irOcPrIgcxldbeTTD10NeFPQkSUyULtfo2r9.mY3wg7.a', NULL, '2019-10-04 09:51:37', '2019-10-04 09:51:37'),
	(300185, 'MOIDEEN STORES ', '120201M00002@temp.mail', NULL, NULL, NULL, '120201M00002', '', 'MURIKUNGAL CENTRE,\r\nMURIKUNGAL P.O', 0.0000000000, 0.0000000000, NULL, '$2y$10$EFLIvoVPY8F2c5sizvVwd.WpuNn4PEod7BNB3xZ12iFQewJEAoxTe', NULL, '2019-10-04 09:51:38', '2019-10-04 09:51:38'),
	(300186, 'MUPLIYAM INCHAKUNDU SAMUHYAKSHEMA CO-OP -R 1391', 'mupliyamr1391@gmail.com', NULL, NULL, NULL, '120201M00003', '8593957212', 'MUPLIYAM.P.O\r\n', 1848.0000000000, 1848.0000000000, NULL, '$2y$10$EgHSuk8aZ8u3vqKktNQaCOr/9Q4tUN6MgCPy3qT.CNw.fxyFDpTVC', NULL, '2019-10-04 09:51:38', '2019-10-04 09:51:57'),
	(300187, 'MANGAN STORES ', '120201M00010@temp.mail', NULL, NULL, NULL, '120201M00010', '', 'POOKKODU', 1794.0000000000, 1794.0000000000, NULL, '$2y$10$qpmnR49IoYYEQCF0Kb2DXeYxNOThiLxp.0DZsx8UAY.QMNZphb5OG', NULL, '2019-10-04 09:51:38', '2019-10-04 09:51:57'),
	(300188, 'MANI -MADAM', '120201M00012@temp.mail', NULL, NULL, NULL, '120201M00012', '', 'TEA SHOP, MADAM. VELUPADAM .P.O\r\n', 0.0000000000, 0.0000000000, NULL, '$2y$10$vEZxGlciddggy0X.bShJ7uVIOidospw3MHvCQ.9V01hcbCOuOR.te', NULL, '2019-10-04 09:51:38', '2019-10-04 09:51:38'),
	(300189, 'M.P.M. PULIKKANNI', '120201M00013@temp.mail', NULL, NULL, NULL, '120201M00013', '', 'PULIKKANNI, VELUPADAM.P.O\r\n', 0.0000000000, 0.0000000000, NULL, '$2y$10$MDBqVYtCeESnlO.p4.mEl.QLcKTUvgVwgRgwOWXgDCOcRERHKCSAy', NULL, '2019-10-04 09:51:38', '2019-10-04 09:51:38'),
	(300190, 'MARGIN FREE MAROTTICHAL', '120201M00016@temp.mail', NULL, NULL, NULL, '120201M00016', '9961995245', 'MAROTTICHAL\r\n', 0.0000000000, 0.0000000000, NULL, '$2y$10$1vFh.8cJe4R/wdHGy9lutOgU/cD5W35unoLTkM5xVkcnfDXGhZ03u', NULL, '2019-10-04 09:51:38', '2019-10-04 09:51:38'),
	(300191, 'MADAMBI STORES', '120201M00023@temp.mail', NULL, NULL, NULL, '120201M00023', '9562339687', 'KANJOOR PADAM, PUDUKADU\r\n', 1177.0000000000, 1177.0000000000, NULL, '$2y$10$nWqp6mMcwc2Ve8QzktlhTeRDmN8akWbxrR5B2Gcp3aSInrbZralhi', NULL, '2019-10-04 09:51:38', '2019-10-04 09:51:57'),
	(300192, 'MOIDEEN VEGITABLES', '120201M00025@temp.mail', NULL, NULL, NULL, '120201M00025', '9400943350', 'NEAR SCB VELLIKUMANGARA,', 0.0000000000, 0.0000000000, NULL, '$2y$10$MX4rpRldPX0nTVrGSnl0auDeTpx0Y4svc1R/ul/6M1GgHVf4jK3.W', NULL, '2019-10-04 09:51:39', '2019-10-04 09:51:39'),
	(300193, 'MAGIC BAKERY PALAKAPARAMBU', '120201M00026@temp.mail', NULL, NULL, NULL, '120201M00026', '9995315479', 'PALKKAPARAMBU, KALLUR.\r\n', 0.0000000000, 0.0000000000, NULL, '$2y$10$K3xF8WD7JF6V6WccX0uzbO61yrsG/7QYdWdQddQIwhayvT7WVTgu6', NULL, '2019-10-04 09:51:39', '2019-10-04 09:51:39'),
	(300194, 'MISRIYA STORES POUND', '120201M00029@temp.mail', NULL, NULL, NULL, '120201M00029', '', 'POUND . VELUPADAM P.O, THRISSUR', 0.0000000000, 0.0000000000, NULL, '$2y$10$RRyCZPi/cOZU8buDobN3kufVc108BEAxJLmvedcETI/3PJdWt9Dou', NULL, '2019-10-04 09:51:39', '2019-10-04 09:51:39'),
	(300195, 'MATHEW STORE MAROTICHAL', '120201M00033@temp.mail', NULL, NULL, NULL, '120201M00033', '9562004954', 'MAROTICHAL\r\n', 1335.0000000000, 1335.0000000000, NULL, '$2y$10$27iih9mdTHDdY.Ey7U1AN.Ic.qcNQ0Axy15JTFNzGFfrKRu/YYj1y', NULL, '2019-10-04 09:51:39', '2019-10-04 09:51:57'),
	(300196, 'MATHEW - RAGAM ROAD', '120201M00034@temp.mail', NULL, NULL, NULL, '120201M00034', '9895358441', 'RAGAM ROAD, MAROTTICHAAL\r\n', 4662.0000000000, 4662.0000000000, NULL, '$2y$10$Y6olnjazzCoMNi/4IEpZ3uJd75DAt2UzgRiDWPlZtHI9JNKYIl7zy', NULL, '2019-10-04 09:51:39', '2019-10-04 09:51:57'),
	(300197, 'NARAYANA STORES ', '120201N00001@temp.mail', NULL, NULL, NULL, '120201N00001', '', 'P.O.MUPLIYAM\r\n', 0.0000000000, 0.0000000000, NULL, '$2y$10$BSEWf65ShQZQ/Ge14f4VO.8TUqDQr23KB2E.AfEek0BKtbOfCOssO', NULL, '2019-10-04 09:51:39', '2019-10-04 09:51:39'),
	(300198, 'NOUFAL ', '120201N00003@temp.mail', NULL, NULL, NULL, '120201N00003', '', 'PULIKKANNI. P.O.ALAPPILLY', 0.0000000000, 0.0000000000, NULL, '$2y$10$KSVu6yFPHmGnERJb0mAsYetPdbWQYu5fD/vnpNuMirehg6EAAlHDa', NULL, '2019-10-04 09:51:39', '2019-10-04 09:51:39'),
	(300199, 'NAVAJEEVAN', '120201N00004@temp.mail', NULL, NULL, NULL, '120201N00004', '9747858134', 'MUPLIYAM', 0.0000000000, 0.0000000000, NULL, '$2y$10$Bw8zQKZbPO41pHbtVzunwe0YsrbzGs0UwKI5.nYQgxECyEJIVkFSW', NULL, '2019-10-04 09:51:39', '2019-10-04 09:51:39'),
	(300200, 'NADAPARAMPIL STORES', '120201N00008@temp.mail', NULL, NULL, NULL, '120201N00008', '', 'VADAKKUMURY, VARANDARAPPILLY\r\n', 0.0000000000, 0.0000000000, NULL, '$2y$10$EbAieh51qEnKPDZreF6SEOaOLxUdFTFqDcaSIbx3qjGh4FZCsxPBG', NULL, '2019-10-04 09:51:39', '2019-10-04 09:51:39'),
	(300201, 'PYNADATH ANTONY. ', '120201P00001@temp.mail', NULL, NULL, NULL, '120201P00001', '', 'NADIPARA. NEAR BSNL, INCHAKUNDU.P.O\r\n', 0.0000000000, 0.0000000000, NULL, '$2y$10$5M6e9kfcQyPeS3xW5gl3ce2KniW/lHq/gbExgq8R9q2z59xVBlehm', NULL, '2019-10-04 09:51:40', '2019-10-04 09:51:40'),
	(300202, 'P G STORES , INCHAKUNDU', '120201P00003@temp.mail', NULL, NULL, NULL, '120201P00003', '', 'INCHAKUNDU .P.O\r\n', 0.0000000000, 0.0000000000, NULL, '$2y$10$KQG0D3SAjloCRSrWUJ/KPuwhnr3ADWma2CjDJNOx8MTs87iNvzOPi', NULL, '2019-10-04 09:51:40', '2019-10-04 09:51:40'),
	(300203, 'POLETTAN - KADA', '120201P00004@temp.mail', NULL, NULL, NULL, '120201P00004', '', 'KUTTI AMBALAM, KODALY, P.O.PADY\r\n ', 0.0000000000, 0.0000000000, NULL, '$2y$10$JZW9fZ7iw2rXUqQxj7uDHeq0u9sYdMjCYPRDKVMUh.FnPW/ATQ.KC', NULL, '2019-10-04 09:51:40', '2019-10-04 09:51:40'),
	(300204, 'POTHAPARAMBIL STORES', '120201P00005@temp.mail', NULL, NULL, NULL, '120201P00005', '', 'KODALY\r\n', 0.0000000000, 0.0000000000, NULL, '$2y$10$YLcx7iTDl6Eo8khMaXl6h.CiAQdZicAAw2DbcMV7QVBpnIaA34MIO', NULL, '2019-10-04 09:51:40', '2019-10-04 09:51:40'),
	(300205, 'POULOSE ', '120201P00007@temp.mail', NULL, NULL, NULL, '120201P00007', '', 'NEAR SCHOOL, KOPLIPADAM\r\n', 0.0000000000, 0.0000000000, NULL, '$2y$10$Ey7d.L1gYe66AsIIbt.9geB6K/44xN1e4o4zcBt/YBhZFsQwpPFoK', NULL, '2019-10-04 09:51:40', '2019-10-04 09:51:40'),
	(300206, 'PMAX SUPERMARKET', '120201P00008@temp.mail', NULL, NULL, NULL, '120201P00008', '', 'KODALY.\r\n', 0.0000000000, 0.0000000000, NULL, '$2y$10$76dE13dfFrDDGjU6B2wbO.Q8EKwE.IagygloKoc7oG4MVfDbbvcOa', NULL, '2019-10-04 09:51:40', '2019-10-04 09:51:40'),
	(300207, 'PREMAN ', '120201P00009@temp.mail', NULL, NULL, NULL, '120201P00009', '', 'EAST KODALY', 0.0000000000, 0.0000000000, NULL, '$2y$10$HLnoLg7xwdLy9gQR6L3bteyO.TWpuwAvDTYuNBfPV56UmAFA.m5me', NULL, '2019-10-04 09:51:40', '2019-10-04 09:51:40'),
	(300208, 'PONNUS BAKERY', '120201P00010@temp.mail', NULL, NULL, NULL, '120201P00010', '', 'VELLIKULANGARA, MAVIN CHUVADU', 0.0000000000, 0.0000000000, NULL, '$2y$10$JxU4XZFJcZrMwiMKSIk11..susg0UYBuK3HV3CmU.aTZ3pHhdSv6a', NULL, '2019-10-04 09:51:40', '2019-10-04 09:51:40'),
	(300209, 'PORATHUKARAN ', '120201P00011@temp.mail', NULL, NULL, NULL, '120201P00011', '', 'MAVINCHUVADU. KALLUR\r\n', 0.0000000000, 0.0000000000, NULL, '$2y$10$JS8Xho7s1LokyjzAOllHfeKJtTqFwMhH6W5VYO1RcV6YpgtEDCetK', NULL, '2019-10-04 09:51:40', '2019-10-04 09:51:40'),
	(300210, 'PRINCE BAKERY', '120201P00012@temp.mail', NULL, NULL, NULL, '120201P00012', '9947738593', 'MAROTTICHAL\r\n', 604.0000000000, 604.0000000000, NULL, '$2y$10$jQQ9YgfTqbC9iLsMVQFpaO5cpWhBfF7Xlbcj4XsFls2YZmHqi0wPW', NULL, '2019-10-04 09:51:41', '2019-10-04 09:51:57'),
	(300211, 'POZHALIPARAMBIL', '120201P00013@temp.mail', NULL, NULL, NULL, '120201P00013', '9544662245', 'PALLIKKUNNU', 1168.0000000000, 1168.0000000000, NULL, '$2y$10$c5LpSF63kA3mdrq1XCbMZOrubxtYE3CEpH5KIPAIekN7jyPes.tV6', NULL, '2019-10-04 09:51:41', '2019-10-04 09:51:57'),
	(300212, 'PRANCHIYETTAN ', '120201P00014@temp.mail', NULL, NULL, NULL, '120201P00014', '', 'MANNAMPETTA\r\n', 0.0000000000, 0.0000000000, NULL, '$2y$10$TFr8M6Dy2BHDZPuiUzP2bOqTH4B8INWqMbJMCBLSRUB2NxsIImV.O', NULL, '2019-10-04 09:51:41', '2019-10-04 09:51:41'),
	(300213, 'PRABAKARAN VEGITABLES', '120201P00015@temp.mail', NULL, NULL, NULL, '120201P00015', '', 'VARANDARAPPILLY', 0.0000000000, 0.0000000000, NULL, '$2y$10$pLVBG3d90IFaQpFSmmIKRuIFork34.gcvtsvISOEXBwGuOVj9tAoW', NULL, '2019-10-04 09:51:41', '2019-10-04 09:51:41'),
	(300214, 'PUNERY BAKERY', '120201P00016@temp.mail', NULL, NULL, NULL, '120201P00016', '9656451795', 'POUND JN. VELUPADAM\r\n', 0.0000000000, 0.0000000000, NULL, '$2y$10$DqDFnbFn2vSrRRZX5zKBoeQ7bStYDWhNvHsKZLHm7oCkpUq.jjX3W', NULL, '2019-10-04 09:51:41', '2019-10-04 09:51:41'),
	(300215, 'PALLATT STORES', '120201P00024@temp.mail', NULL, NULL, NULL, '120201P00024', '9961473125', 'MAROTICHAL,\r\n', 2748.0000000000, 2748.0000000000, NULL, '$2y$10$riWp/8aOaGHQmV367q9BdOsWDcmlJkKowAMUajlKHCkY9RUTF6L7.', NULL, '2019-10-04 09:51:41', '2019-10-04 09:51:57'),
	(300216, 'PALLATH STORES KODALY', '120201P00026@temp.mail', NULL, NULL, NULL, '120201P00026', '8086141833', 'KODALY. THRISSUR\r\n', 0.0000000000, 0.0000000000, NULL, '$2y$10$E0w76ZUC.04h41F0.o95eeLq/WSVgyhpt0aqesp8hOa76XAIlZSS.', NULL, '2019-10-04 09:51:41', '2019-10-04 09:51:41'),
	(300217, 'PONNU STORES PALLAM', '120201P00029@temp.mail', NULL, NULL, NULL, '120201P00029', '8891789780', 'THOTTIPPAL, PALLAM\r\n', 0.0000000000, 0.0000000000, NULL, '$2y$10$IkblXIYoHzrWe1gXI4ODgO/ACUvnjxb.H2HVIeFIpFtoAJlDmXVjO', NULL, '2019-10-04 09:51:41', '2019-10-04 09:51:41'),
	(300218, 'REVATHY STORES-NANDIPULAM', '120201R00003@temp.mail', NULL, NULL, NULL, '120201R00003', '9961485010', 'NANDIPULAM CNTRE\r\n', 0.0000000000, 0.0000000000, NULL, '$2y$10$VehRJdJ5saNaqugX.aiHner.yQfAggaEFGgy8OO5pFKT9EXTR/Beu', NULL, '2019-10-04 09:51:41', '2019-10-04 09:51:41'),
	(300219, 'RAVI STORES', '120201R00004@temp.mail', NULL, NULL, NULL, '120201R00004', '', 'EAST KODALY\r\n', 0.0000000000, 0.0000000000, NULL, '$2y$10$.upMJeA/1iQgLvRuYtvaQO6OWjFRs2BEjFoedMbt6UvAL4Gr3FUf.', NULL, '2019-10-04 09:51:42', '2019-10-04 09:51:42'),
	(300220, 'RAVI STORES , MAROTICHAL', '120201R00007@temp.mail', NULL, NULL, NULL, '120201R00007', '0487-2688621', 'MAROTTICHAL', 1559.0000000000, 1559.0000000000, NULL, '$2y$10$OxFR3BnQr695vGCaRP4Ifev1vcR1UCY77tIjPiCwhlj2Qh7m8Avuy', NULL, '2019-10-04 09:51:42', '2019-10-04 09:51:57'),
	(300221, 'RAPPAI.PALLKUNNU', '120201R00008@temp.mail', NULL, NULL, NULL, '120201R00008', '', 'NURUKULAM, PALLIKKUNNU', 1648.0000000000, 1648.0000000000, NULL, '$2y$10$2Myx2QCMlDXxvMj5eMUQJuO4IaFHOkKhl9idKtErXEwgmktmPDdmO', NULL, '2019-10-04 09:51:42', '2019-10-04 09:51:58'),
	(300222, 'RAPPAI PAZHAYI', '120201R00009@temp.mail', NULL, NULL, NULL, '120201R00009', '9605331184', 'PAZHAYI', 2551.0000000000, 2551.0000000000, NULL, '$2y$10$EZMI08GPbfb5PxlCfpxel.bl0OI5m.FhG9ZrLlYkXoWTJI7yY8Faa', NULL, '2019-10-04 09:51:42', '2019-10-04 09:51:58'),
	(300223, 'ROYAL SHPPPE', '120201R00012@temp.mail', NULL, NULL, NULL, '120201R00012', '', 'POUND, VELUPADAM.P.O', 0.0000000000, 0.0000000000, NULL, '$2y$10$Evw1UGsEUOHBRDHT9DTU8uUgGWyfk2AWOW7l9SC3FJZj7J8fLTnTG', NULL, '2019-10-04 09:51:42', '2019-10-04 09:51:42'),
	(300224, 'RAHMANIYA STORES', '120201R00013@temp.mail', NULL, NULL, NULL, '120201R00013', '', 'POUND\r\n', 0.0000000000, 0.0000000000, NULL, '$2y$10$FVmGXgCxQ/RJliqbwNlhf.sPeY8cXxUUXgLKa/TdAmNW1Tx14ZExm', NULL, '2019-10-04 09:51:42', '2019-10-04 09:51:42'),
	(300225, 'RADHHAKRISHNAN VEGITABLES', '120201R00016@temp.mail', NULL, NULL, NULL, '120201R00016', '9544003356', 'VATTANATHARA, NEAR SOCIETY\r\n', 280.0000000000, 280.0000000000, NULL, '$2y$10$Kpup4lq7VzCUZryhX8szhe2uebKTblvfTROQy1aV4ey8/KlZs6laK', NULL, '2019-10-04 09:51:42', '2019-10-04 09:51:58'),
	(300226, 'RAMANAN  POOKODU', '120201R00020@temp.mail', NULL, NULL, NULL, '120201R00020', '', 'POOKODU. MANNAM PETTA\r\n', 0.0000000000, 0.0000000000, NULL, '$2y$10$r/h0fHSAtAAdT8xuGLS8yOl84DpIs2qb1z.uKcwc2sPv5mPvgTFVW', NULL, '2019-10-04 09:51:42', '2019-10-04 09:51:42'),
	(300227, 'SURENDRAN', '120201S00001@temp.mail', NULL, NULL, NULL, '120201S00001', '', 'INCHAKUNDU.P.O\r\n', 0.0000000000, 0.0000000000, NULL, '$2y$10$ltwOLtXo92Jg4ptib379Futf4ccn233tuT.grYAflbKB71WVnIhPu', NULL, '2019-10-04 09:51:42', '2019-10-04 09:51:42'),
	(300228, 'ST.GEORGE STORES ', '120201S00002@temp.mail', NULL, NULL, NULL, '120201S00002', '', 'OPP- MADAM. INCHAKUNDU.P.O\r\n', 0.0000000000, 0.0000000000, NULL, '$2y$10$9/JdE8dHQeM01K3dPC252Ob/yc1uwyvRzEzpFIiB7mSPyLToiolPi', NULL, '2019-10-04 09:51:42', '2019-10-04 09:51:42'),
	(300229, 'SREEDEVI STORES ', '120201S00003@temp.mail', NULL, NULL, NULL, '120201S00003', '', 'KODAY CENTRE\r\n', 0.0000000000, 0.0000000000, NULL, '$2y$10$0vJA8WxEnzcB8puuIM5cmuQ.SfpRXiipK1Q3MQSlF4yPgi84BJoOq', NULL, '2019-10-04 09:51:43', '2019-10-04 09:51:43'),
	(300230, 'SAUMYA ', '120201S00006@temp.mail', NULL, NULL, NULL, '120201S00006', '', 'NULUVALLY\r\n', 0.0000000000, 0.0000000000, NULL, '$2y$10$aA/IPyJ91mi9KftIfXM.3O68S7meeyL07M7v31ArTN.SD0c76YMNi', NULL, '2019-10-04 09:51:43', '2019-10-04 09:51:43'),
	(300231, 'SAMANWAYA BAKERY', '120201S00007@temp.mail', NULL, NULL, NULL, '120201S00007', '', 'EAST KODALY', 0.0000000000, 0.0000000000, NULL, '$2y$10$A.J//79Wc.sp9HkOP3LdNOOerCtKq7F2q4ZQQNXADLj79Vcw5qw6q', NULL, '2019-10-04 09:51:43', '2019-10-04 09:51:43'),
	(300232, 'ST.JOSEPH\'S CANTEEN', '120201S00013@temp.mail', NULL, NULL, NULL, '120201S00013', '', 'NEAR  CHURCH. VELUPADAM .P.O.', 0.0000000000, 0.0000000000, NULL, '$2y$10$sqcq56oxNrWk3IXjOk.vCOqq1xx15z9t5d0iehNMxF.epd10tThFa', NULL, '2019-10-04 09:51:43', '2019-10-04 09:51:43'),
	(300233, 'SANIYA STORES', '120201S00014@temp.mail', NULL, NULL, NULL, '120201S00014', '9747430544', 'PULCHUVADU ,MAROTTICHAL.', 4719.0000000000, 4719.0000000000, NULL, '$2y$10$X7An/BZsDPqzZgl47lPvQu3pYhOKx/9Cy03ZkEKeHGGTVC2qjfyE2', NULL, '2019-10-04 09:51:43', '2019-10-04 09:51:58'),
	(300234, 'SUNNY MAROTTICHAL', '120201S00016@temp.mail', NULL, NULL, NULL, '120201S00016', '9400089305', 'MAROTTICHAL', 590.0000000000, 590.0000000000, NULL, '$2y$10$KPmRixXw1bzJo4GFfAKUBeBqb3ZTzCM1PF.nbMjhcd3Rm2n.BZEU6', NULL, '2019-10-04 09:51:43', '2019-10-04 09:51:58'),
	(300235, 'SURENDRA BAKERY', '120201S00017@temp.mail', NULL, NULL, NULL, '120201S00017', '9496373441', 'MANNAMAGALAM\r\n', 1105.0000000000, 1105.0000000000, NULL, '$2y$10$yRsvKX0lwUPPSnRYe5A5IOxFz9OZOTbwBCdDM3xa9YKHPtXGoUpCW', NULL, '2019-10-04 09:51:43', '2019-10-04 09:51:58'),
	(300236, 'SREEMURUGA BAKERY', '120201S00018@temp.mail', NULL, NULL, NULL, '120201S00018', '9656508520', 'VETTUKADU', 3240.0000000000, 3240.0000000000, NULL, '$2y$10$bzTB8f36s2j1xQH9QxgRTe00hfaqbHQQSJo189/Job1n72issnYNq', NULL, '2019-10-04 09:51:44', '2019-10-04 09:51:58'),
	(300237, 'ST. ANTONY"S', '120201S00019@temp.mail', NULL, NULL, NULL, '120201S00019', '', 'VETTUKADU', 912.0000000000, 912.0000000000, NULL, '$2y$10$h19zEShbmsEyQM7IlMfGw.G25z9hl9xWUyqi/g18lJMVBtNQU2Lse', NULL, '2019-10-04 09:51:44', '2019-10-04 09:51:58'),
	(300238, 'SHAJI VETTUKADU', '120201S00020@temp.mail', NULL, NULL, NULL, '120201S00020', '', 'VETTUKADU', 538.0000000000, 538.0000000000, NULL, '$2y$10$mo/8OWJH8AIQBqQYWfRquOClb5n1er.v7QMLXHpuO9elZwBig6AiC', NULL, '2019-10-04 09:51:44', '2019-10-04 09:51:58'),
	(300239, 'SASI MANNAMPETTA', '120201S00021@temp.mail', NULL, NULL, NULL, '120201S00021', '9497739306', 'MANNAMPETTA', 0.0000000000, 0.0000000000, NULL, '$2y$10$CYOIPmFtwafUc2b8Bm9Zaueb4Ta.ehnzUIf/0KUE4/UrMCOKuX17u', NULL, '2019-10-04 09:51:44', '2019-10-04 09:51:44'),
	(300240, 'SUPER BAZAR', '120201S00023@temp.mail', NULL, NULL, NULL, '120201S00023', '9447527328', 'VARANDARAPPILLY.', 450.0000000000, 450.0000000000, NULL, '$2y$10$qrK8gtZ3rBMvHpFYcxuB6uX8gn4pbcohKfXD7l8iGujKH/3WicjoS', NULL, '2019-10-04 09:51:44', '2019-10-04 09:51:58'),
	(300241, 'SREELAKSHMI BAKERY', '120201S00027@temp.mail', NULL, NULL, NULL, '120201S00027', '', 'VETTUKADU', 613.0000000000, 613.0000000000, NULL, '$2y$10$9YdwC6nBo3EcZ.e50.FFkOhE.wD..th6UouIp3gOHwvHD5TGDs6qG', NULL, '2019-10-04 09:51:44', '2019-10-04 09:51:58'),
	(300242, 'SANDEEP STORES', '120201S00028@temp.mail', NULL, NULL, NULL, '120201S00028', '', 'VETTUKADU', 833.0000000000, 833.0000000000, NULL, '$2y$10$d.ZV46oKE/EcBDcO2VYw4uUv6uObGman6e5IxcRXNEMXbYi25yBlm', NULL, '2019-10-04 09:51:44', '2019-10-04 09:51:58'),
	(300243, 'SAFA POUND', '120201S00030@temp.mail', NULL, NULL, NULL, '120201S00030', '', 'POUND JN \r\n', 0.0000000000, 0.0000000000, NULL, '$2y$10$6SihvQFZmYm3DPtuuPoyTucHQdWByEgAKnFZ/R1vsP/UjFQCwJI.a', NULL, '2019-10-04 09:51:44', '2019-10-04 09:51:44'),
	(300244, 'SAINUDIN', '120201S00033@temp.mail', NULL, NULL, NULL, '120201S00033', '', 'NEAR- MASJID, POUND, VELUPADAM', 0.0000000000, 0.0000000000, NULL, '$2y$10$vfyO3UbfoKIVmk31p1mLz.nqU35i2erzbP7e2zw4cC73C78GRlKF2', NULL, '2019-10-04 09:51:44', '2019-10-04 09:51:44'),
	(300245, 'SASTHA HARDWARES', '120201S00038@temp.mail', NULL, NULL, NULL, '120201S00038', '', 'VATTANATHARA\r\n', 0.0000000000, 0.0000000000, NULL, '$2y$10$ZXEn3Vb9SnFQ1a2nUGOdheChuZDIIBUA8509/6uluHnwX09nBlKme', NULL, '2019-10-04 09:51:44', '2019-10-04 09:51:44'),
	(300246, 'SUBHADRA STORES', '120201S00043@temp.mail', NULL, NULL, NULL, '120201S00043', '', 'VELLIKULANGARA\r\n', 0.0000000000, 0.0000000000, NULL, '$2y$10$jOyABVajmDpJJhnd0Gzkmu2LCm089roZITSOMl04we8v3fFRcJzlq', NULL, '2019-10-04 09:51:45', '2019-10-04 09:51:45'),
	(300247, 'SUBRAN -VEGITABLES', '120201S00051@temp.mail', NULL, NULL, NULL, '120201S00051', '', 'MASJID . JN- POUND\r\n', 0.0000000000, 0.0000000000, NULL, '$2y$10$NNIzyuVpf92qCc.08XoAa.YH799j1IgQO28/DxmPMgzw/kH7TEIC2', NULL, '2019-10-04 09:51:45', '2019-10-04 09:51:45'),
	(300248, 'SREE MUTHAPPAN STORES', '120201S00052@temp.mail', NULL, NULL, NULL, '120201S00052', '', 'KALLAYI\r\n', 0.0000000000, 0.0000000000, NULL, '$2y$10$2YiMP/Rvkd3x2A1VhzIwXOB7f019g83BZjDQzXCQ8Q2V27XBoTEhO', NULL, '2019-10-04 09:51:45', '2019-10-04 09:51:45'),
	(300249, 'SURESH MUPLIYAM', '120201S00054@temp.mail', NULL, NULL, NULL, '120201S00054', '9847263052', 'MUPLIYAM', 0.0000000000, 0.0000000000, NULL, '$2y$10$2H.DMtVSBPzrwMK/MeChpuuFP7j8YCn7KHxa0Qjcjj9xmUgX.NevK', NULL, '2019-10-04 09:51:45', '2019-10-04 09:51:45'),
	(300250, 'SULOJANA VARAKKARA', '120201S00055@temp.mail', NULL, NULL, NULL, '120201S00055', '', 'VARAKKARA \r\n', 727.0000000000, 727.0000000000, NULL, '$2y$10$ZCCtYlC9xNwJT.YfpTm/2eHdKpS9OTx4JCMBeTXPqXIt2R42Xk3IG', NULL, '2019-10-04 09:51:45', '2019-10-04 09:51:58'),
	(300251, 'SNOW WHITE SUPER MARKET', '120201S00058@temp.mail', NULL, NULL, NULL, '120201S00058', '', 'VATTANATHARA, MANNAMPETTA\r\n', 2581.0000000000, 2581.0000000000, NULL, '$2y$10$8NxRt2fKV8Ur6kzmi57bMurekbAVqhHvSZvbLfS2B/iPcaBmdrmcy', NULL, '2019-10-04 09:51:45', '2019-10-04 09:51:58'),
	(300252, 'SATHEESHAN', '120201S00061@temp.mail', NULL, NULL, NULL, '120201S00061', '', 'VARAKKARA\r\n', 1971.0000000000, 1971.0000000000, NULL, '$2y$10$ktOIAo4QrsqoCcdCFVCAtu41WOgAsfW5ur0NDOBamUGPL/iqqhHpi', NULL, '2019-10-04 09:51:45', '2019-10-04 09:51:58'),
	(300253, 'SUNNY - HARDWARE', '120201S00062@temp.mail', NULL, NULL, NULL, '120201S00062', '', 'MAROTTICHAL\r\n', 0.0000000000, 0.0000000000, NULL, '$2y$10$E4xUmbVXUkN75H7fEDQ/e.x7H9zWomL1v7.ay0rxccOFeP2InUtxO', NULL, '2019-10-04 09:51:45', '2019-10-04 09:51:45'),
	(300254, 'SACHIN - PALKAPARAMBU', '120201S00063@temp.mail', NULL, NULL, NULL, '120201S00063', '', 'Palakkaparambu, Kallur', 390.0000000000, 390.0000000000, NULL, '$2y$10$RwQrubaTUjACBE/Fu/PJU.J53CCx/19.ISsYWf5h77uBlEK/MaR1y', NULL, '2019-10-04 09:51:45', '2019-10-04 09:51:59'),
	(300255, 'SASTHA', '120201S00066@temp.mail', NULL, NULL, NULL, '120201S00066', '', 'VATTANATHARA\r\n', 0.0000000000, 0.0000000000, NULL, '$2y$10$D/T6Xmcu.IyxhBcwS89kKujqwm8uD1ic0VoAfTXlhiZi9hSdP/iDC', NULL, '2019-10-04 09:51:46', '2019-10-04 09:51:46'),
	(300256, 'THEKUMPURAM STORES', '120201T00007@temp.mail', NULL, NULL, NULL, '120201T00007', '', 'VAIDYASALA JUCTION,\r\nMANNAPETTA', 0.0000000000, 0.0000000000, NULL, '$2y$10$tyNUmxQ3jPHX55pW6KmWXuXxMB1pLwsQnx1qxpsmSE4s3s9mIRLju', NULL, '2019-10-04 09:51:46', '2019-10-04 09:51:46'),
	(300257, 'THOMMANA STORES', '120201T00008@temp.mail', NULL, NULL, NULL, '120201T00008', '2763139', 'KAYYALAPPADI, P.O. MUTTITHADI', 0.0000000000, 0.0000000000, NULL, '$2y$10$fsx5Kh.w5tH.6.21bQWQIu3.nXRxQ4CHfsmIWxn733AkBafYtLCkG', NULL, '2019-10-04 09:51:46', '2019-10-04 09:51:46'),
	(300258, 'TOMY MONODI', '120201T00010@temp.mail', NULL, NULL, NULL, '120201T00010', '', 'MONODY.\r\n', 0.0000000000, 0.0000000000, NULL, '$2y$10$J3LCgbAie2RkcO/cYEDlieijcWzpC5iJbF3zxZ7KBCw2OxlkpNFNC', NULL, '2019-10-04 09:51:46', '2019-10-04 09:51:46'),
	(300259, 'THOMAS HOTEL MUPLIYAM', '120201T00016@temp.mail', NULL, NULL, NULL, '120201T00016', '', 'MUPLIYAM\r\n', 0.0000000000, 0.0000000000, NULL, '$2y$10$wkSpJ2CAnjYAAoq4dcWc6e3nqZDjKGSlj45ZLN5bKdpYDSO7gi.G6', NULL, '2019-10-04 09:51:46', '2019-10-04 09:51:46'),
	(300260, 'UMMAR TEA SHOP', '120201U00001@temp.mail', NULL, NULL, NULL, '120201U00001', '', 'PATHUKULANGARA, MURIKUNGAL.P.O\r\n', 0.0000000000, 0.0000000000, NULL, '$2y$10$yOYweWn1X7P/OP33zj1O7OvmtxCEiSY5/sN.wayLzJTe2TUeUsqtm', NULL, '2019-10-04 09:51:46', '2019-10-04 09:51:46'),
	(300261, 'UNNIVAVA STORES', '120201U00004@temp.mail', NULL, NULL, NULL, '120201U00004', '', 'CHEMBUCHIRA,\r\n', 0.0000000000, 0.0000000000, NULL, '$2y$10$yKK0yXFqLpZ2a2KjVUlv1u1JFRHo5UfRqFoWPUljwey0NO4covHV2', NULL, '2019-10-04 09:51:46', '2019-10-04 09:51:46'),
	(300262, 'VISWAMBARAN', '120201V00001@temp.mail', NULL, NULL, NULL, '120201V00001', '', 'NEAR - TIMBER MILL, NULUVALLY\r\n', 0.0000000000, 0.0000000000, NULL, '$2y$10$D6CbirHi4w1H29vpxJ7wdebnHOP2bVq5qBWNepbbkVqHEbuBFUJdu', NULL, '2019-10-04 09:51:46', '2019-10-04 09:51:46'),
	(300263, 'VISWANATHAN STORES', '120201V00003@temp.mail', NULL, NULL, NULL, '120201V00003', '', 'NULUVALLY\r\n', 0.0000000000, 0.0000000000, NULL, '$2y$10$LTu1wXUBxqyUU14JP8trA.6WfrznfFw4U/wTrHdqLou3K7JXePUcy', NULL, '2019-10-04 09:51:46', '2019-10-04 09:51:46'),
	(300264, 'VILSON MANNAMANGALAM', '120201V00004@temp.mail', NULL, NULL, NULL, '120201V00004', '9526010254', 'MANNAMANGALM', 1654.0000000000, 1654.0000000000, NULL, '$2y$10$3ttmBxF5u9hkhFQQG38/heh6fLMNQmfdYIw7BBLBuM2eZQal/HcAa', NULL, '2019-10-04 09:51:46', '2019-10-04 09:51:59'),
	(300265, 'VINOD -PUTHANKADU', '120201V00005@temp.mail', NULL, NULL, NULL, '120201V00005', '9747170823', 'PUTHANKADU, VETTUKADU', 0.0000000000, 0.0000000000, NULL, '$2y$10$r3uZUJFdN7JbcYWmop5U1epMP.o7WNwSgE9vw6RHyCcDL/gzpOMom', NULL, '2019-10-04 09:51:47', '2019-10-04 09:51:47'),
	(300266, 'VAVA BAKERY', '120201V00006@temp.mail', NULL, NULL, NULL, '120201V00006', '', 'EZHAM KALLU, VETTUKADU\r\n', 1425.0000000000, 1425.0000000000, NULL, '$2y$10$Du9d5vqaMtmcfN/Tynf6f.UX6NiskP1TUlWHbjKojJ0wS007fwmnK', NULL, '2019-10-04 09:51:47', '2019-10-04 09:51:59'),
	(300267, 'VAVA STORES', '120201V00007@temp.mail', NULL, NULL, NULL, '120201V00007', '9961243797', 'EZHAM KALLU, VETTUKADU', 408.0000000000, 408.0000000000, NULL, '$2y$10$SsoH54Y540oXX2v1TVTgzOPRgUzVgllIs05LeyEz.O56YewhQM.oC', NULL, '2019-10-04 09:51:47', '2019-10-04 09:51:59'),
	(300268, 'VASU VEGITABLE', '120201V00008@temp.mail', NULL, NULL, NULL, '120201V00008', '', 'VETTUKADU', 2750.0000000000, 2750.0000000000, NULL, '$2y$10$7PwV2UW8dH9ci2yGHvjgu.fMmAfPkJ/LXKWDDZtZ4QFqmU1UMjn/m', NULL, '2019-10-04 09:51:47', '2019-10-04 09:51:59'),
	(300269, 'VINOD VTTANATHARA', '120201V00009@temp.mail', NULL, NULL, NULL, '120201V00009', '2783673', 'VATTANATHARA', 683.0000000000, 683.0000000000, NULL, '$2y$10$/jDmgxp1Q3Rr3zoJbGQmduMR/5kWLOu6k.5Z5/UkcBPgyion2/FTy', NULL, '2019-10-04 09:51:47', '2019-10-04 09:51:59'),
	(300270, 'VIJAYAN-CHAYAKADA', '120201V00015@temp.mail', NULL, NULL, NULL, '120201V00015', '', 'INCHAKUNDU\r\n', 0.0000000000, 0.0000000000, NULL, '$2y$10$qnc1wwOeZJydfNA1147R5OK2meCXsS6EBlsOLLKekDPDJhDAetJnG', NULL, '2019-10-04 09:51:47', '2019-10-04 09:51:47'),
	(300271, 'VIJAYAN.197- INCHAKUNDU', '120201V00018@temp.mail', NULL, NULL, NULL, '120201V00018', '', 'INCHAKKUNDU\r\n', 0.0000000000, 0.0000000000, NULL, '$2y$10$CGKiPeFye/IXg30c3mkLgO4/8j3/Yzg.0OwPFYrefna6Yu8xDCi.S', NULL, '2019-10-04 09:51:47', '2019-10-04 09:51:47'),
	(300272, 'V R supermarket', '120201V00020@temp.mail', NULL, NULL, NULL, '120201V00020', '9745129666', 'PALLIKKUNNU, VARANDARAPPILLY-680303\r\n', 0.0000000000, 0.0000000000, NULL, '$2y$10$NxIWZjf6yOS1keD8SYChH.dZZ6TOPeIf03XSA/.NKA348h9ed0ksK', NULL, '2019-10-04 09:51:47', '2019-10-04 09:51:47'),
	(300273, 'YUMMY HOTEL  POUND', '120201Y00001@temp.mail', NULL, NULL, NULL, '120201Y00001', '9961924510', 'POUND JUNCTION-\r\nTHRISSUR\r\n', 0.0000000000, 0.0000000000, NULL, '$2y$10$lXvRwGlx6jujT5ju80/z5OOz0FksMxG8pXNwzpgoP4KnPv3ZJ3qt6', NULL, '2019-10-04 09:51:48', '2019-10-04 09:51:48'),
	(300274, 'ANU TRADERS', 'anusfoods@yahoo.in', NULL, NULL, NULL, '240101A00004', '', 'EDATHALA NORTH P.O. ALWAE', 0.0000000000, 0.0000000000, NULL, '$2y$10$yH0S10iRbUuoIQ0AE9I27.4OatAWP048oAaIQSbvzcQDoCEXDYMVy', NULL, '2019-10-04 09:51:48', '2019-10-04 09:51:48'),
	(300275, 'CHETTUPUZHAKARAN AGENCIES', '240101C00001@temp.mail', NULL, NULL, NULL, '240101C00001', '0487-2374024   9526106954', 'KUTTICHIRA ROAD, P.O.MANNUTHY.THRISSUR 680651', 0.0000000000, 0.0000000000, NULL, '$2y$10$.k6iwGcaWbHi8mCssV43DecEF0qtI5QwrVAYeAassWaLgC2hZv/Hi', NULL, '2019-10-04 09:51:48', '2019-10-04 09:51:48'),
	(300276, 'DEVIKRISHNA AGENCIES', '240101D00002@temp.mail', NULL, NULL, NULL, '240101D00002', '', 'CHENGALOR.P.O, PUDUKKADU-680312', 0.0000000000, 0.0000000000, NULL, '$2y$10$a9PliwFTHJV944zAcrAe.uosZoZ6tJx5GJKdsBFRo7sYIfgxuPHNi', NULL, '2019-10-04 09:51:48', '2019-10-04 09:51:48'),
	(300277, 'DIVINE NATURAL FOOD PRODUCTS*', 'Devine.greenarabian@gmail.com', NULL, NULL, NULL, '240101D00004', '0487 2286007', 'PARAPPUR.P.O. THRISSUR- 680552\r\n', 0.0000000000, 0.0000000000, NULL, '$2y$10$qCm8mOsTErqV17A.8N7HNeR2WrTrfZ36YP76ZKISOkPTIVSjIN1su', NULL, '2019-10-04 09:51:48', '2019-10-04 09:51:48'),
	(300278, 'ESSEN COFFE & CURRY POWDER', '240101E00001@temp.mail', NULL, NULL, NULL, '240101E00001', '0487-2349020', 'CHERPU, THRISSUR-680561', 0.0000000000, 0.0000000000, NULL, '$2y$10$WF8cjIfxJxML4XTgFRDhQuLEFE7Ciy/SFmzvHn9/y1TxrWkUDg.Wi', NULL, '2019-10-04 09:51:48', '2019-10-04 09:51:48'),
	(300279, 'EDEN ESTATE', 'edenestate009@gmail.com', NULL, NULL, NULL, '240101E00002', '', 'PULLUVAZHYP.O. PERUMBAVOOR, ERNAKULAM.', 0.0000000000, 0.0000000000, NULL, '$2y$10$i8XMcWrFOdqadwdwtmLOTudBNrgFSFgE3E7yGFba6fDMiMZPTikzi', NULL, '2019-10-04 09:51:48', '2019-10-04 09:51:48'),
	(300280, 'KKR PRODUCTS AND MARKETING PvT Ltd', '240101K00005@temp.mail', NULL, NULL, NULL, '240101K00005', '0484-2462422, ', 'OKKAL, KALADY, ERNAKULAM-683550, KERALA\r\n\r\n', 0.0000000000, 0.0000000000, NULL, '$2y$10$5p/ZSdUKsYQzSSTvWcHr9u3xjFBoC5s0aDkg1cpHXouCaxOVi4Ay2', NULL, '2019-10-04 09:51:48', '2019-10-04 09:51:48'),
	(300281, 'MARIYAS SOAPS & CHEMICALS', '240101M00001@temp.mail', NULL, NULL, NULL, '240101M00001', '', 'THIRKODITHANAM, CHANGANACHERY, KOTTAYAM\r\n', 0.0000000000, 0.0000000000, NULL, '$2y$10$1PiE.EHqBtwbWh4ikaUL9efUnzOJLgo3fY1Se3sxBDQjMygtWf60m', NULL, '2019-10-04 09:51:48', '2019-10-04 09:51:48'),
	(300282, 'PAZHUPPARAMBATH FOODS', '240101P00001@temp.mail', NULL, NULL, NULL, '240101P00001', '0484-2513888', 'VALLUVALLY,KOONAMMAVU-683518', 0.0000000000, 0.0000000000, NULL, '$2y$10$x3A7W8U1/t7XgFeh52sjW.1cQSJOdDdnwxmPYX7D/1BHsfap05lx.', NULL, '2019-10-04 09:51:48', '2019-10-04 09:51:48'),
	(300283, 'PRINCE AGENCIES', 'DAVISCHERPANATH@YAHOO.COM', NULL, NULL, NULL, '240101P00004', '04802719615', 'ANNANAD.P.O, CHALAKUDY,', 0.0000000000, 0.0000000000, NULL, '$2y$10$1byrItvxPobN0cv.dn7V8uu1t4qqiD33Q2L8VrNM2UGVlrsDYT5/K', NULL, '2019-10-04 09:51:49', '2019-10-04 09:51:49'),
	(300284, 'Richia Agencies', 'richiacky@gmail.com', NULL, NULL, NULL, '240101R00001', '8589058123', 'II/90, KADUKUTTY.P.O, CHALAKUDY, THRISSUR\r\n', 0.0000000000, 0.0000000000, NULL, '$2y$10$rZRKdHl0A.4H96GOanVxXuusoyqH6eQ5GizZRjQ.Fu/147OhfTf9e', NULL, '2019-10-04 09:51:49', '2019-10-04 09:51:49'),
	(300285, 'SRK AGENCIES', '240101S00003@temp.mail', NULL, NULL, NULL, '240101S00003', '9846884373,', 'NEAR IRRIGATION QUARTES, CHALAKUDY, 680307\r\n\r\n', 0.0000000000, 0.0000000000, NULL, '$2y$10$i5aG6he6AgAVe1EaI3nihO7OV3okM6WXaTSbKFVh/ul6RZavOdFWy', NULL, '2019-10-04 09:51:49', '2019-10-04 09:51:49'),
	(300286, 'THARAKAN AGENCIES', '240101T00003@temp.mail', NULL, NULL, NULL, '240101T00003', '', 'PUTHUR, THRISSUR 14\r\n', 0.0000000000, 0.0000000000, NULL, '$2y$10$pjDBQi20PciYDKpxOlmLmO2ttHHjkUO4OC30jpop7liGOnQWgdQXi', NULL, '2019-10-04 09:51:49', '2019-10-04 09:51:49'),
	(300287, 'showkath', 'SE01.sls@temp.mail', NULL, NULL, NULL, 'SE01', NULL, NULL, 0.0000000000, 0.0000000000, NULL, '$2y$10$WOyAxCn/S8qL3pp5N0.KU.MkWC9Nqyy2Vvtg3lqTpP.rQcLcZ6Yiy', NULL, '2019-10-04 09:51:53', '2019-10-04 11:31:31');
/*!40000 ALTER TABLE `users` ENABLE KEYS */;

-- Dumping structure for table appframe.user_settings
DROP TABLE IF EXISTS `user_settings`;
CREATE TABLE IF NOT EXISTS `user_settings` (
  `id` bigint(20) unsigned NOT NULL AUTO_INCREMENT,
  `user` bigint(20) unsigned NOT NULL,
  `setting` bigint(20) unsigned NOT NULL,
  `value` varchar(256) COLLATE utf8mb4_unicode_ci DEFAULT NULL,
  `status` enum('Active','Inactive') COLLATE utf8mb4_unicode_ci DEFAULT 'Active',
  `created_by` bigint(20) unsigned DEFAULT NULL,
  `updated_by` bigint(20) unsigned DEFAULT NULL,
  `created_at` timestamp NULL DEFAULT NULL,
  `updated_at` timestamp NULL DEFAULT NULL,
  PRIMARY KEY (`id`),
  KEY `user_settings_user_index` (`user`),
  KEY `user_settings_setting_index` (`setting`),
  KEY `user_settings_created_by_index` (`created_by`),
  KEY `user_settings_updated_by_index` (`updated_by`),
  CONSTRAINT `user_settings_updated_by_foreign` FOREIGN KEY (`updated_by`) REFERENCES `users` (`id`) ON DELETE SET NULL ON UPDATE CASCADE,
  CONSTRAINT `user_settings_created_by_foreign` FOREIGN KEY (`created_by`) REFERENCES `users` (`id`) ON DELETE SET NULL ON UPDATE CASCADE,
  CONSTRAINT `user_settings_setting_foreign` FOREIGN KEY (`setting`) REFERENCES `settings` (`id`) ON DELETE CASCADE ON UPDATE CASCADE,
  CONSTRAINT `user_settings_user_foreign` FOREIGN KEY (`user`) REFERENCES `users` (`id`) ON DELETE CASCADE ON UPDATE CASCADE
) ENGINE=InnoDB DEFAULT CHARSET=utf8mb4 COLLATE=utf8mb4_unicode_ci;

-- Dumping data for table appframe.user_settings: ~0 rows (approximately)
DELETE FROM `user_settings`;
/*!40000 ALTER TABLE `user_settings` DISABLE KEYS */;
/*!40000 ALTER TABLE `user_settings` ENABLE KEYS */;

-- Dumping structure for table appframe.user_store_area
DROP TABLE IF EXISTS `user_store_area`;
CREATE TABLE IF NOT EXISTS `user_store_area` (
  `id` bigint(20) unsigned NOT NULL AUTO_INCREMENT,
  `user` bigint(20) unsigned NOT NULL,
  `store` bigint(20) unsigned NOT NULL,
  `area` bigint(20) unsigned NOT NULL,
  `status` enum('Active','Inactive') COLLATE utf8mb4_unicode_ci DEFAULT 'Active',
  `created_by` bigint(20) unsigned DEFAULT NULL,
  `updated_by` bigint(20) unsigned DEFAULT NULL,
  `created_at` timestamp NULL DEFAULT NULL,
  `updated_at` timestamp NULL DEFAULT NULL,
  PRIMARY KEY (`id`),
  KEY `user_store_area_user_index` (`user`),
  KEY `user_store_area_store_index` (`store`),
  KEY `user_store_area_area_index` (`area`),
  KEY `user_store_area_created_by_index` (`created_by`),
  KEY `user_store_area_updated_by_index` (`updated_by`),
  CONSTRAINT `user_store_area_updated_by_foreign` FOREIGN KEY (`updated_by`) REFERENCES `users` (`id`) ON DELETE SET NULL ON UPDATE CASCADE,
  CONSTRAINT `user_store_area_area_foreign` FOREIGN KEY (`area`) REFERENCES `areas` (`id`) ON DELETE CASCADE ON UPDATE CASCADE,
  CONSTRAINT `user_store_area_created_by_foreign` FOREIGN KEY (`created_by`) REFERENCES `users` (`id`) ON DELETE SET NULL ON UPDATE CASCADE,
  CONSTRAINT `user_store_area_store_foreign` FOREIGN KEY (`store`) REFERENCES `stores` (`id`) ON DELETE CASCADE ON UPDATE CASCADE,
  CONSTRAINT `user_store_area_user_foreign` FOREIGN KEY (`user`) REFERENCES `users` (`id`) ON DELETE CASCADE ON UPDATE CASCADE
) ENGINE=InnoDB AUTO_INCREMENT=4 DEFAULT CHARSET=utf8mb4 COLLATE=utf8mb4_unicode_ci;

-- Dumping data for table appframe.user_store_area: ~1 rows (approximately)
DELETE FROM `user_store_area`;
/*!40000 ALTER TABLE `user_store_area` DISABLE KEYS */;
INSERT INTO `user_store_area` (`id`, `user`, `store`, `area`, `status`, `created_by`, `updated_by`, `created_at`, `updated_at`) VALUES
	(3, 300287, 1, 1, 'Active', NULL, NULL, '2019-10-04 11:39:18', '2019-10-04 11:39:18');
/*!40000 ALTER TABLE `user_store_area` ENABLE KEYS */;

-- Dumping structure for table appframe.w_bin
DROP TABLE IF EXISTS `w_bin`;
CREATE TABLE IF NOT EXISTS `w_bin` (
  `id` bigint(20) unsigned NOT NULL AUTO_INCREMENT,
  `bin` tinyint(3) unsigned NOT NULL DEFAULT '1',
  `created_by` bigint(20) unsigned DEFAULT NULL,
  `updated_by` bigint(20) unsigned DEFAULT NULL,
  `created_at` timestamp NULL DEFAULT NULL,
  `updated_at` timestamp NULL DEFAULT NULL,
  PRIMARY KEY (`id`),
  KEY `w_bin_created_by_index` (`created_by`),
  KEY `w_bin_updated_by_index` (`updated_by`),
  CONSTRAINT `w_bin_updated_by_foreign` FOREIGN KEY (`updated_by`) REFERENCES `users` (`id`) ON DELETE SET NULL ON UPDATE CASCADE,
  CONSTRAINT `w_bin_created_by_foreign` FOREIGN KEY (`created_by`) REFERENCES `users` (`id`) ON DELETE SET NULL ON UPDATE CASCADE
) ENGINE=InnoDB AUTO_INCREMENT=4 DEFAULT CHARSET=utf8mb4 COLLATE=utf8mb4_unicode_ci;

-- Dumping data for table appframe.w_bin: ~3 rows (approximately)
DELETE FROM `w_bin`;
/*!40000 ALTER TABLE `w_bin` DISABLE KEYS */;
INSERT INTO `w_bin` (`id`, `bin`, `created_by`, `updated_by`, `created_at`, `updated_at`) VALUES
	(1, 1, NULL, NULL, '2019-10-04 09:56:21', '2019-10-04 11:24:48'),
	(2, 2, NULL, NULL, '2019-10-04 11:24:54', '2019-10-04 11:24:54'),
	(3, 2, NULL, NULL, '2019-10-04 11:31:55', '2019-10-04 11:31:55');
/*!40000 ALTER TABLE `w_bin` ENABLE KEYS */;

-- Dumping structure for table appframe.__groups
DROP TABLE IF EXISTS `__groups`;
CREATE TABLE IF NOT EXISTS `__groups` (
  `id` int(10) unsigned NOT NULL AUTO_INCREMENT,
  `name` varchar(64) COLLATE utf8mb4_unicode_ci NOT NULL,
  `description` varchar(1024) COLLATE utf8mb4_unicode_ci DEFAULT NULL,
  `title` varchar(128) COLLATE utf8mb4_unicode_ci DEFAULT NULL,
  `reference` char(15) COLLATE utf8mb4_unicode_ci DEFAULT NULL,
  `created_by` bigint(20) unsigned DEFAULT NULL,
  `updated_by` bigint(20) unsigned DEFAULT NULL,
  `created_at` timestamp NULL DEFAULT NULL,
  `updated_at` timestamp NULL DEFAULT NULL,
  PRIMARY KEY (`id`),
  KEY `__groups_name_index` (`name`),
  KEY `__groups_created_by_index` (`created_by`),
  KEY `__groups_updated_by_index` (`updated_by`),
  KEY `__groups_reference_index` (`reference`),
  CONSTRAINT `__groups_created_by_foreign` FOREIGN KEY (`created_by`) REFERENCES `users` (`id`) ON DELETE SET NULL ON UPDATE CASCADE,
  CONSTRAINT `__groups_updated_by_foreign` FOREIGN KEY (`updated_by`) REFERENCES `users` (`id`) ON DELETE SET NULL ON UPDATE CASCADE
) ENGINE=InnoDB AUTO_INCREMENT=301105 DEFAULT CHARSET=utf8mb4 COLLATE=utf8mb4_unicode_ci;

-- Dumping data for table appframe.__groups: ~7 rows (approximately)
DELETE FROM `__groups`;
/*!40000 ALTER TABLE `__groups` DISABLE KEYS */;
INSERT INTO `__groups` (`id`, `name`, `description`, `title`, `reference`, `created_by`, `updated_by`, `created_at`, `updated_at`) VALUES
	(1, 'setup_user', 'Users created initially to setup Module', 'Setup Users', NULL, NULL, NULL, '2019-10-04 09:46:06', '2019-10-04 09:46:06'),
	(2, 'developers', 'Users in this group are responsible to build this module', 'Developers', NULL, NULL, NULL, '2019-10-04 09:46:06', '2019-10-04 09:46:06'),
	(3, 'administrators', 'Administrators are responsible for managing users, groups, roles and their resources', 'Administrators', NULL, NULL, NULL, '2019-10-04 09:46:06', '2019-10-04 09:46:06'),
	(301101, 'accountant', 'ePlus Accountant', 'Accountant', 'ACC', NULL, NULL, '2019-10-04 09:46:58', '2019-10-04 09:46:58'),
	(301102, 'administrators', 'ePlus Administrator', 'Administators', 'ADM', NULL, NULL, '2019-10-04 09:46:58', '2019-10-04 09:46:58'),
	(301103, 'salesExecutive', 'ePlus Sales Executives', 'Sales Executives', 'SLS', NULL, NULL, '2019-10-04 09:46:58', '2019-10-04 09:46:58'),
	(301104, 'eplus_account', 'ePlus user accounts or customers', 'ePlus Accounts', NULL, NULL, NULL, '2019-10-04 09:46:58', '2019-10-04 09:46:58');
/*!40000 ALTER TABLE `__groups` ENABLE KEYS */;

-- Dumping structure for table appframe.__group_roles
DROP TABLE IF EXISTS `__group_roles`;
CREATE TABLE IF NOT EXISTS `__group_roles` (
  `id` int(10) unsigned NOT NULL AUTO_INCREMENT,
  `group` int(10) unsigned NOT NULL,
  `role` int(10) unsigned NOT NULL,
  `created_by` bigint(20) unsigned DEFAULT NULL,
  `updated_by` bigint(20) unsigned DEFAULT NULL,
  `created_at` timestamp NULL DEFAULT NULL,
  `updated_at` timestamp NULL DEFAULT NULL,
  PRIMARY KEY (`id`),
  KEY `__group_roles_group_foreign` (`group`),
  KEY `__group_roles_role_foreign` (`role`),
  KEY `__group_roles_created_by_index` (`created_by`),
  KEY `__group_roles_updated_by_index` (`updated_by`),
  CONSTRAINT `__group_roles_created_by_foreign` FOREIGN KEY (`created_by`) REFERENCES `users` (`id`) ON DELETE SET NULL ON UPDATE CASCADE,
  CONSTRAINT `__group_roles_group_foreign` FOREIGN KEY (`group`) REFERENCES `__groups` (`id`) ON DELETE CASCADE ON UPDATE CASCADE,
  CONSTRAINT `__group_roles_role_foreign` FOREIGN KEY (`role`) REFERENCES `__roles` (`id`) ON DELETE CASCADE ON UPDATE CASCADE,
  CONSTRAINT `__group_roles_updated_by_foreign` FOREIGN KEY (`updated_by`) REFERENCES `users` (`id`) ON DELETE SET NULL ON UPDATE CASCADE
) ENGINE=InnoDB AUTO_INCREMENT=304104 DEFAULT CHARSET=utf8mb4 COLLATE=utf8mb4_unicode_ci;

-- Dumping data for table appframe.__group_roles: ~6 rows (approximately)
DELETE FROM `__group_roles`;
/*!40000 ALTER TABLE `__group_roles` DISABLE KEYS */;
INSERT INTO `__group_roles` (`id`, `group`, `role`, `created_by`, `updated_by`, `created_at`, `updated_at`) VALUES
	(1, 1, 1, NULL, NULL, '2019-10-04 09:46:06', '2019-10-04 09:46:06'),
	(2, 2, 2, NULL, NULL, '2019-10-04 09:46:06', '2019-10-04 09:46:06'),
	(3, 3, 3, NULL, NULL, '2019-10-04 09:46:06', '2019-10-04 09:46:06'),
	(304101, 301101, 303102, NULL, NULL, '2019-10-04 09:46:58', '2019-10-04 09:46:58'),
	(304102, 301102, 303101, NULL, NULL, '2019-10-04 09:46:58', '2019-10-04 09:46:58'),
	(304103, 301103, 303103, NULL, NULL, '2019-10-04 09:46:58', '2019-10-04 09:46:58');
/*!40000 ALTER TABLE `__group_roles` ENABLE KEYS */;

-- Dumping structure for table appframe.__group_users
DROP TABLE IF EXISTS `__group_users`;
CREATE TABLE IF NOT EXISTS `__group_users` (
  `id` int(10) unsigned NOT NULL AUTO_INCREMENT,
  `group` int(10) unsigned NOT NULL,
  `user` bigint(20) unsigned NOT NULL,
  `created_by` bigint(20) unsigned DEFAULT NULL,
  `updated_by` bigint(20) unsigned DEFAULT NULL,
  `created_at` timestamp NULL DEFAULT NULL,
  `updated_at` timestamp NULL DEFAULT NULL,
  PRIMARY KEY (`id`),
  KEY `__group_users_group_foreign` (`group`),
  KEY `__group_users_user_foreign` (`user`),
  KEY `__group_users_created_by_index` (`created_by`),
  KEY `__group_users_updated_by_index` (`updated_by`),
  CONSTRAINT `__group_users_created_by_foreign` FOREIGN KEY (`created_by`) REFERENCES `users` (`id`) ON DELETE SET NULL ON UPDATE CASCADE,
  CONSTRAINT `__group_users_group_foreign` FOREIGN KEY (`group`) REFERENCES `__groups` (`id`) ON DELETE CASCADE ON UPDATE CASCADE,
  CONSTRAINT `__group_users_updated_by_foreign` FOREIGN KEY (`updated_by`) REFERENCES `users` (`id`) ON DELETE SET NULL ON UPDATE CASCADE,
  CONSTRAINT `__group_users_user_foreign` FOREIGN KEY (`user`) REFERENCES `users` (`id`) ON DELETE CASCADE ON UPDATE CASCADE
) ENGINE=InnoDB AUTO_INCREMENT=302291 DEFAULT CHARSET=utf8mb4 COLLATE=utf8mb4_unicode_ci;

-- Dumping data for table appframe.__group_users: ~190 rows (approximately)
DELETE FROM `__group_users`;
/*!40000 ALTER TABLE `__group_users` DISABLE KEYS */;
INSERT INTO `__group_users` (`id`, `group`, `user`, `created_by`, `updated_by`, `created_at`, `updated_at`) VALUES
	(302101, 1, 300101, NULL, NULL, '2019-10-04 09:46:58', '2019-10-04 09:46:58'),
	(302102, 3, 300102, NULL, NULL, '2019-10-04 09:46:58', '2019-10-04 09:46:58'),
	(302103, 301103, 300103, NULL, NULL, '2019-10-04 09:51:26', '2019-10-04 09:51:26'),
	(302104, 301102, 300104, NULL, NULL, '2019-10-04 09:51:26', '2019-10-04 09:51:26'),
	(302105, 301104, 300105, NULL, NULL, '2019-10-04 09:51:49', '2019-10-04 09:51:49'),
	(302106, 301104, 300106, NULL, NULL, '2019-10-04 09:51:49', '2019-10-04 09:51:49'),
	(302107, 301104, 300107, NULL, NULL, '2019-10-04 09:51:49', '2019-10-04 09:51:49'),
	(302108, 301104, 300108, NULL, NULL, '2019-10-04 09:51:49', '2019-10-04 09:51:49'),
	(302109, 301104, 300109, NULL, NULL, '2019-10-04 09:51:49', '2019-10-04 09:51:49'),
	(302110, 301104, 300110, NULL, NULL, '2019-10-04 09:51:49', '2019-10-04 09:51:49'),
	(302111, 301104, 300111, NULL, NULL, '2019-10-04 09:51:49', '2019-10-04 09:51:49'),
	(302112, 301104, 300112, NULL, NULL, '2019-10-04 09:51:49', '2019-10-04 09:51:49'),
	(302113, 301104, 300113, NULL, NULL, '2019-10-04 09:51:49', '2019-10-04 09:51:49'),
	(302114, 301104, 300114, NULL, NULL, '2019-10-04 09:51:49', '2019-10-04 09:51:49'),
	(302115, 301104, 300115, NULL, NULL, '2019-10-04 09:51:49', '2019-10-04 09:51:49'),
	(302116, 301104, 300116, NULL, NULL, '2019-10-04 09:51:49', '2019-10-04 09:51:49'),
	(302117, 301104, 300117, NULL, NULL, '2019-10-04 09:51:49', '2019-10-04 09:51:49'),
	(302118, 301104, 300118, NULL, NULL, '2019-10-04 09:51:49', '2019-10-04 09:51:49'),
	(302119, 301104, 300119, NULL, NULL, '2019-10-04 09:51:49', '2019-10-04 09:51:49'),
	(302120, 301104, 300120, NULL, NULL, '2019-10-04 09:51:49', '2019-10-04 09:51:49'),
	(302121, 301104, 300121, NULL, NULL, '2019-10-04 09:51:49', '2019-10-04 09:51:49'),
	(302122, 301104, 300122, NULL, NULL, '2019-10-04 09:51:49', '2019-10-04 09:51:49'),
	(302123, 301104, 300123, NULL, NULL, '2019-10-04 09:51:49', '2019-10-04 09:51:49'),
	(302124, 301104, 300124, NULL, NULL, '2019-10-04 09:51:49', '2019-10-04 09:51:49'),
	(302125, 301104, 300125, NULL, NULL, '2019-10-04 09:51:49', '2019-10-04 09:51:49'),
	(302126, 301104, 300126, NULL, NULL, '2019-10-04 09:51:49', '2019-10-04 09:51:49'),
	(302127, 301104, 300127, NULL, NULL, '2019-10-04 09:51:49', '2019-10-04 09:51:49'),
	(302128, 301104, 300128, NULL, NULL, '2019-10-04 09:51:49', '2019-10-04 09:51:49'),
	(302129, 301104, 300129, NULL, NULL, '2019-10-04 09:51:49', '2019-10-04 09:51:49'),
	(302130, 301104, 300130, NULL, NULL, '2019-10-04 09:51:49', '2019-10-04 09:51:49'),
	(302131, 301104, 300131, NULL, NULL, '2019-10-04 09:51:49', '2019-10-04 09:51:49'),
	(302132, 301104, 300132, NULL, NULL, '2019-10-04 09:51:49', '2019-10-04 09:51:49'),
	(302133, 301104, 300133, NULL, NULL, '2019-10-04 09:51:49', '2019-10-04 09:51:49'),
	(302134, 301104, 300134, NULL, NULL, '2019-10-04 09:51:49', '2019-10-04 09:51:49'),
	(302135, 301104, 300135, NULL, NULL, '2019-10-04 09:51:49', '2019-10-04 09:51:49'),
	(302136, 301104, 300136, NULL, NULL, '2019-10-04 09:51:49', '2019-10-04 09:51:49'),
	(302137, 301104, 300137, NULL, NULL, '2019-10-04 09:51:49', '2019-10-04 09:51:49'),
	(302138, 301104, 300138, NULL, NULL, '2019-10-04 09:51:49', '2019-10-04 09:51:49'),
	(302139, 301104, 300139, NULL, NULL, '2019-10-04 09:51:49', '2019-10-04 09:51:49'),
	(302140, 301104, 300140, NULL, NULL, '2019-10-04 09:51:49', '2019-10-04 09:51:49'),
	(302141, 301104, 300141, NULL, NULL, '2019-10-04 09:51:49', '2019-10-04 09:51:49'),
	(302142, 301104, 300142, NULL, NULL, '2019-10-04 09:51:49', '2019-10-04 09:51:49'),
	(302143, 301104, 300143, NULL, NULL, '2019-10-04 09:51:49', '2019-10-04 09:51:49'),
	(302144, 301104, 300144, NULL, NULL, '2019-10-04 09:51:49', '2019-10-04 09:51:49'),
	(302145, 301104, 300145, NULL, NULL, '2019-10-04 09:51:49', '2019-10-04 09:51:49'),
	(302146, 301104, 300146, NULL, NULL, '2019-10-04 09:51:49', '2019-10-04 09:51:49'),
	(302147, 301104, 300147, NULL, NULL, '2019-10-04 09:51:49', '2019-10-04 09:51:49'),
	(302148, 301104, 300148, NULL, NULL, '2019-10-04 09:51:49', '2019-10-04 09:51:49'),
	(302149, 301104, 300149, NULL, NULL, '2019-10-04 09:51:49', '2019-10-04 09:51:49'),
	(302150, 301104, 300150, NULL, NULL, '2019-10-04 09:51:49', '2019-10-04 09:51:49'),
	(302151, 301104, 300151, NULL, NULL, '2019-10-04 09:51:49', '2019-10-04 09:51:49'),
	(302152, 301104, 300152, NULL, NULL, '2019-10-04 09:51:49', '2019-10-04 09:51:49'),
	(302153, 301104, 300153, NULL, NULL, '2019-10-04 09:51:49', '2019-10-04 09:51:49'),
	(302154, 301104, 300154, NULL, NULL, '2019-10-04 09:51:49', '2019-10-04 09:51:49'),
	(302155, 301104, 300155, NULL, NULL, '2019-10-04 09:51:49', '2019-10-04 09:51:49'),
	(302156, 301104, 300156, NULL, NULL, '2019-10-04 09:51:49', '2019-10-04 09:51:49'),
	(302157, 301104, 300157, NULL, NULL, '2019-10-04 09:51:49', '2019-10-04 09:51:49'),
	(302158, 301104, 300158, NULL, NULL, '2019-10-04 09:51:49', '2019-10-04 09:51:49'),
	(302159, 301104, 300159, NULL, NULL, '2019-10-04 09:51:49', '2019-10-04 09:51:49'),
	(302160, 301104, 300160, NULL, NULL, '2019-10-04 09:51:49', '2019-10-04 09:51:49'),
	(302161, 301104, 300161, NULL, NULL, '2019-10-04 09:51:49', '2019-10-04 09:51:49'),
	(302162, 301104, 300162, NULL, NULL, '2019-10-04 09:51:49', '2019-10-04 09:51:49'),
	(302163, 301104, 300163, NULL, NULL, '2019-10-04 09:51:49', '2019-10-04 09:51:49'),
	(302164, 301104, 300164, NULL, NULL, '2019-10-04 09:51:49', '2019-10-04 09:51:49'),
	(302165, 301104, 300165, NULL, NULL, '2019-10-04 09:51:49', '2019-10-04 09:51:49'),
	(302166, 301104, 300166, NULL, NULL, '2019-10-04 09:51:49', '2019-10-04 09:51:49'),
	(302167, 301104, 300167, NULL, NULL, '2019-10-04 09:51:49', '2019-10-04 09:51:49'),
	(302168, 301104, 300168, NULL, NULL, '2019-10-04 09:51:49', '2019-10-04 09:51:49'),
	(302169, 301104, 300169, NULL, NULL, '2019-10-04 09:51:49', '2019-10-04 09:51:49'),
	(302170, 301104, 300170, NULL, NULL, '2019-10-04 09:51:49', '2019-10-04 09:51:49'),
	(302171, 301104, 300171, NULL, NULL, '2019-10-04 09:51:49', '2019-10-04 09:51:49'),
	(302172, 301104, 300172, NULL, NULL, '2019-10-04 09:51:49', '2019-10-04 09:51:49'),
	(302173, 301104, 300173, NULL, NULL, '2019-10-04 09:51:49', '2019-10-04 09:51:49'),
	(302174, 301104, 300174, NULL, NULL, '2019-10-04 09:51:49', '2019-10-04 09:51:49'),
	(302175, 301104, 300175, NULL, NULL, '2019-10-04 09:51:49', '2019-10-04 09:51:49'),
	(302176, 301104, 300176, NULL, NULL, '2019-10-04 09:51:49', '2019-10-04 09:51:49'),
	(302177, 301104, 300177, NULL, NULL, '2019-10-04 09:51:49', '2019-10-04 09:51:49'),
	(302178, 301104, 300178, NULL, NULL, '2019-10-04 09:51:49', '2019-10-04 09:51:49'),
	(302179, 301104, 300179, NULL, NULL, '2019-10-04 09:51:49', '2019-10-04 09:51:49'),
	(302180, 301104, 300180, NULL, NULL, '2019-10-04 09:51:49', '2019-10-04 09:51:49'),
	(302181, 301104, 300181, NULL, NULL, '2019-10-04 09:51:49', '2019-10-04 09:51:49'),
	(302182, 301104, 300182, NULL, NULL, '2019-10-04 09:51:49', '2019-10-04 09:51:49'),
	(302183, 301104, 300183, NULL, NULL, '2019-10-04 09:51:49', '2019-10-04 09:51:49'),
	(302184, 301104, 300184, NULL, NULL, '2019-10-04 09:51:49', '2019-10-04 09:51:49'),
	(302185, 301104, 300185, NULL, NULL, '2019-10-04 09:51:49', '2019-10-04 09:51:49'),
	(302186, 301104, 300186, NULL, NULL, '2019-10-04 09:51:49', '2019-10-04 09:51:49'),
	(302187, 301104, 300187, NULL, NULL, '2019-10-04 09:51:49', '2019-10-04 09:51:49'),
	(302188, 301104, 300188, NULL, NULL, '2019-10-04 09:51:49', '2019-10-04 09:51:49'),
	(302189, 301104, 300189, NULL, NULL, '2019-10-04 09:51:49', '2019-10-04 09:51:49'),
	(302190, 301104, 300190, NULL, NULL, '2019-10-04 09:51:49', '2019-10-04 09:51:49'),
	(302191, 301104, 300191, NULL, NULL, '2019-10-04 09:51:49', '2019-10-04 09:51:49'),
	(302192, 301104, 300192, NULL, NULL, '2019-10-04 09:51:49', '2019-10-04 09:51:49'),
	(302193, 301104, 300193, NULL, NULL, '2019-10-04 09:51:49', '2019-10-04 09:51:49'),
	(302194, 301104, 300194, NULL, NULL, '2019-10-04 09:51:49', '2019-10-04 09:51:49'),
	(302195, 301104, 300195, NULL, NULL, '2019-10-04 09:51:49', '2019-10-04 09:51:49'),
	(302196, 301104, 300196, NULL, NULL, '2019-10-04 09:51:49', '2019-10-04 09:51:49'),
	(302197, 301104, 300197, NULL, NULL, '2019-10-04 09:51:49', '2019-10-04 09:51:49'),
	(302198, 301104, 300198, NULL, NULL, '2019-10-04 09:51:49', '2019-10-04 09:51:49'),
	(302199, 301104, 300199, NULL, NULL, '2019-10-04 09:51:49', '2019-10-04 09:51:49'),
	(302200, 301104, 300200, NULL, NULL, '2019-10-04 09:51:49', '2019-10-04 09:51:49'),
	(302201, 301104, 300201, NULL, NULL, '2019-10-04 09:51:49', '2019-10-04 09:51:49'),
	(302202, 301104, 300202, NULL, NULL, '2019-10-04 09:51:49', '2019-10-04 09:51:49'),
	(302203, 301104, 300203, NULL, NULL, '2019-10-04 09:51:49', '2019-10-04 09:51:49'),
	(302204, 301104, 300204, NULL, NULL, '2019-10-04 09:51:49', '2019-10-04 09:51:49'),
	(302205, 301104, 300205, NULL, NULL, '2019-10-04 09:51:49', '2019-10-04 09:51:49'),
	(302206, 301104, 300206, NULL, NULL, '2019-10-04 09:51:49', '2019-10-04 09:51:49'),
	(302207, 301104, 300207, NULL, NULL, '2019-10-04 09:51:49', '2019-10-04 09:51:49'),
	(302208, 301104, 300208, NULL, NULL, '2019-10-04 09:51:49', '2019-10-04 09:51:49'),
	(302209, 301104, 300209, NULL, NULL, '2019-10-04 09:51:49', '2019-10-04 09:51:49'),
	(302210, 301104, 300210, NULL, NULL, '2019-10-04 09:51:49', '2019-10-04 09:51:49'),
	(302211, 301104, 300211, NULL, NULL, '2019-10-04 09:51:49', '2019-10-04 09:51:49'),
	(302212, 301104, 300212, NULL, NULL, '2019-10-04 09:51:49', '2019-10-04 09:51:49'),
	(302213, 301104, 300213, NULL, NULL, '2019-10-04 09:51:49', '2019-10-04 09:51:49'),
	(302214, 301104, 300214, NULL, NULL, '2019-10-04 09:51:49', '2019-10-04 09:51:49'),
	(302215, 301104, 300215, NULL, NULL, '2019-10-04 09:51:49', '2019-10-04 09:51:49'),
	(302216, 301104, 300216, NULL, NULL, '2019-10-04 09:51:49', '2019-10-04 09:51:49'),
	(302217, 301104, 300217, NULL, NULL, '2019-10-04 09:51:49', '2019-10-04 09:51:49'),
	(302218, 301104, 300218, NULL, NULL, '2019-10-04 09:51:49', '2019-10-04 09:51:49'),
	(302219, 301104, 300219, NULL, NULL, '2019-10-04 09:51:49', '2019-10-04 09:51:49'),
	(302220, 301104, 300220, NULL, NULL, '2019-10-04 09:51:49', '2019-10-04 09:51:49'),
	(302221, 301104, 300221, NULL, NULL, '2019-10-04 09:51:49', '2019-10-04 09:51:49'),
	(302222, 301104, 300222, NULL, NULL, '2019-10-04 09:51:49', '2019-10-04 09:51:49'),
	(302223, 301104, 300223, NULL, NULL, '2019-10-04 09:51:49', '2019-10-04 09:51:49'),
	(302224, 301104, 300224, NULL, NULL, '2019-10-04 09:51:49', '2019-10-04 09:51:49'),
	(302225, 301104, 300225, NULL, NULL, '2019-10-04 09:51:49', '2019-10-04 09:51:49'),
	(302226, 301104, 300226, NULL, NULL, '2019-10-04 09:51:49', '2019-10-04 09:51:49'),
	(302227, 301104, 300227, NULL, NULL, '2019-10-04 09:51:49', '2019-10-04 09:51:49'),
	(302228, 301104, 300228, NULL, NULL, '2019-10-04 09:51:49', '2019-10-04 09:51:49'),
	(302229, 301104, 300229, NULL, NULL, '2019-10-04 09:51:49', '2019-10-04 09:51:49'),
	(302230, 301104, 300230, NULL, NULL, '2019-10-04 09:51:49', '2019-10-04 09:51:49'),
	(302231, 301104, 300231, NULL, NULL, '2019-10-04 09:51:49', '2019-10-04 09:51:49'),
	(302232, 301104, 300232, NULL, NULL, '2019-10-04 09:51:49', '2019-10-04 09:51:49'),
	(302233, 301104, 300233, NULL, NULL, '2019-10-04 09:51:49', '2019-10-04 09:51:49'),
	(302234, 301104, 300234, NULL, NULL, '2019-10-04 09:51:49', '2019-10-04 09:51:49'),
	(302235, 301104, 300235, NULL, NULL, '2019-10-04 09:51:49', '2019-10-04 09:51:49'),
	(302236, 301104, 300236, NULL, NULL, '2019-10-04 09:51:49', '2019-10-04 09:51:49'),
	(302237, 301104, 300237, NULL, NULL, '2019-10-04 09:51:49', '2019-10-04 09:51:49'),
	(302238, 301104, 300238, NULL, NULL, '2019-10-04 09:51:49', '2019-10-04 09:51:49'),
	(302239, 301104, 300239, NULL, NULL, '2019-10-04 09:51:49', '2019-10-04 09:51:49'),
	(302240, 301104, 300240, NULL, NULL, '2019-10-04 09:51:49', '2019-10-04 09:51:49'),
	(302241, 301104, 300241, NULL, NULL, '2019-10-04 09:51:49', '2019-10-04 09:51:49'),
	(302242, 301104, 300242, NULL, NULL, '2019-10-04 09:51:49', '2019-10-04 09:51:49'),
	(302243, 301104, 300243, NULL, NULL, '2019-10-04 09:51:49', '2019-10-04 09:51:49'),
	(302244, 301104, 300244, NULL, NULL, '2019-10-04 09:51:49', '2019-10-04 09:51:49'),
	(302245, 301104, 300245, NULL, NULL, '2019-10-04 09:51:49', '2019-10-04 09:51:49'),
	(302246, 301104, 300246, NULL, NULL, '2019-10-04 09:51:49', '2019-10-04 09:51:49'),
	(302247, 301104, 300247, NULL, NULL, '2019-10-04 09:51:49', '2019-10-04 09:51:49'),
	(302248, 301104, 300248, NULL, NULL, '2019-10-04 09:51:49', '2019-10-04 09:51:49'),
	(302249, 301104, 300249, NULL, NULL, '2019-10-04 09:51:49', '2019-10-04 09:51:49'),
	(302250, 301104, 300250, NULL, NULL, '2019-10-04 09:51:49', '2019-10-04 09:51:49'),
	(302251, 301104, 300251, NULL, NULL, '2019-10-04 09:51:49', '2019-10-04 09:51:49'),
	(302252, 301104, 300252, NULL, NULL, '2019-10-04 09:51:49', '2019-10-04 09:51:49'),
	(302253, 301104, 300253, NULL, NULL, '2019-10-04 09:51:49', '2019-10-04 09:51:49'),
	(302254, 301104, 300254, NULL, NULL, '2019-10-04 09:51:49', '2019-10-04 09:51:49'),
	(302255, 301104, 300255, NULL, NULL, '2019-10-04 09:51:49', '2019-10-04 09:51:49'),
	(302256, 301104, 300256, NULL, NULL, '2019-10-04 09:51:49', '2019-10-04 09:51:49'),
	(302257, 301104, 300257, NULL, NULL, '2019-10-04 09:51:49', '2019-10-04 09:51:49'),
	(302258, 301104, 300258, NULL, NULL, '2019-10-04 09:51:49', '2019-10-04 09:51:49'),
	(302259, 301104, 300259, NULL, NULL, '2019-10-04 09:51:49', '2019-10-04 09:51:49'),
	(302260, 301104, 300260, NULL, NULL, '2019-10-04 09:51:49', '2019-10-04 09:51:49'),
	(302261, 301104, 300261, NULL, NULL, '2019-10-04 09:51:49', '2019-10-04 09:51:49'),
	(302262, 301104, 300262, NULL, NULL, '2019-10-04 09:51:49', '2019-10-04 09:51:49'),
	(302263, 301104, 300263, NULL, NULL, '2019-10-04 09:51:49', '2019-10-04 09:51:49'),
	(302264, 301104, 300264, NULL, NULL, '2019-10-04 09:51:49', '2019-10-04 09:51:49'),
	(302265, 301104, 300265, NULL, NULL, '2019-10-04 09:51:49', '2019-10-04 09:51:49'),
	(302266, 301104, 300266, NULL, NULL, '2019-10-04 09:51:49', '2019-10-04 09:51:49'),
	(302267, 301104, 300267, NULL, NULL, '2019-10-04 09:51:49', '2019-10-04 09:51:49'),
	(302268, 301104, 300268, NULL, NULL, '2019-10-04 09:51:49', '2019-10-04 09:51:49'),
	(302269, 301104, 300269, NULL, NULL, '2019-10-04 09:51:49', '2019-10-04 09:51:49'),
	(302270, 301104, 300270, NULL, NULL, '2019-10-04 09:51:49', '2019-10-04 09:51:49'),
	(302271, 301104, 300271, NULL, NULL, '2019-10-04 09:51:49', '2019-10-04 09:51:49'),
	(302272, 301104, 300272, NULL, NULL, '2019-10-04 09:51:49', '2019-10-04 09:51:49'),
	(302273, 301104, 300273, NULL, NULL, '2019-10-04 09:51:49', '2019-10-04 09:51:49'),
	(302274, 301104, 300274, NULL, NULL, '2019-10-04 09:51:49', '2019-10-04 09:51:49'),
	(302275, 301104, 300275, NULL, NULL, '2019-10-04 09:51:49', '2019-10-04 09:51:49'),
	(302276, 301104, 300276, NULL, NULL, '2019-10-04 09:51:49', '2019-10-04 09:51:49'),
	(302277, 301104, 300277, NULL, NULL, '2019-10-04 09:51:49', '2019-10-04 09:51:49'),
	(302278, 301104, 300278, NULL, NULL, '2019-10-04 09:51:49', '2019-10-04 09:51:49'),
	(302279, 301104, 300279, NULL, NULL, '2019-10-04 09:51:49', '2019-10-04 09:51:49'),
	(302280, 301104, 300280, NULL, NULL, '2019-10-04 09:51:49', '2019-10-04 09:51:49'),
	(302281, 301104, 300281, NULL, NULL, '2019-10-04 09:51:49', '2019-10-04 09:51:49'),
	(302282, 301104, 300282, NULL, NULL, '2019-10-04 09:51:49', '2019-10-04 09:51:49'),
	(302283, 301104, 300283, NULL, NULL, '2019-10-04 09:51:49', '2019-10-04 09:51:49'),
	(302284, 301104, 300284, NULL, NULL, '2019-10-04 09:51:49', '2019-10-04 09:51:49'),
	(302285, 301104, 300285, NULL, NULL, '2019-10-04 09:51:49', '2019-10-04 09:51:49'),
	(302286, 301104, 300286, NULL, NULL, '2019-10-04 09:51:49', '2019-10-04 09:51:49'),
	(302287, 301103, 300287, NULL, NULL, '2019-10-04 09:51:53', '2019-10-04 09:51:53'),
	(302288, 301103, 300287, NULL, NULL, '2019-10-04 09:55:57', '2019-10-04 09:55:57'),
	(302289, 301103, 300287, NULL, NULL, '2019-10-04 11:24:30', '2019-10-04 11:24:30'),
	(302290, 301103, 300287, NULL, NULL, '2019-10-04 11:31:31', '2019-10-04 11:31:31');
/*!40000 ALTER TABLE `__group_users` ENABLE KEYS */;

-- Dumping structure for table appframe.__organisation
DROP TABLE IF EXISTS `__organisation`;
CREATE TABLE IF NOT EXISTS `__organisation` (
  `id` int(10) unsigned NOT NULL AUTO_INCREMENT,
  `name` varchar(128) COLLATE utf8mb4_unicode_ci NOT NULL,
  `name_short` varchar(128) COLLATE utf8mb4_unicode_ci DEFAULT NULL,
  `name_long` varchar(512) COLLATE utf8mb4_unicode_ci DEFAULT NULL,
  `address_line1` varchar(1024) COLLATE utf8mb4_unicode_ci DEFAULT NULL,
  `address_line2` varchar(1024) COLLATE utf8mb4_unicode_ci DEFAULT NULL,
  `address_short` varchar(512) COLLATE utf8mb4_unicode_ci DEFAULT NULL,
  `address_long` varchar(1024) COLLATE utf8mb4_unicode_ci DEFAULT NULL,
  `created_by` bigint(20) unsigned DEFAULT NULL,
  `updated_by` bigint(20) unsigned DEFAULT NULL,
  `created_at` timestamp NULL DEFAULT NULL,
  `updated_at` timestamp NULL DEFAULT NULL,
  PRIMARY KEY (`id`),
  KEY `__organisation_name_index` (`name`),
  KEY `__organisation_created_by_index` (`created_by`),
  KEY `__organisation_updated_by_index` (`updated_by`),
  CONSTRAINT `__organisation_updated_by_foreign` FOREIGN KEY (`updated_by`) REFERENCES `users` (`id`) ON DELETE SET NULL ON UPDATE CASCADE,
  CONSTRAINT `__organisation_created_by_foreign` FOREIGN KEY (`created_by`) REFERENCES `users` (`id`) ON DELETE SET NULL ON UPDATE CASCADE
) ENGINE=InnoDB DEFAULT CHARSET=utf8mb4 COLLATE=utf8mb4_unicode_ci;

-- Dumping data for table appframe.__organisation: ~0 rows (approximately)
DELETE FROM `__organisation`;
/*!40000 ALTER TABLE `__organisation` DISABLE KEYS */;
/*!40000 ALTER TABLE `__organisation` ENABLE KEYS */;

-- Dumping structure for table appframe.__organisation_contacts
DROP TABLE IF EXISTS `__organisation_contacts`;
CREATE TABLE IF NOT EXISTS `__organisation_contacts` (
  `id` int(10) unsigned NOT NULL AUTO_INCREMENT,
  `organisation` int(10) unsigned NOT NULL,
  `type` enum('number','email','address') COLLATE utf8mb4_unicode_ci NOT NULL DEFAULT 'number',
  `type_name` varchar(64) COLLATE utf8mb4_unicode_ci DEFAULT NULL,
  `detail` varchar(256) COLLATE utf8mb4_unicode_ci DEFAULT NULL,
  `created_by` bigint(20) unsigned DEFAULT NULL,
  `updated_by` bigint(20) unsigned DEFAULT NULL,
  `created_at` timestamp NULL DEFAULT NULL,
  `updated_at` timestamp NULL DEFAULT NULL,
  PRIMARY KEY (`id`),
  KEY `__organisation_contacts_organisation_foreign` (`organisation`),
  KEY `__organisation_contacts_created_by_index` (`created_by`),
  KEY `__organisation_contacts_updated_by_index` (`updated_by`),
  CONSTRAINT `__organisation_contacts_organisation_foreign` FOREIGN KEY (`organisation`) REFERENCES `__organisation` (`id`) ON DELETE CASCADE ON UPDATE CASCADE,
  CONSTRAINT `__organisation_contacts_created_by_foreign` FOREIGN KEY (`created_by`) REFERENCES `users` (`id`) ON DELETE SET NULL ON UPDATE CASCADE,
  CONSTRAINT `__organisation_contacts_updated_by_foreign` FOREIGN KEY (`updated_by`) REFERENCES `users` (`id`) ON DELETE SET NULL ON UPDATE CASCADE
) ENGINE=InnoDB DEFAULT CHARSET=utf8mb4 COLLATE=utf8mb4_unicode_ci;

-- Dumping data for table appframe.__organisation_contacts: ~0 rows (approximately)
DELETE FROM `__organisation_contacts`;
/*!40000 ALTER TABLE `__organisation_contacts` DISABLE KEYS */;
/*!40000 ALTER TABLE `__organisation_contacts` ENABLE KEYS */;

-- Dumping structure for table appframe.__resources
DROP TABLE IF EXISTS `__resources`;
CREATE TABLE IF NOT EXISTS `__resources` (
  `id` int(10) unsigned NOT NULL AUTO_INCREMENT,
  `name` varchar(64) COLLATE utf8mb4_unicode_ci NOT NULL,
  `description` varchar(1024) COLLATE utf8mb4_unicode_ci DEFAULT NULL,
  `title` varchar(128) COLLATE utf8mb4_unicode_ci DEFAULT NULL,
  `namespace` varchar(512) COLLATE utf8mb4_unicode_ci DEFAULT 'MilestoneAppframe',
  `table` varchar(64) COLLATE utf8mb4_unicode_ci DEFAULT NULL,
  `controller` varchar(128) COLLATE utf8mb4_unicode_ci DEFAULT NULL,
  `controller_namespace` varchar(512) COLLATE utf8mb4_unicode_ci DEFAULT NULL,
  `development` enum('No','Yes') COLLATE utf8mb4_unicode_ci NOT NULL DEFAULT 'No',
  `created_by` bigint(20) unsigned DEFAULT NULL,
  `updated_by` bigint(20) unsigned DEFAULT NULL,
  `created_at` timestamp NULL DEFAULT NULL,
  `updated_at` timestamp NULL DEFAULT NULL,
  PRIMARY KEY (`id`),
  KEY `__resources_name_index` (`name`),
  KEY `__resources_created_by_index` (`created_by`),
  KEY `__resources_updated_by_index` (`updated_by`),
  CONSTRAINT `__resources_created_by_foreign` FOREIGN KEY (`created_by`) REFERENCES `users` (`id`) ON DELETE SET NULL ON UPDATE CASCADE,
  CONSTRAINT `__resources_updated_by_foreign` FOREIGN KEY (`updated_by`) REFERENCES `users` (`id`) ON DELETE SET NULL ON UPDATE CASCADE
) ENGINE=InnoDB AUTO_INCREMENT=305128 DEFAULT CHARSET=utf8mb4 COLLATE=utf8mb4_unicode_ci;

-- Dumping data for table appframe.__resources: ~68 rows (approximately)
DELETE FROM `__resources`;
/*!40000 ALTER TABLE `__resources` DISABLE KEYS */;
INSERT INTO `__resources` (`id`, `name`, `description`, `title`, `namespace`, `table`, `controller`, `controller_namespace`, `development`, `created_by`, `updated_by`, `created_at`, `updated_at`) VALUES
	(1, 'User', 'All the users of this app', 'Users', 'Milestone\\Appframe\\Model', 'users', NULL, NULL, 'Yes', NULL, NULL, '2019-10-04 09:46:06', '2019-10-04 09:46:06'),
	(2, 'Group', 'Groups for users. Every user belongs to any or multiple groups', 'Groups', 'Milestone\\Appframe\\Model', '__groups', NULL, NULL, 'Yes', NULL, NULL, '2019-10-04 09:46:06', '2019-10-04 09:46:06'),
	(3, 'Role', 'Roles defines which resources should a group have access', 'Roles', 'Milestone\\Appframe\\Model', '__roles', NULL, NULL, 'Yes', NULL, NULL, '2019-10-04 09:46:06', '2019-10-04 09:46:06'),
	(4, 'Resource', 'Each part of this module', 'Resource', 'Milestone\\Appframe\\Model', '__resources', NULL, NULL, 'Yes', NULL, NULL, '2019-10-04 09:46:06', '2019-10-04 09:46:06'),
	(5, 'ResourceRole', 'The resources assigned to a role', 'Role Resources', 'Milestone\\Appframe\\Model', '__resource_roles', NULL, NULL, 'Yes', NULL, NULL, '2019-10-04 09:46:06', '2019-10-04 09:46:06'),
	(6, 'ResourceRelation', 'Relation details of a resource', 'Resource Relations', 'Milestone\\Appframe\\Model', '__resource_relations', NULL, NULL, 'Yes', NULL, NULL, '2019-10-04 09:46:06', '2019-10-04 09:46:06'),
	(7, 'ResourceScope', 'Scopes available on a resource', 'Resource Scopes', 'Milestone\\Appframe\\Model', '__resource_scopes', NULL, NULL, 'Yes', NULL, NULL, '2019-10-04 09:46:06', '2019-10-04 09:46:06'),
	(8, 'ResourceForm', 'Forms associated with a resource', 'Forms', 'Milestone\\Appframe\\Model', '__resource_forms', NULL, NULL, 'Yes', NULL, NULL, '2019-10-04 09:46:06', '2019-10-04 09:46:06'),
	(9, 'ResourceFormField', 'Field details for a form', 'Form Fields', 'Milestone\\Appframe\\Model', '__resource_form_fields', NULL, NULL, 'Yes', NULL, NULL, '2019-10-04 09:46:06', '2019-10-04 09:46:06'),
	(10, 'ResourceFormFieldData', 'Database bindings of a form field', 'Field Data', 'Milestone\\Appframe\\Model', '__resource_form_field_data', NULL, NULL, 'Yes', NULL, NULL, '2019-10-04 09:46:06', '2019-10-04 09:46:06'),
	(11, 'ResourceFormFieldAttr', 'Additional attributes of a field', 'Field Attributes', 'Milestone\\Appframe\\Model', '__resource_form_field_attrs', NULL, NULL, 'Yes', NULL, NULL, '2019-10-04 09:46:06', '2019-10-04 09:46:06'),
	(12, 'ResourceFormFieldOption', 'Options for form fields', 'Field Options', 'Milestone\\Appframe\\Model', '__resource_form_field_options', NULL, NULL, 'Yes', NULL, NULL, '2019-10-04 09:46:06', '2019-10-04 09:46:06'),
	(13, 'ResourceFormFieldValidation', 'Validation details of the field', 'Field Validation', 'Milestone\\Appframe\\Model', '__resource_form_field_validations', NULL, NULL, 'Yes', NULL, NULL, '2019-10-04 09:46:07', '2019-10-04 09:46:07'),
	(14, 'ResourceFormFieldDepend', 'Dependent fields in a form', 'Dependent Fields', 'Milestone\\Appframe\\Model', '__resource_form_field_depends', 'ResourceFormFieldDependController', 'Milestone\\Appframe\\Controllers', 'Yes', NULL, NULL, '2019-10-04 09:46:07', '2019-10-04 09:46:07'),
	(15, 'ResourceFormFieldDynamic', 'Dynamic field details', 'Dynamic Field', 'Milestone\\Appframe\\Model', '__resource_form_field_dynamic', NULL, NULL, 'Yes', NULL, NULL, '2019-10-04 09:46:07', '2019-10-04 09:46:07'),
	(16, 'ResourceFormLayout', 'Form field layout details', 'Form Layout', 'Milestone\\Appframe\\Model', '__resource_form_layout', NULL, NULL, 'Yes', NULL, NULL, '2019-10-04 09:46:07', '2019-10-04 09:46:07'),
	(17, 'ResourceFormCollection', 'Collection/Detail Form', 'Collection Form', 'Milestone\\Appframe\\Model', '__resource_form_collection', NULL, NULL, 'Yes', NULL, NULL, '2019-10-04 09:46:07', '2019-10-04 09:46:07'),
	(18, 'ResourceFormUpload', 'Upload file details', 'Form Upload', 'Milestone\\Appframe\\Model', '__resource_form_upload', NULL, NULL, 'Yes', NULL, NULL, '2019-10-04 09:46:07', '2019-10-04 09:46:07'),
	(19, 'ResourceFormDefault', 'Predefined field values for a form', 'Form Defaults', 'Milestone\\Appframe\\Model', '__resource_form_defaults', NULL, NULL, 'Yes', NULL, NULL, '2019-10-04 09:46:07', '2019-10-04 09:46:07'),
	(20, 'ResourceList', 'List of data', 'Lists', 'Milestone\\Appframe\\Model', '__resource_lists', NULL, NULL, 'Yes', NULL, NULL, '2019-10-04 09:46:07', '2019-10-04 09:46:07'),
	(21, 'ResourceListRelation', 'Relations to be loaded on accessing list', 'List Relations', 'Milestone\\Appframe\\Model', '__resource_list_relations', NULL, NULL, 'Yes', NULL, NULL, '2019-10-04 09:46:07', '2019-10-04 09:46:07'),
	(22, 'ResourceListScope', 'Scope to be applied on list', 'List Scopes', 'Milestone\\Appframe\\Model', '__resource_list_scopes', NULL, NULL, 'Yes', NULL, NULL, '2019-10-04 09:46:07', '2019-10-04 09:46:07'),
	(23, 'ResourceListLayout', 'Layout of a list', 'List Layout', 'Milestone\\Appframe\\Model', '__resource_list_layout', NULL, NULL, 'Yes', NULL, NULL, '2019-10-04 09:46:07', '2019-10-04 09:46:07'),
	(24, 'ResourceListSearch', 'Searchable fields in a list', 'List Search', 'Milestone\\Appframe\\Model', '__resource_list_search', NULL, NULL, 'Yes', NULL, NULL, '2019-10-04 09:46:07', '2019-10-04 09:46:07'),
	(25, 'ResourceData', 'A particular record from database', 'Data', 'Milestone\\Appframe\\Model', '__resource_data', NULL, NULL, 'Yes', NULL, NULL, '2019-10-04 09:46:07', '2019-10-04 09:46:07'),
	(26, 'ResourceDataRelation', 'The relations to be loaded from resource data', 'Data Relations', 'Milestone\\Appframe\\Model', '__resource_data_relations', NULL, NULL, 'Yes', NULL, NULL, '2019-10-04 09:46:07', '2019-10-04 09:46:07'),
	(27, 'ResourceDataScope', 'Scope to be applied on a detail', 'Data Scopes', 'Milestone\\Appframe\\Model', '__resource_data_relations', NULL, NULL, 'Yes', NULL, NULL, '2019-10-04 09:46:07', '2019-10-04 09:46:07'),
	(28, 'ResourceDataViewSection', 'Sections of a data view', 'Data View Section', 'Milestone\\Appframe\\Model', '__resource_data_view_sections', NULL, NULL, 'Yes', NULL, NULL, '2019-10-04 09:46:07', '2019-10-04 09:46:07'),
	(29, 'ResourceDataViewSectionItem', 'Items of a data view section', 'Data View Section Items', 'Milestone\\Appframe\\Model', '__resource_data_view_section_items', NULL, NULL, 'Yes', NULL, NULL, '2019-10-04 09:46:07', '2019-10-04 09:46:07'),
	(30, 'ResourceAction', 'Actions applicable for the resource', 'Actions', 'Milestone\\Appframe\\Model', '__resource_actions', 'ResourceActionController', 'Milestone\\Appframe\\Controllers', 'Yes', NULL, NULL, '2019-10-04 09:46:07', '2019-10-04 09:46:07'),
	(31, 'ResourceActionMethod', 'The methods to be handled for resource action', 'Resource Action Methods', 'Milestone\\Appframe\\Model', '__resource_action_methods', NULL, NULL, 'Yes', NULL, NULL, '2019-10-04 09:46:07', '2019-10-04 09:46:07'),
	(32, 'ResourceActionAttr', 'Resource action icon attrs', 'Resource Action Attrs', 'Milestone\\Appframe\\Model', '__resource_action_attrs', NULL, NULL, 'Yes', NULL, NULL, '2019-10-04 09:46:07', '2019-10-04 09:46:07'),
	(33, 'ResourceActionList', 'The lists where an action should belongs', 'Resource Action Lists', 'Milestone\\Appframe\\Model', '__resource_action_lists', NULL, NULL, 'Yes', NULL, NULL, '2019-10-04 09:46:07', '2019-10-04 09:46:07'),
	(34, 'ResourceActionData', 'The resource show, where an action should belongs', 'Resource Action Data', 'Milestone\\Appframe\\Model', '__resource_action_data', NULL, NULL, 'Yes', NULL, NULL, '2019-10-04 09:46:07', '2019-10-04 09:46:07'),
	(35, 'ResourceDefault', 'Resources default Form, List and Data', 'Resource Default', 'Milestone\\Appframe\\Model', '__resource_defaults', NULL, NULL, 'Yes', NULL, NULL, '2019-10-04 09:46:07', '2019-10-04 09:46:07'),
	(36, 'ResourceMetric', 'Metrics defined for a resource', 'Resource Metrics', 'Milestone\\Appframe\\Model', '__resource_metrics', NULL, NULL, 'Yes', NULL, NULL, '2019-10-04 09:46:07', '2019-10-04 09:46:07'),
	(37, 'ResourceDashboard', 'Dashboard details for a Resource', 'Resource Dashboard', 'Milestone\\Appframe\\Model', '__resource_dashboard', NULL, NULL, 'Yes', NULL, NULL, '2019-10-04 09:46:07', '2019-10-04 09:46:07'),
	(38, 'ResourceDashboardSection', 'Sections of a Dashboard', 'Dashboard Section', 'Milestone\\Appframe\\Model', '__resource_dashboard_sections', NULL, NULL, 'Yes', NULL, NULL, '2019-10-04 09:46:07', '2019-10-04 09:46:07'),
	(39, 'ResourceDashboardSectionItem', 'Items of a Dashboard Section', 'Dashboard Section Items', 'Milestone\\Appframe\\Model', '__resource_dashboard_section_items', NULL, NULL, 'Yes', NULL, NULL, '2019-10-04 09:46:07', '2019-10-04 09:46:07'),
	(40, 'Organisation', 'Details of the organisation', 'Organisation', 'Milestone\\Appframe\\Model', '__organisation', NULL, NULL, 'Yes', NULL, NULL, '2019-10-04 09:46:07', '2019-10-04 09:46:07'),
	(41, 'OrganisationContact', 'Contact details of organisation', 'Contacts', 'Milestone\\Appframe\\Model', '__organisation_contacts', NULL, NULL, 'Yes', NULL, NULL, '2019-10-04 09:46:07', '2019-10-04 09:46:07'),
	(305101, 'User', 'Users of Smart Sale', 'Users', 'Milestone\\SS\\Model', 'users', NULL, NULL, 'No', NULL, NULL, '2019-10-04 09:46:58', '2019-10-04 09:46:58'),
	(305102, 'Setup', 'ePlus setup details', 'Setup', 'Milestone\\SS\\Model', 'setup', NULL, NULL, 'No', NULL, NULL, '2019-10-04 09:46:58', '2019-10-04 09:46:58'),
	(305103, 'MenuType', 'Menu group to display name mapper', 'Menu Group', 'Milestone\\SS\\Model', 'menu_types', NULL, NULL, 'No', NULL, NULL, '2019-10-04 09:46:58', '2019-10-04 09:46:58'),
	(305104, 'Menu', 'Menu details', 'Menu', 'Milestone\\SS\\Model', 'menu_types', NULL, NULL, 'No', NULL, NULL, '2019-10-04 09:46:58', '2019-10-04 09:46:58'),
	(305105, 'Setting', 'Settings available in web and mob interface', 'Settings', 'Milestone\\SS\\Model', 'settings', NULL, NULL, 'No', NULL, NULL, '2019-10-04 09:46:58', '2019-10-04 09:46:58'),
	(305106, 'Fiscalyearmaster', 'Financial Years', 'Fiscal Year', 'Milestone\\SS\\Model', 'fiscalyearmaster', NULL, NULL, 'No', NULL, NULL, '2019-10-04 09:46:58', '2019-10-04 09:46:58'),
	(305107, 'ProductGroupMaster', 'Groups like Category, Brand etc', 'Product Group Masters', 'Milestone\\SS\\Model', 'product_group_master', NULL, NULL, 'No', NULL, NULL, '2019-10-04 09:46:58', '2019-10-04 09:46:58'),
	(305108, 'Product', 'Products or Items', 'Products', 'Milestone\\SS\\Model', 'products', NULL, NULL, 'No', NULL, NULL, '2019-10-04 09:46:58', '2019-10-04 09:46:58'),
	(305109, 'ProductGroup', 'Products and the groups they belongs to', 'Product Groups', 'Milestone\\SS\\Model', 'product_groups', NULL, NULL, 'No', NULL, NULL, '2019-10-04 09:46:58', '2019-10-04 09:46:58'),
	(305110, 'ProductImage', 'Images for  a product', 'Product Images', 'Milestone\\SS\\Model', 'product_images', 'ProductImageController', 'Milestone\\SS\\Controller', 'No', NULL, NULL, '2019-10-04 09:46:59', '2019-10-04 09:46:59'),
	(305111, 'Pricelist', 'Price list header', 'Price List', 'Milestone\\SS\\Model', 'pricelist', NULL, NULL, 'No', NULL, NULL, '2019-10-04 09:46:59', '2019-10-04 09:46:59'),
	(305112, 'PricelistProduct', 'Price list products', 'Price List Products', 'Milestone\\SS\\Model', 'pricelist_products', NULL, NULL, 'No', NULL, NULL, '2019-10-04 09:46:59', '2019-10-04 09:46:59'),
	(305113, 'Functiondetail', 'ePlus functions', 'ePlus Functions', 'Milestone\\SS\\Model', 'functiondetails', NULL, NULL, 'No', NULL, NULL, '2019-10-04 09:46:59', '2019-10-04 09:46:59'),
	(305114, 'Store', 'Stores', 'Stores', 'Milestone\\SS\\Model', 'stores', NULL, NULL, 'No', NULL, NULL, '2019-10-04 09:46:59', '2019-10-04 09:46:59'),
	(305115, 'Area', 'Areas', 'Areas', 'Milestone\\SS\\Model', 'areas', NULL, NULL, 'No', NULL, NULL, '2019-10-04 09:46:59', '2019-10-04 09:46:59'),
	(305116, 'AreaUser', 'Users in an area', 'Area User', 'Milestone\\SS\\Model', 'area_users', NULL, NULL, 'No', NULL, NULL, '2019-10-04 09:46:59', '2019-10-04 09:46:59'),
	(305117, 'UserSetting', 'Web and Mob settings for each user', 'User Settings', 'Milestone\\SS\\Model', 'user_settings', NULL, NULL, 'No', NULL, NULL, '2019-10-04 09:46:59', '2019-10-04 09:46:59'),
	(305118, 'UserStoreArea', 'Stores and Areas assigned to a user (executive)', 'User Store and Area', 'Milestone\\SS\\Model', 'user_store_area', NULL, NULL, 'No', NULL, NULL, '2019-10-04 09:46:59', '2019-10-04 09:46:59'),
	(305119, 'SalesOrder', 'Sales orders', 'Sales Orders', 'Milestone\\SS\\Model', 'sales_order', NULL, NULL, 'No', NULL, NULL, '2019-10-04 09:46:59', '2019-10-04 09:46:59'),
	(305120, 'SalesOrderItem', 'Sales order items', 'Sales Order Items', 'Milestone\\SS\\Model', 'sales_order_items', NULL, NULL, 'No', NULL, NULL, '2019-10-04 09:46:59', '2019-10-04 09:46:59'),
	(305121, 'Transaction', 'Transaction header - customer, date, document number', 'Transactions', 'Milestone\\SS\\Model', 'transactions', NULL, NULL, 'No', NULL, NULL, '2019-10-04 09:46:59', '2019-10-04 09:46:59'),
	(305122, 'TransactionDetail', 'Products in a transaction, its price tax etc', 'Transaction Details', 'Milestone\\SS\\Model', 'transaction_details', NULL, NULL, 'No', NULL, NULL, '2019-10-04 09:46:59', '2019-10-04 09:46:59'),
	(305123, 'DData', 'ePlus Ddata for detailed transaction bills', 'ePlus DData', 'Milestone\\SS\\Model', 'd_data', NULL, NULL, 'No', NULL, NULL, '2019-10-04 09:46:59', '2019-10-04 09:46:59'),
	(305124, 'StockTransfer', 'Stock transfer from and to a store', 'Stock Transfers', 'Milestone\\SS\\Model', 'stock_transfer', NULL, NULL, 'No', NULL, NULL, '2019-10-04 09:46:59', '2019-10-04 09:46:59'),
	(305125, 'WBin', 'Waste bin used while ePlus direct import', 'Waste Bin', 'Milestone\\SS\\Model', 'w_bin', NULL, NULL, 'No', NULL, NULL, '2019-10-04 09:46:59', '2019-10-04 09:46:59'),
	(305126, 'Receipt', 'Receipts', 'Receipts', 'Milestone\\SS\\Model', 'receipts', NULL, NULL, 'No', NULL, NULL, '2019-10-04 09:46:59', '2019-10-04 09:46:59'),
	(305127, 'FnReserve', 'Function Reserves', 'Function Reserves', 'Milestone\\SS\\Model', 'fn_reserves', NULL, NULL, 'No', NULL, NULL, '2019-10-04 09:46:59', '2019-10-04 09:46:59');
/*!40000 ALTER TABLE `__resources` ENABLE KEYS */;

-- Dumping structure for table appframe.__resource_actions
DROP TABLE IF EXISTS `__resource_actions`;
CREATE TABLE IF NOT EXISTS `__resource_actions` (
  `id` int(10) unsigned NOT NULL AUTO_INCREMENT,
  `resource` int(10) unsigned NOT NULL,
  `name` varchar(64) COLLATE utf8mb4_unicode_ci NOT NULL,
  `description` varchar(1024) COLLATE utf8mb4_unicode_ci DEFAULT NULL,
  `title` varchar(128) COLLATE utf8mb4_unicode_ci DEFAULT NULL,
  `type` enum('primary','secondary','success','danger','warning','info','light','dark','link','outline-primary','outline-secondary','outline-success','outline-danger','outline-warning','outline-info','outline-light','outline-dark') COLLATE utf8mb4_unicode_ci NOT NULL DEFAULT 'outline-info',
  `menu` varchar(128) COLLATE utf8mb4_unicode_ci DEFAULT NULL,
  `icon` varchar(128) COLLATE utf8mb4_unicode_ci DEFAULT NULL,
  `set` enum('far','fas','fab') COLLATE utf8mb4_unicode_ci NOT NULL DEFAULT 'far',
  `on` varchar(256) COLLATE utf8mb4_unicode_ci DEFAULT NULL,
  `confirm` varchar(256) COLLATE utf8mb4_unicode_ci DEFAULT NULL,
  `handler` varchar(128) COLLATE utf8mb4_unicode_ci DEFAULT NULL,
  `created_by` bigint(20) unsigned DEFAULT NULL,
  `updated_by` bigint(20) unsigned DEFAULT NULL,
  `created_at` timestamp NULL DEFAULT NULL,
  `updated_at` timestamp NULL DEFAULT NULL,
  PRIMARY KEY (`id`),
  KEY `__resource_actions_resource_index` (`resource`),
  KEY `__resource_actions_name_index` (`name`),
  KEY `__resource_actions_created_by_index` (`created_by`),
  KEY `__resource_actions_updated_by_index` (`updated_by`),
  CONSTRAINT `__resource_actions_created_by_foreign` FOREIGN KEY (`created_by`) REFERENCES `users` (`id`) ON DELETE SET NULL ON UPDATE CASCADE,
  CONSTRAINT `__resource_actions_resource_foreign` FOREIGN KEY (`resource`) REFERENCES `__resources` (`id`) ON DELETE CASCADE ON UPDATE CASCADE,
  CONSTRAINT `__resource_actions_updated_by_foreign` FOREIGN KEY (`updated_by`) REFERENCES `users` (`id`) ON DELETE SET NULL ON UPDATE CASCADE
) ENGINE=InnoDB AUTO_INCREMENT=332135 DEFAULT CHARSET=utf8mb4 COLLATE=utf8mb4_unicode_ci;

-- Dumping data for table appframe.__resource_actions: ~87 rows (approximately)
DELETE FROM `__resource_actions`;
/*!40000 ALTER TABLE `__resource_actions` DISABLE KEYS */;
INSERT INTO `__resource_actions` (`id`, `resource`, `name`, `description`, `title`, `type`, `menu`, `icon`, `set`, `on`, `confirm`, `handler`, `created_by`, `updated_by`, `created_at`, `updated_at`) VALUES
	(1, 1, 'NewAdministratorFormAction', 'Action to call a form to create a new administrator', 'New Administrator', 'outline-info', 'Create Administrator', NULL, 'far', NULL, NULL, NULL, NULL, NULL, '2019-10-04 09:46:26', '2019-10-04 09:46:26'),
	(2, 1, 'NewDeveloperFormAction', 'Action to call a form to create a new developer', 'New Developer', 'outline-info', 'Create Developer', NULL, 'far', NULL, NULL, NULL, NULL, NULL, '2019-10-04 09:46:26', '2019-10-04 09:46:26'),
	(3, 1, 'NewUserFormAction', 'Action to call a form to create a new user', 'New User', 'outline-info', 'Create User', NULL, 'far', NULL, NULL, NULL, NULL, NULL, '2019-10-04 09:46:26', '2019-10-04 09:46:26'),
	(4, 1, 'UsersListForSerupUserAction', 'Action to list all users available for setup user', 'Users', 'outline-info', 'All Users', NULL, 'far', NULL, NULL, NULL, NULL, NULL, '2019-10-04 09:46:26', '2019-10-04 09:46:26'),
	(5, 1, 'UsersListAction', 'Action to list all users', 'Users', 'outline-info', 'All Users', NULL, 'far', NULL, NULL, NULL, NULL, NULL, '2019-10-04 09:46:26', '2019-10-04 09:46:26'),
	(6, 1, 'EditUserAction', 'Action to update a user', 'Edit User', 'primary', NULL, NULL, 'far', NULL, NULL, NULL, NULL, NULL, '2019-10-04 09:46:26', '2019-10-04 09:46:26'),
	(7, 1, 'ChangeUserPasswordAction', 'Action to call a form to change user password', 'Change Password', 'primary', NULL, NULL, 'far', NULL, NULL, NULL, NULL, NULL, '2019-10-04 09:46:26', '2019-10-04 09:46:26'),
	(8, 4, 'NewResourceFormAction', 'Action to call a form to create a new resource', 'New Resource', 'outline-info', 'Create Resource', NULL, 'far', NULL, NULL, NULL, NULL, NULL, '2019-10-04 09:46:26', '2019-10-04 09:46:26'),
	(9, 4, 'ResourcesListAction', 'Action to list all resources', 'Resources', 'outline-info', 'Resources', NULL, 'far', NULL, NULL, NULL, NULL, NULL, '2019-10-04 09:46:26', '2019-10-04 09:46:26'),
	(10, 30, 'NewActionAction', 'Action to call a for to create new action', 'Create Action', 'outline-info', 'New Action', NULL, 'far', NULL, NULL, NULL, NULL, NULL, '2019-10-04 09:46:26', '2019-10-04 09:46:26'),
	(11, 30, 'AddActionAction', 'List action to call a form which adds a new action to a selected resource', 'Add Action', 'primary', NULL, NULL, 'far', NULL, NULL, NULL, NULL, NULL, '2019-10-04 09:46:26', '2019-10-04 09:46:26'),
	(12, 30, 'ActionsListAction', 'Action to list all actions', NULL, 'outline-info', 'List All', NULL, 'far', NULL, NULL, NULL, NULL, NULL, '2019-10-04 09:46:26', '2019-10-04 09:46:26'),
	(13, 8, 'NewFormAction', 'Action to create a new form', 'New Form', 'outline-info', 'New Form', NULL, 'far', NULL, NULL, NULL, NULL, NULL, '2019-10-04 09:46:26', '2019-10-04 09:46:26'),
	(14, 8, 'FormsListAction', 'Action to list all forms', NULL, 'outline-info', 'List All', NULL, 'far', NULL, NULL, NULL, NULL, NULL, '2019-10-04 09:46:26', '2019-10-04 09:46:26'),
	(15, 4, 'AddNewFormAction', 'Add a form to a resource', 'Add Form', 'primary', NULL, NULL, 'far', NULL, NULL, NULL, NULL, NULL, '2019-10-04 09:46:27', '2019-10-04 09:46:27'),
	(16, 20, 'CreateListFormAction', 'Action to call a form to create a list', 'Create List', 'outline-info', 'New List', NULL, 'far', NULL, NULL, NULL, NULL, NULL, '2019-10-04 09:46:27', '2019-10-04 09:46:27'),
	(17, 20, 'ListsListAction', 'Action to list all lists', NULL, 'outline-info', 'List All', NULL, 'far', NULL, NULL, NULL, NULL, NULL, '2019-10-04 09:46:27', '2019-10-04 09:46:27'),
	(18, 20, 'AddListFormAction', 'List action to call a form which adds a new list to the selected resource', 'Add List', 'primary', NULL, NULL, 'far', NULL, NULL, NULL, NULL, NULL, '2019-10-04 09:46:27', '2019-10-04 09:46:27'),
	(19, 25, 'CreateDataFormAction', 'Action to call a from to create a data', 'Create Data', 'outline-info', 'New Data', NULL, 'far', NULL, NULL, NULL, NULL, NULL, '2019-10-04 09:46:27', '2019-10-04 09:46:27'),
	(20, 25, 'DataListAction', 'Action to list all data', NULL, 'outline-info', 'List All', NULL, 'far', NULL, NULL, NULL, NULL, NULL, '2019-10-04 09:46:27', '2019-10-04 09:46:27'),
	(21, 25, 'AddDataFormAction', 'List action to call a form which adds a new data to the selected resource', 'Add Data', 'primary', NULL, NULL, 'far', NULL, NULL, NULL, NULL, NULL, '2019-10-04 09:46:27', '2019-10-04 09:46:27'),
	(22, 4, 'ListResourceFormsAction', 'List all forms of a selected resource', 'View Forms', 'primary', NULL, NULL, 'far', NULL, NULL, NULL, NULL, NULL, '2019-10-04 09:46:27', '2019-10-04 09:46:27'),
	(23, 4, 'ListResourceListsAction', 'List all lists of a selected resource', 'View Lists', 'primary', NULL, NULL, 'far', NULL, NULL, NULL, NULL, NULL, '2019-10-04 09:46:27', '2019-10-04 09:46:27'),
	(24, 4, 'ListResourceDataAction', 'List all data of a selected resource', 'View Data', 'primary', NULL, NULL, 'far', NULL, NULL, NULL, NULL, NULL, '2019-10-04 09:46:27', '2019-10-04 09:46:27'),
	(25, 4, 'ListResourceActionsAction', 'List all actions of a selected resource', 'View Actions', 'primary', NULL, NULL, 'far', NULL, NULL, NULL, NULL, NULL, '2019-10-04 09:46:27', '2019-10-04 09:46:27'),
	(26, 8, 'ListFormFieldsAction', 'Action to list all fields of a selected form', 'View Fields', 'primary', NULL, NULL, 'far', NULL, NULL, NULL, NULL, NULL, '2019-10-04 09:46:27', '2019-10-04 09:46:27'),
	(27, 8, 'ListFormLayoutsAction', 'Action to list all layouts of a selected form', 'View Layout', 'primary', NULL, NULL, 'far', NULL, NULL, NULL, NULL, NULL, '2019-10-04 09:46:27', '2019-10-04 09:46:27'),
	(28, 8, 'ListFormCollectionsAction', 'Action to list all collections of a selected form', 'View Collections', 'primary', NULL, NULL, 'far', NULL, NULL, NULL, NULL, NULL, '2019-10-04 09:46:27', '2019-10-04 09:46:27'),
	(29, 20, 'ListListRelationAction', 'Action to list all relations of a selected list', 'View Relations', 'primary', NULL, NULL, 'far', NULL, NULL, NULL, NULL, NULL, '2019-10-04 09:46:27', '2019-10-04 09:46:27'),
	(30, 20, 'ListListScopesAction', 'Action to list all scopes of a selected list', 'View Scopes', 'primary', NULL, NULL, 'far', NULL, NULL, NULL, NULL, NULL, '2019-10-04 09:46:27', '2019-10-04 09:46:27'),
	(31, 20, 'ListListLayoutAction', 'Action to list layout details of a selected list', 'View Layout Fields', 'primary', NULL, NULL, 'far', NULL, NULL, NULL, NULL, NULL, '2019-10-04 09:46:27', '2019-10-04 09:46:27'),
	(32, 20, 'ListListSearchAction', 'Action to list all search field of a selected list', 'View Search Fields', 'primary', NULL, NULL, 'far', NULL, NULL, NULL, NULL, NULL, '2019-10-04 09:46:27', '2019-10-04 09:46:27'),
	(33, 25, 'ListDataRelationsAction', 'Action to list all relations of a selected data', 'View Relations', 'primary', NULL, NULL, 'far', NULL, NULL, NULL, NULL, NULL, '2019-10-04 09:46:27', '2019-10-04 09:46:27'),
	(34, 25, 'ListDataScopesAction', 'Action to list all scopes of a selected data', 'View Scopes', 'primary', NULL, NULL, 'far', NULL, NULL, NULL, NULL, NULL, '2019-10-04 09:46:27', '2019-10-04 09:46:27'),
	(35, 25, 'ListDataSectionsAction', 'Action to list all sections of a selected data', 'View Sections', 'primary', NULL, NULL, 'far', NULL, NULL, NULL, NULL, NULL, '2019-10-04 09:46:27', '2019-10-04 09:46:27'),
	(36, 25, 'ListDataActionsAction', 'Action to list all actions of a selected data', 'View Actions', 'primary', NULL, NULL, 'far', NULL, NULL, NULL, NULL, NULL, '2019-10-04 09:46:27', '2019-10-04 09:46:27'),
	(37, 30, 'ListActionAttrsAction', 'Action to list all attributes of a selected action', 'View Attributes', 'primary', NULL, NULL, 'far', NULL, NULL, NULL, NULL, NULL, '2019-10-04 09:46:27', '2019-10-04 09:46:27'),
	(38, 30, 'ListActionListsAction', 'Action to list all list of a selected action', 'View Lists', 'primary', NULL, NULL, 'far', NULL, NULL, NULL, NULL, NULL, '2019-10-04 09:46:27', '2019-10-04 09:46:27'),
	(39, 30, 'ListActionDataAction', 'Action to list all data of a selected action', 'View Data', 'primary', NULL, NULL, 'far', NULL, NULL, NULL, NULL, NULL, '2019-10-04 09:46:27', '2019-10-04 09:46:27'),
	(40, 9, 'ListFieldAttrs', 'Action to list all attrs of a selected field', 'View Attributes', 'primary', NULL, NULL, 'far', NULL, NULL, NULL, NULL, NULL, '2019-10-04 09:46:27', '2019-10-04 09:46:27'),
	(41, 9, 'ListFieldOptions', 'Action to list all options of a selected field', 'View Options', 'primary', NULL, NULL, 'far', NULL, NULL, NULL, NULL, NULL, '2019-10-04 09:46:27', '2019-10-04 09:46:27'),
	(42, 9, 'ListFieldValidations', 'Action to list all validations of a selected field', 'View Validations', 'primary', NULL, NULL, 'far', NULL, NULL, NULL, NULL, NULL, '2019-10-04 09:46:27', '2019-10-04 09:46:27'),
	(43, 9, 'ListFieldDepends', 'Action to list all depends of a selected field', 'View Depends', 'primary', NULL, NULL, 'far', NULL, NULL, NULL, NULL, NULL, '2019-10-04 09:46:27', '2019-10-04 09:46:27'),
	(44, 9, 'ListFieldDynamics', 'Action to list all dynamics of a selected field', 'View Dynamics', 'primary', NULL, NULL, 'far', NULL, NULL, NULL, NULL, NULL, '2019-10-04 09:46:27', '2019-10-04 09:46:27'),
	(45, 20, 'AddListActionsAction', 'Action to manage Actions assigned to a list', 'Manage Actions', 'primary', NULL, NULL, 'far', NULL, NULL, NULL, NULL, NULL, '2019-10-04 09:46:27', '2019-10-04 09:46:27'),
	(46, 2, 'CreateGroupAction', 'Action to create a new group', 'New Group', 'outline-info', 'New Group', NULL, 'far', NULL, NULL, NULL, NULL, NULL, '2019-10-04 09:46:27', '2019-10-04 09:46:27'),
	(47, 2, 'ListGroupsAction', 'Action to lists all groups', 'Groups', 'outline-info', 'Groups', NULL, 'far', NULL, NULL, NULL, NULL, NULL, '2019-10-04 09:46:27', '2019-10-04 09:46:27'),
	(48, 3, 'CreateRoleAction', 'Action to create a new role', 'New Role', 'outline-info', 'New Role', NULL, 'far', NULL, NULL, NULL, NULL, NULL, '2019-10-04 09:46:27', '2019-10-04 09:46:27'),
	(49, 3, 'ListRolesAction', 'Action to list all roles', 'Roles', 'outline-info', 'Roles', NULL, 'far', NULL, NULL, NULL, NULL, NULL, '2019-10-04 09:46:27', '2019-10-04 09:46:27'),
	(50, 2, 'ManageRolesAction', 'Action to manage roles for a group', 'Add/Remove Roles', 'primary', NULL, NULL, 'far', NULL, NULL, NULL, NULL, NULL, '2019-10-04 09:46:27', '2019-10-04 09:46:27'),
	(51, 3, 'ManageGroupAction', 'Action to manage groups of a role', 'Add/Remove Groups', 'primary', NULL, NULL, 'far', NULL, NULL, NULL, NULL, NULL, '2019-10-04 09:46:27', '2019-10-04 09:46:27'),
	(52, 3, 'AddRoleResource', 'Action to add a resource', 'Add Resource', 'primary', NULL, NULL, 'far', NULL, NULL, NULL, NULL, NULL, '2019-10-04 09:46:27', '2019-10-04 09:46:27'),
	(53, 3, 'ListRoleResources', 'Action to list all resources of a role', 'List Resources', 'primary', NULL, NULL, 'far', NULL, NULL, NULL, NULL, NULL, '2019-10-04 09:46:28', '2019-10-04 09:46:28'),
	(332101, 305105, 'NewSettings', 'Create new setting', NULL, 'outline-info', 'New', NULL, 'far', NULL, NULL, NULL, NULL, NULL, '2019-10-04 09:47:08', '2019-10-04 09:47:08'),
	(332102, 305105, 'ListSettings', 'List all settings', NULL, 'outline-info', 'List All', NULL, 'far', NULL, NULL, NULL, NULL, NULL, '2019-10-04 09:47:08', '2019-10-04 09:47:08'),
	(332103, 305105, 'ViewSettingsDetails', 'Data view of a settings', 'Details', 'primary', NULL, NULL, 'far', NULL, NULL, NULL, NULL, NULL, '2019-10-04 09:47:08', '2019-10-04 09:47:08'),
	(332104, 305105, 'UpdateSettings', 'Edit settings details', 'Edit', 'primary', NULL, NULL, 'far', NULL, NULL, NULL, NULL, NULL, '2019-10-04 09:47:08', '2019-10-04 09:47:08'),
	(332105, 305101, 'UsersList', 'List all available users', NULL, 'outline-info', 'List All', NULL, 'far', NULL, NULL, NULL, NULL, NULL, '2019-10-04 09:47:08', '2019-10-04 09:47:08'),
	(332106, 305101, 'UserSettingsListAction', 'List all settings of a user', 'View Settings', 'primary', NULL, NULL, 'far', NULL, NULL, NULL, NULL, NULL, '2019-10-04 09:47:08', '2019-10-04 09:47:08'),
	(332107, 305101, 'ListSalesExecutiveAction', 'Action to list all sales executive', NULL, 'outline-info', 'Sales Executives', NULL, 'far', NULL, NULL, NULL, NULL, NULL, '2019-10-04 09:47:08', '2019-10-04 09:47:08'),
	(332108, 305117, 'AddNewUserSettingAction', 'Action to call form to add user setting', NULL, 'outline-info', 'New User Setting', NULL, 'far', NULL, NULL, NULL, NULL, NULL, '2019-10-04 09:47:08', '2019-10-04 09:47:08'),
	(332109, 305101, 'AddSettingsForSelectedUser', 'Action to call a form to add a setting for the selected user', 'Add Setting', 'primary', NULL, NULL, 'far', NULL, NULL, NULL, NULL, NULL, '2019-10-04 09:47:08', '2019-10-04 09:47:08'),
	(332110, 305105, 'SettingsUsersListAction', 'List all users having this setting', 'View Users', 'primary', NULL, NULL, 'far', NULL, NULL, NULL, NULL, NULL, '2019-10-04 09:47:08', '2019-10-04 09:47:08'),
	(332111, 305105, 'AddUserForSelectedSetting', 'Action to call a form to add a user for the selected setting', 'Add User', 'primary', NULL, NULL, 'far', NULL, NULL, NULL, NULL, NULL, '2019-10-04 09:47:08', '2019-10-04 09:47:08'),
	(332112, 305117, 'ListAllUserSettingsAction', 'Action to list all user settings', NULL, 'outline-info', 'List All', NULL, 'far', NULL, NULL, NULL, NULL, NULL, '2019-10-04 09:47:08', '2019-10-04 09:47:08'),
	(332113, 305117, 'ChangeUserSettingStatusAction', 'Action to call the form to change user setting status', 'Change Status', 'primary', NULL, NULL, 'far', NULL, NULL, NULL, NULL, NULL, '2019-10-04 09:47:08', '2019-10-04 09:47:08'),
	(332114, 305117, 'ViewUserSettingsDetails', 'Action to call resource data of user settings', 'View Details', 'primary', NULL, NULL, 'far', NULL, NULL, NULL, NULL, NULL, '2019-10-04 09:47:08', '2019-10-04 09:47:08'),
	(332115, 305118, 'AddUserStoreAreaRecordAction', 'Action to call form to add user store area', NULL, 'outline-info', 'New', NULL, 'far', NULL, NULL, NULL, NULL, NULL, '2019-10-04 09:47:08', '2019-10-04 09:47:08'),
	(332116, 305118, 'ListUserStoreAreaRecordAction', 'Action to list all user store area', NULL, 'outline-info', 'List All', NULL, 'far', NULL, NULL, NULL, NULL, NULL, '2019-10-04 09:47:08', '2019-10-04 09:47:08'),
	(332117, 305118, 'ViewUserStoreAreaAction', 'Action to view user store and area', 'View Details', 'primary', NULL, NULL, 'far', NULL, NULL, NULL, NULL, NULL, '2019-10-04 09:47:08', '2019-10-04 09:47:08'),
	(332118, 305118, 'EditUserStoreAreaAction', 'Action to call a form to update user store area', 'Edit', 'primary', NULL, NULL, 'far', NULL, NULL, NULL, NULL, NULL, '2019-10-04 09:47:09', '2019-10-04 09:47:09'),
	(332119, 305115, 'ListAreaAction', 'Action to list all areas', NULL, 'outline-info', 'List All', NULL, 'far', NULL, NULL, NULL, NULL, NULL, '2019-10-04 09:47:09', '2019-10-04 09:47:09'),
	(332120, 305114, 'ListStoreAction', 'Action to list all stores', NULL, 'outline-info', 'List All', NULL, 'far', NULL, NULL, NULL, NULL, NULL, '2019-10-04 09:47:09', '2019-10-04 09:47:09'),
	(332121, 305101, 'ListStoreAreaOfUserAction', 'Action to list all store and area of the selected user', 'View Store and Area', 'primary', NULL, NULL, 'far', NULL, NULL, NULL, NULL, NULL, '2019-10-04 09:47:09', '2019-10-04 09:47:09'),
	(332122, 305101, 'AddStoreAreaForUser', 'Action to call the form to add store area for a user', 'Add Store and Area', 'primary', NULL, NULL, 'far', NULL, NULL, NULL, NULL, NULL, '2019-10-04 09:47:09', '2019-10-04 09:47:09'),
	(332123, 305115, 'ListStoreAndUserOfArea', 'Action to list all Store and User assigned to selected area', 'View Store and User', 'primary', NULL, NULL, 'far', NULL, NULL, NULL, NULL, NULL, '2019-10-04 09:47:09', '2019-10-04 09:47:09'),
	(332124, 305115, 'AssignStoreAndUserForArea', 'Action to call the form to assign store and user for an area', 'Assign Store and Executive', 'primary', NULL, NULL, 'far', NULL, NULL, NULL, NULL, NULL, '2019-10-04 09:47:09', '2019-10-04 09:47:09'),
	(332125, 305114, 'ListUsersAssigned', 'Action to list all users assigned to a store', 'Manage Executives Assigned', 'primary', NULL, NULL, 'far', NULL, NULL, NULL, NULL, NULL, '2019-10-04 09:47:09', '2019-10-04 09:47:09'),
	(332126, 305110, 'AddProductImages', 'Action to add images to a product', NULL, 'primary', 'Add New', NULL, 'far', NULL, NULL, NULL, NULL, NULL, '2019-10-04 09:47:09', '2019-10-04 09:47:09'),
	(332127, 305110, 'EditProductImages', 'Action to edit images to a product', 'Edit Details', 'primary', NULL, NULL, 'far', NULL, NULL, NULL, NULL, NULL, '2019-10-04 09:47:09', '2019-10-04 09:47:09'),
	(332128, 305110, 'ListProductImages', 'List all entries of product images', NULL, 'outline-info', 'List All', NULL, 'far', NULL, NULL, NULL, NULL, NULL, '2019-10-04 09:47:09', '2019-10-04 09:47:09'),
	(332129, 305110, 'ViewProductImage', 'View details of a product image entry', 'Details', 'primary', NULL, NULL, 'far', NULL, NULL, NULL, NULL, NULL, '2019-10-04 09:47:09', '2019-10-04 09:47:09'),
	(332130, 305127, 'ListReserves', 'List all reserve entries', NULL, 'outline-info', 'List All', NULL, 'far', NULL, NULL, NULL, NULL, NULL, '2019-10-04 09:47:09', '2019-10-04 09:47:09'),
	(332131, 305127, 'AddReserveEntry', 'Add new reserve details', NULL, 'outline-info', 'Add New', NULL, 'far', NULL, NULL, NULL, NULL, NULL, '2019-10-04 09:47:09', '2019-10-04 09:47:09'),
	(332132, 305127, 'ViewFnReserve', 'View details of reserve', 'Details', 'primary', NULL, NULL, 'far', NULL, NULL, NULL, NULL, NULL, '2019-10-04 09:47:09', '2019-10-04 09:47:09'),
	(332133, 305127, 'UpdateReserveAction', 'Update reserve details', 'Update', 'primary', NULL, NULL, 'far', NULL, NULL, NULL, NULL, NULL, '2019-10-04 09:47:09', '2019-10-04 09:47:09'),
	(332134, 305127, 'ListUncompletedReserves', 'List all uncompleted reserves', NULL, 'outline-info', 'Uncompleted', NULL, 'far', NULL, NULL, NULL, NULL, NULL, '2019-10-04 09:47:09', '2019-10-04 09:47:09');
/*!40000 ALTER TABLE `__resource_actions` ENABLE KEYS */;

-- Dumping structure for table appframe.__resource_action_attrs
DROP TABLE IF EXISTS `__resource_action_attrs`;
CREATE TABLE IF NOT EXISTS `__resource_action_attrs` (
  `id` int(10) unsigned NOT NULL AUTO_INCREMENT,
  `resource_action` int(10) unsigned NOT NULL,
  `name` varchar(64) COLLATE utf8mb4_unicode_ci DEFAULT NULL,
  `value` varchar(128) COLLATE utf8mb4_unicode_ci DEFAULT NULL,
  `created_by` bigint(20) unsigned DEFAULT NULL,
  `updated_by` bigint(20) unsigned DEFAULT NULL,
  `created_at` timestamp NULL DEFAULT NULL,
  `updated_at` timestamp NULL DEFAULT NULL,
  PRIMARY KEY (`id`),
  KEY `__resource_action_attrs_resource_action_index` (`resource_action`),
  KEY `__resource_action_attrs_created_by_index` (`created_by`),
  KEY `__resource_action_attrs_updated_by_index` (`updated_by`),
  CONSTRAINT `__resource_action_attrs_created_by_foreign` FOREIGN KEY (`created_by`) REFERENCES `users` (`id`) ON DELETE SET NULL ON UPDATE CASCADE,
  CONSTRAINT `__resource_action_attrs_resource_action_foreign` FOREIGN KEY (`resource_action`) REFERENCES `__resource_actions` (`id`) ON DELETE CASCADE ON UPDATE CASCADE,
  CONSTRAINT `__resource_action_attrs_updated_by_foreign` FOREIGN KEY (`updated_by`) REFERENCES `users` (`id`) ON DELETE SET NULL ON UPDATE CASCADE
) ENGINE=InnoDB AUTO_INCREMENT=334101 DEFAULT CHARSET=utf8mb4 COLLATE=utf8mb4_unicode_ci;

-- Dumping data for table appframe.__resource_action_attrs: ~0 rows (approximately)
DELETE FROM `__resource_action_attrs`;
/*!40000 ALTER TABLE `__resource_action_attrs` DISABLE KEYS */;
/*!40000 ALTER TABLE `__resource_action_attrs` ENABLE KEYS */;

-- Dumping structure for table appframe.__resource_action_data
DROP TABLE IF EXISTS `__resource_action_data`;
CREATE TABLE IF NOT EXISTS `__resource_action_data` (
  `id` int(10) unsigned NOT NULL AUTO_INCREMENT,
  `resource_action` int(10) unsigned NOT NULL,
  `resource_data` int(10) unsigned NOT NULL,
  `created_by` bigint(20) unsigned DEFAULT NULL,
  `updated_by` bigint(20) unsigned DEFAULT NULL,
  `created_at` timestamp NULL DEFAULT NULL,
  `updated_at` timestamp NULL DEFAULT NULL,
  PRIMARY KEY (`id`),
  KEY `__resource_action_data_resource_action_index` (`resource_action`),
  KEY `__resource_action_data_resource_data_index` (`resource_data`),
  KEY `__resource_action_data_created_by_index` (`created_by`),
  KEY `__resource_action_data_updated_by_index` (`updated_by`),
  CONSTRAINT `__resource_action_data_created_by_foreign` FOREIGN KEY (`created_by`) REFERENCES `users` (`id`) ON DELETE SET NULL ON UPDATE CASCADE,
  CONSTRAINT `__resource_action_data_resource_action_foreign` FOREIGN KEY (`resource_action`) REFERENCES `__resource_actions` (`id`) ON DELETE CASCADE ON UPDATE CASCADE,
  CONSTRAINT `__resource_action_data_resource_data_foreign` FOREIGN KEY (`resource_data`) REFERENCES `__resource_data` (`id`) ON DELETE CASCADE ON UPDATE CASCADE,
  CONSTRAINT `__resource_action_data_updated_by_foreign` FOREIGN KEY (`updated_by`) REFERENCES `users` (`id`) ON DELETE SET NULL ON UPDATE CASCADE
) ENGINE=InnoDB AUTO_INCREMENT=336106 DEFAULT CHARSET=utf8mb4 COLLATE=utf8mb4_unicode_ci;

-- Dumping data for table appframe.__resource_action_data: ~5 rows (approximately)
DELETE FROM `__resource_action_data`;
/*!40000 ALTER TABLE `__resource_action_data` DISABLE KEYS */;
INSERT INTO `__resource_action_data` (`id`, `resource_action`, `resource_data`, `created_by`, `updated_by`, `created_at`, `updated_at`) VALUES
	(336101, 332104, 327101, NULL, NULL, '2019-10-04 09:47:11', '2019-10-04 09:47:11'),
	(336102, 332113, 327102, NULL, NULL, '2019-10-04 09:47:11', '2019-10-04 09:47:11'),
	(336103, 332118, 327103, NULL, NULL, '2019-10-04 09:47:11', '2019-10-04 09:47:11'),
	(336104, 332133, 327105, NULL, NULL, '2019-10-04 09:47:11', '2019-10-04 09:47:11'),
	(336105, 332133, 327105, NULL, NULL, '2019-10-04 09:47:11', '2019-10-04 09:47:11');
/*!40000 ALTER TABLE `__resource_action_data` ENABLE KEYS */;

-- Dumping structure for table appframe.__resource_action_lists
DROP TABLE IF EXISTS `__resource_action_lists`;
CREATE TABLE IF NOT EXISTS `__resource_action_lists` (
  `id` int(10) unsigned NOT NULL AUTO_INCREMENT,
  `resource_action` int(10) unsigned NOT NULL,
  `resource_list` int(10) unsigned NOT NULL,
  `created_by` bigint(20) unsigned DEFAULT NULL,
  `updated_by` bigint(20) unsigned DEFAULT NULL,
  `created_at` timestamp NULL DEFAULT NULL,
  `updated_at` timestamp NULL DEFAULT NULL,
  PRIMARY KEY (`id`),
  KEY `__resource_action_lists_resource_action_index` (`resource_action`),
  KEY `__resource_action_lists_resource_list_index` (`resource_list`),
  KEY `__resource_action_lists_created_by_index` (`created_by`),
  KEY `__resource_action_lists_updated_by_index` (`updated_by`),
  CONSTRAINT `__resource_action_lists_created_by_foreign` FOREIGN KEY (`created_by`) REFERENCES `users` (`id`) ON DELETE SET NULL ON UPDATE CASCADE,
  CONSTRAINT `__resource_action_lists_resource_action_foreign` FOREIGN KEY (`resource_action`) REFERENCES `__resource_actions` (`id`) ON DELETE CASCADE ON UPDATE CASCADE,
  CONSTRAINT `__resource_action_lists_resource_list_foreign` FOREIGN KEY (`resource_list`) REFERENCES `__resource_lists` (`id`) ON DELETE CASCADE ON UPDATE CASCADE,
  CONSTRAINT `__resource_action_lists_updated_by_foreign` FOREIGN KEY (`updated_by`) REFERENCES `users` (`id`) ON DELETE SET NULL ON UPDATE CASCADE
) ENGINE=InnoDB AUTO_INCREMENT=335122 DEFAULT CHARSET=utf8mb4 COLLATE=utf8mb4_unicode_ci;

-- Dumping data for table appframe.__resource_action_lists: ~57 rows (approximately)
DELETE FROM `__resource_action_lists`;
/*!40000 ALTER TABLE `__resource_action_lists` DISABLE KEYS */;
INSERT INTO `__resource_action_lists` (`id`, `resource_action`, `resource_list`, `created_by`, `updated_by`, `created_at`, `updated_at`) VALUES
	(1, 6, 1, NULL, NULL, '2019-10-04 09:46:30', '2019-10-04 09:46:30'),
	(2, 7, 1, NULL, NULL, '2019-10-04 09:46:30', '2019-10-04 09:46:30'),
	(3, 6, 2, NULL, NULL, '2019-10-04 09:46:30', '2019-10-04 09:46:30'),
	(4, 7, 2, NULL, NULL, '2019-10-04 09:46:30', '2019-10-04 09:46:30'),
	(5, 11, 3, NULL, NULL, '2019-10-04 09:46:30', '2019-10-04 09:46:30'),
	(6, 15, 3, NULL, NULL, '2019-10-04 09:46:30', '2019-10-04 09:46:30'),
	(7, 18, 3, NULL, NULL, '2019-10-04 09:46:30', '2019-10-04 09:46:30'),
	(8, 21, 3, NULL, NULL, '2019-10-04 09:46:30', '2019-10-04 09:46:30'),
	(9, 22, 3, NULL, NULL, '2019-10-04 09:46:30', '2019-10-04 09:46:30'),
	(10, 23, 3, NULL, NULL, '2019-10-04 09:46:30', '2019-10-04 09:46:30'),
	(11, 24, 3, NULL, NULL, '2019-10-04 09:46:30', '2019-10-04 09:46:30'),
	(12, 25, 3, NULL, NULL, '2019-10-04 09:46:30', '2019-10-04 09:46:30'),
	(13, 26, 5, NULL, NULL, '2019-10-04 09:46:30', '2019-10-04 09:46:30'),
	(14, 27, 5, NULL, NULL, '2019-10-04 09:46:30', '2019-10-04 09:46:30'),
	(15, 28, 5, NULL, NULL, '2019-10-04 09:46:30', '2019-10-04 09:46:30'),
	(16, 29, 6, NULL, NULL, '2019-10-04 09:46:30', '2019-10-04 09:46:30'),
	(17, 30, 6, NULL, NULL, '2019-10-04 09:46:30', '2019-10-04 09:46:30'),
	(18, 31, 6, NULL, NULL, '2019-10-04 09:46:30', '2019-10-04 09:46:30'),
	(19, 32, 6, NULL, NULL, '2019-10-04 09:46:30', '2019-10-04 09:46:30'),
	(20, 33, 7, NULL, NULL, '2019-10-04 09:46:30', '2019-10-04 09:46:30'),
	(21, 34, 7, NULL, NULL, '2019-10-04 09:46:30', '2019-10-04 09:46:30'),
	(22, 35, 7, NULL, NULL, '2019-10-04 09:46:30', '2019-10-04 09:46:30'),
	(23, 36, 7, NULL, NULL, '2019-10-04 09:46:30', '2019-10-04 09:46:30'),
	(24, 37, 4, NULL, NULL, '2019-10-04 09:46:30', '2019-10-04 09:46:30'),
	(25, 38, 4, NULL, NULL, '2019-10-04 09:46:30', '2019-10-04 09:46:30'),
	(26, 39, 4, NULL, NULL, '2019-10-04 09:46:30', '2019-10-04 09:46:30'),
	(27, 40, 8, NULL, NULL, '2019-10-04 09:46:30', '2019-10-04 09:46:30'),
	(28, 41, 8, NULL, NULL, '2019-10-04 09:46:31', '2019-10-04 09:46:31'),
	(29, 42, 8, NULL, NULL, '2019-10-04 09:46:31', '2019-10-04 09:46:31'),
	(30, 43, 8, NULL, NULL, '2019-10-04 09:46:31', '2019-10-04 09:46:31'),
	(31, 44, 8, NULL, NULL, '2019-10-04 09:46:31', '2019-10-04 09:46:31'),
	(32, 45, 6, NULL, NULL, '2019-10-04 09:46:31', '2019-10-04 09:46:31'),
	(33, 50, 24, NULL, NULL, '2019-10-04 09:46:31', '2019-10-04 09:46:31'),
	(34, 51, 25, NULL, NULL, '2019-10-04 09:46:31', '2019-10-04 09:46:31'),
	(35, 52, 25, NULL, NULL, '2019-10-04 09:46:31', '2019-10-04 09:46:31'),
	(36, 53, 25, NULL, NULL, '2019-10-04 09:46:31', '2019-10-04 09:46:31'),
	(335101, 332103, 322101, NULL, NULL, '2019-10-04 09:47:10', '2019-10-04 09:47:10'),
	(335102, 332104, 322101, NULL, NULL, '2019-10-04 09:47:10', '2019-10-04 09:47:10'),
	(335103, 332106, 322104, NULL, NULL, '2019-10-04 09:47:10', '2019-10-04 09:47:10'),
	(335104, 332109, 322104, NULL, NULL, '2019-10-04 09:47:10', '2019-10-04 09:47:10'),
	(335105, 332110, 322101, NULL, NULL, '2019-10-04 09:47:10', '2019-10-04 09:47:10'),
	(335106, 332111, 322101, NULL, NULL, '2019-10-04 09:47:10', '2019-10-04 09:47:10'),
	(335107, 332114, 322103, NULL, NULL, '2019-10-04 09:47:10', '2019-10-04 09:47:10'),
	(335108, 332113, 322103, NULL, NULL, '2019-10-04 09:47:10', '2019-10-04 09:47:10'),
	(335109, 332117, 322105, NULL, NULL, '2019-10-04 09:47:10', '2019-10-04 09:47:10'),
	(335110, 332118, 322105, NULL, NULL, '2019-10-04 09:47:10', '2019-10-04 09:47:10'),
	(335111, 332121, 322104, NULL, NULL, '2019-10-04 09:47:10', '2019-10-04 09:47:10'),
	(335112, 332122, 322104, NULL, NULL, '2019-10-04 09:47:10', '2019-10-04 09:47:10'),
	(335113, 332123, 322106, NULL, NULL, '2019-10-04 09:47:10', '2019-10-04 09:47:10'),
	(335114, 332124, 322106, NULL, NULL, '2019-10-04 09:47:11', '2019-10-04 09:47:11'),
	(335115, 332125, 322107, NULL, NULL, '2019-10-04 09:47:11', '2019-10-04 09:47:11'),
	(335116, 332127, 322108, NULL, NULL, '2019-10-04 09:47:11', '2019-10-04 09:47:11'),
	(335117, 332129, 322108, NULL, NULL, '2019-10-04 09:47:11', '2019-10-04 09:47:11'),
	(335118, 332132, 322110, NULL, NULL, '2019-10-04 09:47:11', '2019-10-04 09:47:11'),
	(335119, 332133, 322110, NULL, NULL, '2019-10-04 09:47:11', '2019-10-04 09:47:11'),
	(335120, 332132, 322111, NULL, NULL, '2019-10-04 09:47:11', '2019-10-04 09:47:11'),
	(335121, 332133, 322111, NULL, NULL, '2019-10-04 09:47:11', '2019-10-04 09:47:11');
/*!40000 ALTER TABLE `__resource_action_lists` ENABLE KEYS */;

-- Dumping structure for table appframe.__resource_action_methods
DROP TABLE IF EXISTS `__resource_action_methods`;
CREATE TABLE IF NOT EXISTS `__resource_action_methods` (
  `id` int(10) unsigned NOT NULL AUTO_INCREMENT,
  `resource_action` int(10) unsigned NOT NULL,
  `type` enum('Method','Dashboard','Form','List','Data','FormWithData','ListRelation','AddRelation','ManageRelation') COLLATE utf8mb4_unicode_ci NOT NULL DEFAULT 'Method',
  `method` varchar(128) COLLATE utf8mb4_unicode_ci DEFAULT NULL,
  `idn1` varchar(64) COLLATE utf8mb4_unicode_ci DEFAULT NULL,
  `idn2` varchar(64) COLLATE utf8mb4_unicode_ci DEFAULT NULL,
  `idn3` varchar(64) COLLATE utf8mb4_unicode_ci DEFAULT NULL,
  `idn4` varchar(64) COLLATE utf8mb4_unicode_ci DEFAULT NULL,
  `idn5` varchar(64) COLLATE utf8mb4_unicode_ci DEFAULT NULL,
  `created_by` bigint(20) unsigned DEFAULT NULL,
  `updated_by` bigint(20) unsigned DEFAULT NULL,
  `created_at` timestamp NULL DEFAULT NULL,
  `updated_at` timestamp NULL DEFAULT NULL,
  PRIMARY KEY (`id`),
  KEY `__resource_action_methods_resource_action_index` (`resource_action`),
  KEY `__resource_action_methods_created_by_index` (`created_by`),
  KEY `__resource_action_methods_updated_by_index` (`updated_by`),
  CONSTRAINT `__resource_action_methods_created_by_foreign` FOREIGN KEY (`created_by`) REFERENCES `users` (`id`) ON DELETE SET NULL ON UPDATE CASCADE,
  CONSTRAINT `__resource_action_methods_resource_action_foreign` FOREIGN KEY (`resource_action`) REFERENCES `__resource_actions` (`id`) ON DELETE CASCADE ON UPDATE CASCADE,
  CONSTRAINT `__resource_action_methods_updated_by_foreign` FOREIGN KEY (`updated_by`) REFERENCES `users` (`id`) ON DELETE SET NULL ON UPDATE CASCADE
) ENGINE=InnoDB AUTO_INCREMENT=333135 DEFAULT CHARSET=utf8mb4 COLLATE=utf8mb4_unicode_ci;

-- Dumping data for table appframe.__resource_action_methods: ~87 rows (approximately)
DELETE FROM `__resource_action_methods`;
/*!40000 ALTER TABLE `__resource_action_methods` DISABLE KEYS */;
INSERT INTO `__resource_action_methods` (`id`, `resource_action`, `type`, `method`, `idn1`, `idn2`, `idn3`, `idn4`, `idn5`, `created_by`, `updated_by`, `created_at`, `updated_at`) VALUES
	(1, 1, 'Form', NULL, '1', NULL, NULL, NULL, NULL, NULL, NULL, '2019-10-04 09:46:28', '2019-10-04 09:46:28'),
	(2, 2, 'Form', NULL, '2', NULL, NULL, NULL, NULL, NULL, NULL, '2019-10-04 09:46:28', '2019-10-04 09:46:28'),
	(3, 3, 'Form', NULL, '3', NULL, NULL, NULL, NULL, NULL, NULL, '2019-10-04 09:46:28', '2019-10-04 09:46:28'),
	(4, 4, 'List', NULL, '1', NULL, NULL, NULL, NULL, NULL, NULL, '2019-10-04 09:46:28', '2019-10-04 09:46:28'),
	(5, 5, 'List', NULL, '2', NULL, NULL, NULL, NULL, NULL, NULL, '2019-10-04 09:46:28', '2019-10-04 09:46:28'),
	(6, 6, 'FormWithData', NULL, '4', '1', NULL, NULL, NULL, NULL, NULL, '2019-10-04 09:46:28', '2019-10-04 09:46:28'),
	(7, 7, 'FormWithData', NULL, '5', '1', NULL, NULL, NULL, NULL, NULL, '2019-10-04 09:46:28', '2019-10-04 09:46:28'),
	(8, 8, 'Form', NULL, '6', NULL, NULL, NULL, NULL, NULL, NULL, '2019-10-04 09:46:28', '2019-10-04 09:46:28'),
	(9, 9, 'List', NULL, '3', NULL, NULL, NULL, NULL, NULL, NULL, '2019-10-04 09:46:28', '2019-10-04 09:46:28'),
	(10, 10, 'Form', NULL, '7', NULL, NULL, NULL, NULL, NULL, NULL, '2019-10-04 09:46:28', '2019-10-04 09:46:28'),
	(11, 11, 'AddRelation', NULL, '7', '8', NULL, NULL, NULL, NULL, NULL, '2019-10-04 09:46:28', '2019-10-04 09:46:28'),
	(12, 12, 'List', NULL, '4', NULL, NULL, NULL, NULL, NULL, NULL, '2019-10-04 09:46:28', '2019-10-04 09:46:28'),
	(13, 13, 'Form', NULL, '9', NULL, NULL, NULL, NULL, NULL, NULL, '2019-10-04 09:46:28', '2019-10-04 09:46:28'),
	(14, 14, 'List', NULL, '5', NULL, NULL, NULL, NULL, NULL, NULL, '2019-10-04 09:46:28', '2019-10-04 09:46:28'),
	(15, 15, 'AddRelation', NULL, '14', '10', NULL, NULL, NULL, NULL, NULL, '2019-10-04 09:46:28', '2019-10-04 09:46:28'),
	(16, 16, 'Form', NULL, '12', NULL, NULL, NULL, NULL, NULL, NULL, '2019-10-04 09:46:28', '2019-10-04 09:46:28'),
	(17, 17, 'List', NULL, '6', NULL, NULL, NULL, NULL, NULL, NULL, '2019-10-04 09:46:28', '2019-10-04 09:46:28'),
	(18, 18, 'AddRelation', NULL, '54', '13', NULL, NULL, NULL, NULL, NULL, '2019-10-04 09:46:28', '2019-10-04 09:46:28'),
	(19, 19, 'Form', NULL, '14', NULL, NULL, NULL, NULL, NULL, NULL, '2019-10-04 09:46:28', '2019-10-04 09:46:28'),
	(20, 20, 'List', NULL, '7', NULL, NULL, NULL, NULL, NULL, NULL, '2019-10-04 09:46:28', '2019-10-04 09:46:28'),
	(21, 21, 'AddRelation', NULL, '55', '15', NULL, NULL, NULL, NULL, NULL, '2019-10-04 09:46:29', '2019-10-04 09:46:29'),
	(22, 22, 'ListRelation', NULL, '14', '5', NULL, NULL, NULL, NULL, NULL, '2019-10-04 09:46:29', '2019-10-04 09:46:29'),
	(23, 23, 'ListRelation', NULL, '54', '6', NULL, NULL, NULL, NULL, NULL, '2019-10-04 09:46:29', '2019-10-04 09:46:29'),
	(24, 24, 'ListRelation', NULL, '55', '7', NULL, NULL, NULL, NULL, NULL, '2019-10-04 09:46:29', '2019-10-04 09:46:29'),
	(25, 25, 'ListRelation', NULL, '7', '4', NULL, NULL, NULL, NULL, NULL, '2019-10-04 09:46:29', '2019-10-04 09:46:29'),
	(26, 26, 'ListRelation', NULL, '15', '8', NULL, NULL, NULL, NULL, NULL, '2019-10-04 09:46:29', '2019-10-04 09:46:29'),
	(27, 27, 'ListRelation', NULL, '56', '9', NULL, NULL, NULL, NULL, NULL, '2019-10-04 09:46:29', '2019-10-04 09:46:29'),
	(28, 28, 'ListRelation', NULL, '38', '10', NULL, NULL, NULL, NULL, NULL, '2019-10-04 09:46:29', '2019-10-04 09:46:29'),
	(29, 29, 'ListRelation', NULL, '26', '11', NULL, NULL, NULL, NULL, NULL, '2019-10-04 09:46:29', '2019-10-04 09:46:29'),
	(30, 30, 'ListRelation', NULL, '28', '12', NULL, NULL, NULL, NULL, NULL, '2019-10-04 09:46:29', '2019-10-04 09:46:29'),
	(31, 31, 'ListRelation', NULL, '31', '13', NULL, NULL, NULL, NULL, NULL, '2019-10-04 09:46:29', '2019-10-04 09:46:29'),
	(32, 32, 'ListRelation', NULL, '43', '14', NULL, NULL, NULL, NULL, NULL, '2019-10-04 09:46:29', '2019-10-04 09:46:29'),
	(33, 33, 'ListRelation', NULL, '29', '15', NULL, NULL, NULL, NULL, NULL, '2019-10-04 09:46:29', '2019-10-04 09:46:29'),
	(34, 34, 'ListRelation', NULL, '50', '16', NULL, NULL, NULL, NULL, NULL, '2019-10-04 09:46:29', '2019-10-04 09:46:29'),
	(35, 35, 'ListRelation', NULL, '34', '17', NULL, NULL, NULL, NULL, NULL, '2019-10-04 09:46:29', '2019-10-04 09:46:29'),
	(36, 36, 'ListRelation', NULL, '52', '4', NULL, NULL, NULL, NULL, NULL, '2019-10-04 09:46:29', '2019-10-04 09:46:29'),
	(37, 37, 'ListRelation', NULL, '76', '18', NULL, NULL, NULL, NULL, NULL, '2019-10-04 09:46:29', '2019-10-04 09:46:29'),
	(38, 38, 'ListRelation', NULL, '9', '6', NULL, NULL, NULL, NULL, NULL, '2019-10-04 09:46:29', '2019-10-04 09:46:29'),
	(39, 39, 'ListRelation', NULL, '10', '7', NULL, NULL, NULL, NULL, NULL, '2019-10-04 09:46:29', '2019-10-04 09:46:29'),
	(40, 40, 'ListRelation', NULL, '16', '19', NULL, NULL, NULL, NULL, NULL, '2019-10-04 09:46:29', '2019-10-04 09:46:29'),
	(41, 41, 'ListRelation', NULL, '17', '20', NULL, NULL, NULL, NULL, NULL, '2019-10-04 09:46:29', '2019-10-04 09:46:29'),
	(42, 42, 'ListRelation', NULL, '18', '21', NULL, NULL, NULL, NULL, NULL, '2019-10-04 09:46:29', '2019-10-04 09:46:29'),
	(43, 43, 'ListRelation', NULL, '44', '22', NULL, NULL, NULL, NULL, NULL, '2019-10-04 09:46:29', '2019-10-04 09:46:29'),
	(44, 44, 'ListRelation', NULL, '49', '23', NULL, NULL, NULL, NULL, NULL, '2019-10-04 09:46:29', '2019-10-04 09:46:29'),
	(45, 45, 'ManageRelation', NULL, '51', '4', NULL, NULL, NULL, NULL, NULL, '2019-10-04 09:46:29', '2019-10-04 09:46:29'),
	(46, 46, 'Form', NULL, '16', NULL, NULL, NULL, NULL, NULL, NULL, '2019-10-04 09:46:30', '2019-10-04 09:46:30'),
	(47, 47, 'List', NULL, '24', NULL, NULL, NULL, NULL, NULL, NULL, '2019-10-04 09:46:30', '2019-10-04 09:46:30'),
	(48, 48, 'Form', NULL, '17', NULL, NULL, NULL, NULL, NULL, NULL, '2019-10-04 09:46:30', '2019-10-04 09:46:30'),
	(49, 49, 'List', NULL, '25', NULL, NULL, NULL, NULL, NULL, NULL, '2019-10-04 09:46:30', '2019-10-04 09:46:30'),
	(50, 50, 'ManageRelation', NULL, '3', '25', NULL, NULL, NULL, NULL, NULL, '2019-10-04 09:46:30', '2019-10-04 09:46:30'),
	(51, 51, 'ManageRelation', NULL, '4', '24', NULL, NULL, NULL, NULL, NULL, '2019-10-04 09:46:30', '2019-10-04 09:46:30'),
	(52, 52, 'AddRelation', NULL, '5', '18', NULL, NULL, NULL, NULL, NULL, '2019-10-04 09:46:30', '2019-10-04 09:46:30'),
	(53, 53, 'ListRelation', NULL, '5', '26', NULL, NULL, NULL, NULL, NULL, '2019-10-04 09:46:30', '2019-10-04 09:46:30'),
	(333101, 332101, 'Form', NULL, '309101', NULL, NULL, NULL, NULL, NULL, NULL, '2019-10-04 09:47:09', '2019-10-04 09:47:09'),
	(333102, 332102, 'List', NULL, '322101', NULL, NULL, NULL, NULL, NULL, NULL, '2019-10-04 09:47:09', '2019-10-04 09:47:09'),
	(333103, 332103, 'Data', NULL, '327101', NULL, NULL, NULL, NULL, NULL, NULL, '2019-10-04 09:47:09', '2019-10-04 09:47:09'),
	(333104, 332104, 'FormWithData', NULL, '309101', '327101', NULL, NULL, NULL, NULL, NULL, '2019-10-04 09:47:09', '2019-10-04 09:47:09'),
	(333105, 332105, 'List', NULL, '322102', NULL, NULL, NULL, NULL, NULL, NULL, '2019-10-04 09:47:09', '2019-10-04 09:47:09'),
	(333106, 332106, 'ListRelation', NULL, '308110', '322103', NULL, NULL, NULL, NULL, NULL, '2019-10-04 09:47:09', '2019-10-04 09:47:09'),
	(333107, 332107, 'List', NULL, '322104', NULL, NULL, NULL, NULL, NULL, NULL, '2019-10-04 09:47:09', '2019-10-04 09:47:09'),
	(333108, 332108, 'Form', NULL, '309102', NULL, NULL, NULL, NULL, NULL, NULL, '2019-10-04 09:47:09', '2019-10-04 09:47:09'),
	(333109, 332109, 'AddRelation', NULL, '308110', '309102', '310105', NULL, NULL, NULL, NULL, '2019-10-04 09:47:09', '2019-10-04 09:47:09'),
	(333110, 332110, 'ListRelation', NULL, '308107', '322103', NULL, NULL, NULL, NULL, NULL, '2019-10-04 09:47:09', '2019-10-04 09:47:09'),
	(333111, 332111, 'AddRelation', NULL, '308107', '309102', '310106', NULL, NULL, NULL, NULL, '2019-10-04 09:47:09', '2019-10-04 09:47:09'),
	(333112, 332112, 'List', NULL, '322103', NULL, NULL, NULL, NULL, NULL, NULL, '2019-10-04 09:47:09', '2019-10-04 09:47:09'),
	(333113, 332113, 'FormWithData', NULL, '309103', '327102', NULL, NULL, NULL, NULL, NULL, '2019-10-04 09:47:09', '2019-10-04 09:47:09'),
	(333114, 332114, 'Data', NULL, '327102', NULL, NULL, NULL, NULL, NULL, NULL, '2019-10-04 09:47:09', '2019-10-04 09:47:09'),
	(333115, 332115, 'Form', NULL, '309104', NULL, NULL, NULL, NULL, NULL, NULL, '2019-10-04 09:47:09', '2019-10-04 09:47:09'),
	(333116, 332116, 'List', NULL, '322105', NULL, NULL, NULL, NULL, NULL, NULL, '2019-10-04 09:47:09', '2019-10-04 09:47:09'),
	(333117, 332117, 'Data', NULL, '327103', NULL, NULL, NULL, NULL, NULL, NULL, '2019-10-04 09:47:09', '2019-10-04 09:47:09'),
	(333118, 332118, 'FormWithData', NULL, '309104', '327103', NULL, NULL, NULL, NULL, NULL, '2019-10-04 09:47:10', '2019-10-04 09:47:10'),
	(333119, 332119, 'List', NULL, '322106', NULL, NULL, NULL, NULL, NULL, NULL, '2019-10-04 09:47:10', '2019-10-04 09:47:10'),
	(333120, 332120, 'List', NULL, '322107', NULL, NULL, NULL, NULL, NULL, NULL, '2019-10-04 09:47:10', '2019-10-04 09:47:10'),
	(333121, 332121, 'ListRelation', NULL, '308112', '322105', NULL, NULL, NULL, NULL, NULL, '2019-10-04 09:47:10', '2019-10-04 09:47:10'),
	(333122, 332122, 'AddRelation', NULL, '308112', '309104', '310109', NULL, NULL, NULL, NULL, '2019-10-04 09:47:10', '2019-10-04 09:47:10'),
	(333123, 332123, 'ListRelation', NULL, '308117', '322105', NULL, NULL, NULL, NULL, NULL, '2019-10-04 09:47:10', '2019-10-04 09:47:10'),
	(333124, 332124, 'AddRelation', NULL, '308117', '309104', '310111', NULL, NULL, NULL, NULL, '2019-10-04 09:47:10', '2019-10-04 09:47:10'),
	(333125, 332125, 'ManageRelation', NULL, '308116', '322104', NULL, NULL, NULL, NULL, NULL, '2019-10-04 09:47:10', '2019-10-04 09:47:10'),
	(333126, 332126, 'Form', NULL, '309105', NULL, NULL, NULL, NULL, NULL, NULL, '2019-10-04 09:47:10', '2019-10-04 09:47:10'),
	(333127, 332127, 'FormWithData', NULL, '309105', '327104', NULL, NULL, NULL, NULL, NULL, '2019-10-04 09:47:10', '2019-10-04 09:47:10'),
	(333128, 332128, 'List', NULL, '322108', NULL, NULL, NULL, NULL, NULL, NULL, '2019-10-04 09:47:10', '2019-10-04 09:47:10'),
	(333129, 332129, 'Data', NULL, '327105', NULL, NULL, NULL, NULL, NULL, NULL, '2019-10-04 09:47:10', '2019-10-04 09:47:10'),
	(333130, 332130, 'List', NULL, '322110', NULL, NULL, NULL, NULL, NULL, NULL, '2019-10-04 09:47:10', '2019-10-04 09:47:10'),
	(333131, 332131, 'Form', NULL, '309106', NULL, NULL, NULL, NULL, NULL, NULL, '2019-10-04 09:47:10', '2019-10-04 09:47:10'),
	(333132, 332132, 'Data', NULL, '327105', NULL, NULL, NULL, NULL, NULL, NULL, '2019-10-04 09:47:10', '2019-10-04 09:47:10'),
	(333133, 332133, 'FormWithData', NULL, '309107', '327105', NULL, NULL, NULL, NULL, NULL, '2019-10-04 09:47:10', '2019-10-04 09:47:10'),
	(333134, 332134, 'List', NULL, '322111', NULL, NULL, NULL, NULL, NULL, NULL, '2019-10-04 09:47:10', '2019-10-04 09:47:10');
/*!40000 ALTER TABLE `__resource_action_methods` ENABLE KEYS */;

-- Dumping structure for table appframe.__resource_dashboard
DROP TABLE IF EXISTS `__resource_dashboard`;
CREATE TABLE IF NOT EXISTS `__resource_dashboard` (
  `id` int(10) unsigned NOT NULL AUTO_INCREMENT,
  `resource` int(10) unsigned NOT NULL,
  `name` varchar(64) COLLATE utf8mb4_unicode_ci NOT NULL,
  `description` varchar(1024) COLLATE utf8mb4_unicode_ci DEFAULT NULL,
  `title` varchar(128) COLLATE utf8mb4_unicode_ci DEFAULT NULL,
  `method` varchar(128) COLLATE utf8mb4_unicode_ci DEFAULT NULL,
  `created_by` bigint(20) unsigned DEFAULT NULL,
  `updated_by` bigint(20) unsigned DEFAULT NULL,
  `created_at` timestamp NULL DEFAULT NULL,
  `updated_at` timestamp NULL DEFAULT NULL,
  PRIMARY KEY (`id`),
  KEY `__resource_dashboard_resource_index` (`resource`),
  KEY `__resource_dashboard_name_index` (`name`),
  KEY `__resource_dashboard_created_by_index` (`created_by`),
  KEY `__resource_dashboard_updated_by_index` (`updated_by`),
  CONSTRAINT `__resource_dashboard_created_by_foreign` FOREIGN KEY (`created_by`) REFERENCES `users` (`id`) ON DELETE SET NULL ON UPDATE CASCADE,
  CONSTRAINT `__resource_dashboard_resource_foreign` FOREIGN KEY (`resource`) REFERENCES `__resources` (`id`) ON DELETE CASCADE ON UPDATE CASCADE,
  CONSTRAINT `__resource_dashboard_updated_by_foreign` FOREIGN KEY (`updated_by`) REFERENCES `users` (`id`) ON DELETE SET NULL ON UPDATE CASCADE
) ENGINE=InnoDB AUTO_INCREMENT=339101 DEFAULT CHARSET=utf8mb4 COLLATE=utf8mb4_unicode_ci;

-- Dumping data for table appframe.__resource_dashboard: ~0 rows (approximately)
DELETE FROM `__resource_dashboard`;
/*!40000 ALTER TABLE `__resource_dashboard` DISABLE KEYS */;
/*!40000 ALTER TABLE `__resource_dashboard` ENABLE KEYS */;

-- Dumping structure for table appframe.__resource_dashboard_sections
DROP TABLE IF EXISTS `__resource_dashboard_sections`;
CREATE TABLE IF NOT EXISTS `__resource_dashboard_sections` (
  `id` int(10) unsigned NOT NULL AUTO_INCREMENT,
  `resource_dashboard` int(10) unsigned NOT NULL,
  `name` varchar(64) COLLATE utf8mb4_unicode_ci NOT NULL,
  `title` varchar(128) COLLATE utf8mb4_unicode_ci DEFAULT NULL,
  `height` smallint(5) unsigned NOT NULL DEFAULT '300',
  `created_by` bigint(20) unsigned DEFAULT NULL,
  `updated_by` bigint(20) unsigned DEFAULT NULL,
  `created_at` timestamp NULL DEFAULT NULL,
  `updated_at` timestamp NULL DEFAULT NULL,
  PRIMARY KEY (`id`),
  KEY `__resource_dashboard_sections_resource_dashboard_index` (`resource_dashboard`),
  KEY `__resource_dashboard_sections_name_index` (`name`),
  KEY `__resource_dashboard_sections_created_by_index` (`created_by`),
  KEY `__resource_dashboard_sections_updated_by_index` (`updated_by`),
  CONSTRAINT `__resource_dashboard_sections_created_by_foreign` FOREIGN KEY (`created_by`) REFERENCES `users` (`id`) ON DELETE SET NULL ON UPDATE CASCADE,
  CONSTRAINT `__resource_dashboard_sections_resource_dashboard_foreign` FOREIGN KEY (`resource_dashboard`) REFERENCES `__resource_dashboard` (`id`) ON DELETE CASCADE ON UPDATE CASCADE,
  CONSTRAINT `__resource_dashboard_sections_updated_by_foreign` FOREIGN KEY (`updated_by`) REFERENCES `users` (`id`) ON DELETE SET NULL ON UPDATE CASCADE
) ENGINE=InnoDB AUTO_INCREMENT=340101 DEFAULT CHARSET=utf8mb4 COLLATE=utf8mb4_unicode_ci;

-- Dumping data for table appframe.__resource_dashboard_sections: ~0 rows (approximately)
DELETE FROM `__resource_dashboard_sections`;
/*!40000 ALTER TABLE `__resource_dashboard_sections` DISABLE KEYS */;
/*!40000 ALTER TABLE `__resource_dashboard_sections` ENABLE KEYS */;

-- Dumping structure for table appframe.__resource_dashboard_section_items
DROP TABLE IF EXISTS `__resource_dashboard_section_items`;
CREATE TABLE IF NOT EXISTS `__resource_dashboard_section_items` (
  `id` int(10) unsigned NOT NULL AUTO_INCREMENT,
  `section` int(10) unsigned NOT NULL,
  `size` tinyint(3) unsigned NOT NULL DEFAULT '12',
  `title` varchar(128) COLLATE utf8mb4_unicode_ci DEFAULT NULL,
  `item` enum('Metric','List','ListRelation') COLLATE utf8mb4_unicode_ci NOT NULL DEFAULT 'Metric',
  `item_id` varchar(64) COLLATE utf8mb4_unicode_ci DEFAULT NULL,
  `item_id2` varchar(64) COLLATE utf8mb4_unicode_ci DEFAULT NULL,
  `created_by` bigint(20) unsigned DEFAULT NULL,
  `updated_by` bigint(20) unsigned DEFAULT NULL,
  `created_at` timestamp NULL DEFAULT NULL,
  `updated_at` timestamp NULL DEFAULT NULL,
  PRIMARY KEY (`id`),
  KEY `__resource_dashboard_section_items_section_index` (`section`),
  KEY `__resource_dashboard_section_items_created_by_index` (`created_by`),
  KEY `__resource_dashboard_section_items_updated_by_index` (`updated_by`),
  CONSTRAINT `__resource_dashboard_section_items_created_by_foreign` FOREIGN KEY (`created_by`) REFERENCES `users` (`id`) ON DELETE SET NULL ON UPDATE CASCADE,
  CONSTRAINT `__resource_dashboard_section_items_section_foreign` FOREIGN KEY (`section`) REFERENCES `__resource_dashboard_sections` (`id`) ON DELETE CASCADE ON UPDATE CASCADE,
  CONSTRAINT `__resource_dashboard_section_items_updated_by_foreign` FOREIGN KEY (`updated_by`) REFERENCES `users` (`id`) ON DELETE SET NULL ON UPDATE CASCADE
) ENGINE=InnoDB AUTO_INCREMENT=341101 DEFAULT CHARSET=utf8mb4 COLLATE=utf8mb4_unicode_ci;

-- Dumping data for table appframe.__resource_dashboard_section_items: ~0 rows (approximately)
DELETE FROM `__resource_dashboard_section_items`;
/*!40000 ALTER TABLE `__resource_dashboard_section_items` DISABLE KEYS */;
/*!40000 ALTER TABLE `__resource_dashboard_section_items` ENABLE KEYS */;

-- Dumping structure for table appframe.__resource_data
DROP TABLE IF EXISTS `__resource_data`;
CREATE TABLE IF NOT EXISTS `__resource_data` (
  `id` int(10) unsigned NOT NULL AUTO_INCREMENT,
  `resource` int(10) unsigned NOT NULL,
  `name` varchar(64) COLLATE utf8mb4_unicode_ci NOT NULL,
  `description` varchar(1024) COLLATE utf8mb4_unicode_ci DEFAULT NULL,
  `title_field` varchar(128) COLLATE utf8mb4_unicode_ci DEFAULT NULL,
  `method` varchar(128) COLLATE utf8mb4_unicode_ci DEFAULT NULL,
  `created_by` bigint(20) unsigned DEFAULT NULL,
  `updated_by` bigint(20) unsigned DEFAULT NULL,
  `created_at` timestamp NULL DEFAULT NULL,
  `updated_at` timestamp NULL DEFAULT NULL,
  PRIMARY KEY (`id`),
  KEY `__resource_data_resource_index` (`resource`),
  KEY `__resource_data_name_index` (`name`),
  KEY `__resource_data_created_by_index` (`created_by`),
  KEY `__resource_data_updated_by_index` (`updated_by`),
  CONSTRAINT `__resource_data_created_by_foreign` FOREIGN KEY (`created_by`) REFERENCES `users` (`id`) ON DELETE SET NULL ON UPDATE CASCADE,
  CONSTRAINT `__resource_data_resource_foreign` FOREIGN KEY (`resource`) REFERENCES `__resources` (`id`) ON DELETE CASCADE ON UPDATE CASCADE,
  CONSTRAINT `__resource_data_updated_by_foreign` FOREIGN KEY (`updated_by`) REFERENCES `users` (`id`) ON DELETE SET NULL ON UPDATE CASCADE
) ENGINE=InnoDB AUTO_INCREMENT=327106 DEFAULT CHARSET=utf8mb4 COLLATE=utf8mb4_unicode_ci;

-- Dumping data for table appframe.__resource_data: ~6 rows (approximately)
DELETE FROM `__resource_data`;
/*!40000 ALTER TABLE `__resource_data` DISABLE KEYS */;
INSERT INTO `__resource_data` (`id`, `resource`, `name`, `description`, `title_field`, `method`, `created_by`, `updated_by`, `created_at`, `updated_at`) VALUES
	(1, 1, 'UserDetailsData', 'View details of a user', 'name', NULL, NULL, NULL, '2019-10-04 09:46:26', '2019-10-04 09:46:26'),
	(327101, 305105, 'SettingsView', 'View details of a settings', 'name', NULL, NULL, NULL, '2019-10-04 09:47:07', '2019-10-04 09:47:07'),
	(327102, 305117, 'UserSettingsView', 'View details of a user setting', 'user.name', NULL, NULL, NULL, '2019-10-04 09:47:07', '2019-10-04 09:47:07'),
	(327103, 305118, 'UserStoreAreaView', 'View details of user store area', 'user.name', NULL, NULL, NULL, '2019-10-04 09:47:07', '2019-10-04 09:47:07'),
	(327104, 305110, 'ProductImageView', 'View images of a product', 'product.name', NULL, NULL, NULL, '2019-10-04 09:47:07', '2019-10-04 09:47:07'),
	(327105, 305127, 'ReserveView', 'View reserve details', 'code', NULL, NULL, NULL, '2019-10-04 09:47:07', '2019-10-04 09:47:07');
/*!40000 ALTER TABLE `__resource_data` ENABLE KEYS */;

-- Dumping structure for table appframe.__resource_data_relations
DROP TABLE IF EXISTS `__resource_data_relations`;
CREATE TABLE IF NOT EXISTS `__resource_data_relations` (
  `id` int(10) unsigned NOT NULL AUTO_INCREMENT,
  `resource_data` int(10) unsigned NOT NULL,
  `relation` int(10) unsigned DEFAULT NULL,
  `nest_relation1` int(10) unsigned DEFAULT NULL,
  `nest_relation2` int(10) unsigned DEFAULT NULL,
  `nest_relation3` int(10) unsigned DEFAULT NULL,
  `nest_relation4` int(10) unsigned DEFAULT NULL,
  `nest_relation5` int(10) unsigned DEFAULT NULL,
  `created_by` bigint(20) unsigned DEFAULT NULL,
  `updated_by` bigint(20) unsigned DEFAULT NULL,
  `created_at` timestamp NULL DEFAULT NULL,
  `updated_at` timestamp NULL DEFAULT NULL,
  PRIMARY KEY (`id`),
  KEY `__resource_data_relations_resource_data_index` (`resource_data`),
  KEY `__resource_data_relations_relation_index` (`relation`),
  KEY `__resource_data_relations_nest_relation1_index` (`nest_relation1`),
  KEY `__resource_data_relations_nest_relation2_index` (`nest_relation2`),
  KEY `__resource_data_relations_nest_relation3_index` (`nest_relation3`),
  KEY `__resource_data_relations_nest_relation4_index` (`nest_relation4`),
  KEY `__resource_data_relations_nest_relation5_index` (`nest_relation5`),
  KEY `__resource_data_relations_created_by_index` (`created_by`),
  KEY `__resource_data_relations_updated_by_index` (`updated_by`),
  CONSTRAINT `__resource_data_relations_created_by_foreign` FOREIGN KEY (`created_by`) REFERENCES `users` (`id`) ON DELETE SET NULL ON UPDATE CASCADE,
  CONSTRAINT `__resource_data_relations_nest_relation1_foreign` FOREIGN KEY (`nest_relation1`) REFERENCES `__resource_relations` (`id`) ON DELETE SET NULL ON UPDATE CASCADE,
  CONSTRAINT `__resource_data_relations_nest_relation2_foreign` FOREIGN KEY (`nest_relation2`) REFERENCES `__resource_relations` (`id`) ON DELETE SET NULL ON UPDATE CASCADE,
  CONSTRAINT `__resource_data_relations_nest_relation3_foreign` FOREIGN KEY (`nest_relation3`) REFERENCES `__resource_relations` (`id`) ON DELETE SET NULL ON UPDATE CASCADE,
  CONSTRAINT `__resource_data_relations_nest_relation4_foreign` FOREIGN KEY (`nest_relation4`) REFERENCES `__resource_relations` (`id`) ON DELETE SET NULL ON UPDATE CASCADE,
  CONSTRAINT `__resource_data_relations_nest_relation5_foreign` FOREIGN KEY (`nest_relation5`) REFERENCES `__resource_relations` (`id`) ON DELETE SET NULL ON UPDATE CASCADE,
  CONSTRAINT `__resource_data_relations_relation_foreign` FOREIGN KEY (`relation`) REFERENCES `__resource_relations` (`id`) ON DELETE SET NULL ON UPDATE CASCADE,
  CONSTRAINT `__resource_data_relations_resource_data_foreign` FOREIGN KEY (`resource_data`) REFERENCES `__resource_data` (`id`) ON DELETE CASCADE ON UPDATE CASCADE,
  CONSTRAINT `__resource_data_relations_updated_by_foreign` FOREIGN KEY (`updated_by`) REFERENCES `users` (`id`) ON DELETE SET NULL ON UPDATE CASCADE
) ENGINE=InnoDB AUTO_INCREMENT=329109 DEFAULT CHARSET=utf8mb4 COLLATE=utf8mb4_unicode_ci;

-- Dumping data for table appframe.__resource_data_relations: ~9 rows (approximately)
DELETE FROM `__resource_data_relations`;
/*!40000 ALTER TABLE `__resource_data_relations` DISABLE KEYS */;
INSERT INTO `__resource_data_relations` (`id`, `resource_data`, `relation`, `nest_relation1`, `nest_relation2`, `nest_relation3`, `nest_relation4`, `nest_relation5`, `created_by`, `updated_by`, `created_at`, `updated_at`) VALUES
	(1, 1, 1, NULL, NULL, NULL, NULL, NULL, NULL, NULL, '2019-10-04 09:46:26', '2019-10-04 09:46:26'),
	(329101, 327102, 308111, NULL, NULL, NULL, NULL, NULL, NULL, NULL, '2019-10-04 09:47:07', '2019-10-04 09:47:07'),
	(329102, 327102, 308109, NULL, NULL, NULL, NULL, NULL, NULL, NULL, '2019-10-04 09:47:07', '2019-10-04 09:47:07'),
	(329103, 327103, 308113, NULL, NULL, NULL, NULL, NULL, NULL, NULL, '2019-10-04 09:47:07', '2019-10-04 09:47:07'),
	(329104, 327103, 308114, NULL, NULL, NULL, NULL, NULL, NULL, NULL, '2019-10-04 09:47:07', '2019-10-04 09:47:07'),
	(329105, 327103, 308115, NULL, NULL, NULL, NULL, NULL, NULL, NULL, '2019-10-04 09:47:07', '2019-10-04 09:47:07'),
	(329106, 327104, 308133, NULL, NULL, NULL, NULL, NULL, NULL, NULL, '2019-10-04 09:47:07', '2019-10-04 09:47:07'),
	(329107, 327105, 308134, NULL, NULL, NULL, NULL, NULL, NULL, NULL, '2019-10-04 09:47:07', '2019-10-04 09:47:07'),
	(329108, 327105, 308135, NULL, NULL, NULL, NULL, NULL, NULL, NULL, '2019-10-04 09:47:07', '2019-10-04 09:47:07');
/*!40000 ALTER TABLE `__resource_data_relations` ENABLE KEYS */;

-- Dumping structure for table appframe.__resource_data_scopes
DROP TABLE IF EXISTS `__resource_data_scopes`;
CREATE TABLE IF NOT EXISTS `__resource_data_scopes` (
  `id` int(10) unsigned NOT NULL AUTO_INCREMENT,
  `resource_data` int(10) unsigned NOT NULL,
  `scope` int(10) unsigned NOT NULL,
  `created_by` bigint(20) unsigned DEFAULT NULL,
  `updated_by` bigint(20) unsigned DEFAULT NULL,
  `created_at` timestamp NULL DEFAULT NULL,
  `updated_at` timestamp NULL DEFAULT NULL,
  PRIMARY KEY (`id`),
  KEY `__resource_data_scopes_resource_data_index` (`resource_data`),
  KEY `__resource_data_scopes_scope_index` (`scope`),
  KEY `__resource_data_scopes_created_by_index` (`created_by`),
  KEY `__resource_data_scopes_updated_by_index` (`updated_by`),
  CONSTRAINT `__resource_data_scopes_created_by_foreign` FOREIGN KEY (`created_by`) REFERENCES `users` (`id`) ON DELETE SET NULL ON UPDATE CASCADE,
  CONSTRAINT `__resource_data_scopes_resource_data_foreign` FOREIGN KEY (`resource_data`) REFERENCES `__resource_data` (`id`) ON DELETE CASCADE ON UPDATE CASCADE,
  CONSTRAINT `__resource_data_scopes_scope_foreign` FOREIGN KEY (`scope`) REFERENCES `__resource_scopes` (`id`) ON DELETE CASCADE ON UPDATE CASCADE,
  CONSTRAINT `__resource_data_scopes_updated_by_foreign` FOREIGN KEY (`updated_by`) REFERENCES `users` (`id`) ON DELETE SET NULL ON UPDATE CASCADE
) ENGINE=InnoDB AUTO_INCREMENT=328101 DEFAULT CHARSET=utf8mb4 COLLATE=utf8mb4_unicode_ci;

-- Dumping data for table appframe.__resource_data_scopes: ~0 rows (approximately)
DELETE FROM `__resource_data_scopes`;
/*!40000 ALTER TABLE `__resource_data_scopes` DISABLE KEYS */;
/*!40000 ALTER TABLE `__resource_data_scopes` ENABLE KEYS */;

-- Dumping structure for table appframe.__resource_data_view_sections
DROP TABLE IF EXISTS `__resource_data_view_sections`;
CREATE TABLE IF NOT EXISTS `__resource_data_view_sections` (
  `id` int(10) unsigned NOT NULL AUTO_INCREMENT,
  `resource_data` int(10) unsigned NOT NULL,
  `title` varchar(128) COLLATE utf8mb4_unicode_ci DEFAULT NULL,
  `title_field` varchar(128) COLLATE utf8mb4_unicode_ci DEFAULT NULL,
  `relation` int(10) unsigned DEFAULT NULL,
  `colspan` tinyint(3) unsigned NOT NULL DEFAULT '12',
  `created_by` bigint(20) unsigned DEFAULT NULL,
  `updated_by` bigint(20) unsigned DEFAULT NULL,
  `created_at` timestamp NULL DEFAULT NULL,
  `updated_at` timestamp NULL DEFAULT NULL,
  PRIMARY KEY (`id`),
  KEY `__resource_data_view_sections_resource_data_index` (`resource_data`),
  KEY `__resource_data_view_sections_relation_index` (`relation`),
  KEY `__resource_data_view_sections_created_by_index` (`created_by`),
  KEY `__resource_data_view_sections_updated_by_index` (`updated_by`),
  CONSTRAINT `__resource_data_view_sections_created_by_foreign` FOREIGN KEY (`created_by`) REFERENCES `users` (`id`) ON DELETE SET NULL ON UPDATE CASCADE,
  CONSTRAINT `__resource_data_view_sections_relation_foreign` FOREIGN KEY (`relation`) REFERENCES `__resource_relations` (`id`) ON DELETE SET NULL ON UPDATE CASCADE,
  CONSTRAINT `__resource_data_view_sections_resource_data_foreign` FOREIGN KEY (`resource_data`) REFERENCES `__resource_data` (`id`) ON DELETE CASCADE ON UPDATE CASCADE,
  CONSTRAINT `__resource_data_view_sections_updated_by_foreign` FOREIGN KEY (`updated_by`) REFERENCES `users` (`id`) ON DELETE SET NULL ON UPDATE CASCADE
) ENGINE=InnoDB AUTO_INCREMENT=330108 DEFAULT CHARSET=utf8mb4 COLLATE=utf8mb4_unicode_ci;

-- Dumping data for table appframe.__resource_data_view_sections: ~7 rows (approximately)
DELETE FROM `__resource_data_view_sections`;
/*!40000 ALTER TABLE `__resource_data_view_sections` DISABLE KEYS */;
INSERT INTO `__resource_data_view_sections` (`id`, `resource_data`, `title`, `title_field`, `relation`, `colspan`, `created_by`, `updated_by`, `created_at`, `updated_at`) VALUES
	(330101, 327101, 'Basic', NULL, NULL, 4, NULL, NULL, '2019-10-04 09:47:07', '2019-10-04 09:47:07'),
	(330102, 327101, 'Detail', NULL, NULL, 12, NULL, NULL, '2019-10-04 09:47:07', '2019-10-04 09:47:07'),
	(330103, 327102, 'User Settings Details', NULL, NULL, 12, NULL, NULL, '2019-10-04 09:47:07', '2019-10-04 09:47:07'),
	(330104, 327103, 'Details', NULL, NULL, 12, NULL, NULL, '2019-10-04 09:47:07', '2019-10-04 09:47:07'),
	(330105, 327104, NULL, 'product.name', NULL, 12, NULL, NULL, '2019-10-04 09:47:07', '2019-10-04 09:47:07'),
	(330106, 327105, NULL, NULL, NULL, 9, NULL, NULL, '2019-10-04 09:47:07', '2019-10-04 09:47:07'),
	(330107, 327105, 'Progress', NULL, NULL, 3, NULL, NULL, '2019-10-04 09:47:07', '2019-10-04 09:47:07');
/*!40000 ALTER TABLE `__resource_data_view_sections` ENABLE KEYS */;

-- Dumping structure for table appframe.__resource_data_view_section_items
DROP TABLE IF EXISTS `__resource_data_view_section_items`;
CREATE TABLE IF NOT EXISTS `__resource_data_view_section_items` (
  `id` int(10) unsigned NOT NULL AUTO_INCREMENT,
  `section` int(10) unsigned NOT NULL,
  `label` varchar(128) COLLATE utf8mb4_unicode_ci DEFAULT NULL,
  `attribute` varchar(64) COLLATE utf8mb4_unicode_ci DEFAULT NULL,
  `relation` int(10) unsigned DEFAULT NULL,
  `created_by` bigint(20) unsigned DEFAULT NULL,
  `updated_by` bigint(20) unsigned DEFAULT NULL,
  `created_at` timestamp NULL DEFAULT NULL,
  `updated_at` timestamp NULL DEFAULT NULL,
  PRIMARY KEY (`id`),
  KEY `__resource_data_view_section_items_section_index` (`section`),
  KEY `__resource_data_view_section_items_relation_index` (`relation`),
  KEY `__resource_data_view_section_items_created_by_index` (`created_by`),
  KEY `__resource_data_view_section_items_updated_by_index` (`updated_by`),
  CONSTRAINT `__resource_data_view_section_items_created_by_foreign` FOREIGN KEY (`created_by`) REFERENCES `users` (`id`) ON DELETE SET NULL ON UPDATE CASCADE,
  CONSTRAINT `__resource_data_view_section_items_relation_foreign` FOREIGN KEY (`relation`) REFERENCES `__resource_relations` (`id`) ON DELETE SET NULL ON UPDATE CASCADE,
  CONSTRAINT `__resource_data_view_section_items_section_foreign` FOREIGN KEY (`section`) REFERENCES `__resource_data_view_sections` (`id`) ON DELETE CASCADE ON UPDATE CASCADE,
  CONSTRAINT `__resource_data_view_section_items_updated_by_foreign` FOREIGN KEY (`updated_by`) REFERENCES `users` (`id`) ON DELETE SET NULL ON UPDATE CASCADE
) ENGINE=InnoDB AUTO_INCREMENT=331127 DEFAULT CHARSET=utf8mb4 COLLATE=utf8mb4_unicode_ci;

-- Dumping data for table appframe.__resource_data_view_section_items: ~26 rows (approximately)
DELETE FROM `__resource_data_view_section_items`;
/*!40000 ALTER TABLE `__resource_data_view_section_items` DISABLE KEYS */;
INSERT INTO `__resource_data_view_section_items` (`id`, `section`, `label`, `attribute`, `relation`, `created_by`, `updated_by`, `created_at`, `updated_at`) VALUES
	(331101, 330101, 'Name', 'name', NULL, NULL, NULL, '2019-10-04 09:47:07', '2019-10-04 09:47:07'),
	(331102, 330101, 'Default Value', 'value', NULL, NULL, NULL, '2019-10-04 09:47:07', '2019-10-04 09:47:07'),
	(331103, 330101, 'Status', 'status', NULL, NULL, NULL, '2019-10-04 09:47:07', '2019-10-04 09:47:07'),
	(331104, 330102, 'Details', 'description', NULL, NULL, NULL, '2019-10-04 09:47:07', '2019-10-04 09:47:07'),
	(331105, 330103, 'User', 'name', 308111, NULL, NULL, '2019-10-04 09:47:07', '2019-10-04 09:47:07'),
	(331106, 330103, 'Setings', 'name', 308109, NULL, NULL, '2019-10-04 09:47:07', '2019-10-04 09:47:07'),
	(331107, 330103, 'Value', 'value', NULL, NULL, NULL, '2019-10-04 09:47:07', '2019-10-04 09:47:07'),
	(331108, 330103, 'Status', 'status', NULL, NULL, NULL, '2019-10-04 09:47:08', '2019-10-04 09:47:08'),
	(331109, 330104, 'Executive', 'name', 308115, NULL, NULL, '2019-10-04 09:47:08', '2019-10-04 09:47:08'),
	(331110, 330104, 'Store', 'name', 308114, NULL, NULL, '2019-10-04 09:47:08', '2019-10-04 09:47:08'),
	(331111, 330104, 'Area', 'name', 308113, NULL, NULL, '2019-10-04 09:47:08', '2019-10-04 09:47:08'),
	(331112, 330104, 'Status', 'status', NULL, NULL, NULL, '2019-10-04 09:47:08', '2019-10-04 09:47:08'),
	(331113, 330105, 'Image 01', 'image01', NULL, NULL, NULL, '2019-10-04 09:47:08', '2019-10-04 09:47:08'),
	(331114, 330105, 'Image 02', 'image02', NULL, NULL, NULL, '2019-10-04 09:47:08', '2019-10-04 09:47:08'),
	(331115, 330105, 'Image 03', 'image03', NULL, NULL, NULL, '2019-10-04 09:47:08', '2019-10-04 09:47:08'),
	(331116, 330105, 'Image 04', 'image04', NULL, NULL, NULL, '2019-10-04 09:47:08', '2019-10-04 09:47:08'),
	(331117, 330105, 'Image 05', 'image05', NULL, NULL, NULL, '2019-10-04 09:47:08', '2019-10-04 09:47:08'),
	(331118, 330106, 'Code', 'code', NULL, NULL, NULL, '2019-10-04 09:47:08', '2019-10-04 09:47:08'),
	(331119, 330106, 'User', 'name', 308134, NULL, NULL, '2019-10-04 09:47:08', '2019-10-04 09:47:08'),
	(331120, 330106, 'Store', 'name', 308135, NULL, NULL, '2019-10-04 09:47:08', '2019-10-04 09:47:08'),
	(331121, 330106, 'Start', 'start_num', NULL, NULL, NULL, '2019-10-04 09:47:08', '2019-10-04 09:47:08'),
	(331122, 330106, 'End', 'end_num', NULL, NULL, NULL, '2019-10-04 09:47:08', '2019-10-04 09:47:08'),
	(331123, 330107, 'Quantity', 'quantity', NULL, NULL, NULL, '2019-10-04 09:47:08', '2019-10-04 09:47:08'),
	(331124, 330107, 'Current', 'current', NULL, NULL, NULL, '2019-10-04 09:47:08', '2019-10-04 09:47:08'),
	(331125, 330107, 'Progress', 'progress', NULL, NULL, NULL, '2019-10-04 09:47:08', '2019-10-04 09:47:08'),
	(331126, 330107, 'Status', 'status', NULL, NULL, NULL, '2019-10-04 09:47:08', '2019-10-04 09:47:08');
/*!40000 ALTER TABLE `__resource_data_view_section_items` ENABLE KEYS */;

-- Dumping structure for table appframe.__resource_defaults
DROP TABLE IF EXISTS `__resource_defaults`;
CREATE TABLE IF NOT EXISTS `__resource_defaults` (
  `id` int(10) unsigned NOT NULL AUTO_INCREMENT,
  `resource` int(10) unsigned NOT NULL,
  `list` int(10) unsigned DEFAULT NULL,
  `create` int(10) unsigned DEFAULT NULL,
  `read` int(10) unsigned DEFAULT NULL,
  `update` int(10) unsigned DEFAULT NULL,
  `created_by` bigint(20) unsigned DEFAULT NULL,
  `updated_by` bigint(20) unsigned DEFAULT NULL,
  `created_at` timestamp NULL DEFAULT NULL,
  `updated_at` timestamp NULL DEFAULT NULL,
  PRIMARY KEY (`id`),
  KEY `__resource_defaults_resource_index` (`resource`),
  KEY `__resource_defaults_list_index` (`list`),
  KEY `__resource_defaults_create_index` (`create`),
  KEY `__resource_defaults_read_index` (`read`),
  KEY `__resource_defaults_update_index` (`update`),
  KEY `__resource_defaults_created_by_index` (`created_by`),
  KEY `__resource_defaults_updated_by_index` (`updated_by`),
  CONSTRAINT `__resource_defaults_created_by_foreign` FOREIGN KEY (`created_by`) REFERENCES `users` (`id`) ON DELETE SET NULL ON UPDATE CASCADE,
  CONSTRAINT `__resource_defaults_create_foreign` FOREIGN KEY (`create`) REFERENCES `__resource_actions` (`id`) ON DELETE SET NULL ON UPDATE CASCADE,
  CONSTRAINT `__resource_defaults_list_foreign` FOREIGN KEY (`list`) REFERENCES `__resource_actions` (`id`) ON DELETE SET NULL ON UPDATE CASCADE,
  CONSTRAINT `__resource_defaults_read_foreign` FOREIGN KEY (`read`) REFERENCES `__resource_actions` (`id`) ON DELETE SET NULL ON UPDATE CASCADE,
  CONSTRAINT `__resource_defaults_resource_foreign` FOREIGN KEY (`resource`) REFERENCES `__resources` (`id`) ON DELETE CASCADE ON UPDATE CASCADE,
  CONSTRAINT `__resource_defaults_updated_by_foreign` FOREIGN KEY (`updated_by`) REFERENCES `users` (`id`) ON DELETE SET NULL ON UPDATE CASCADE,
  CONSTRAINT `__resource_defaults_update_foreign` FOREIGN KEY (`update`) REFERENCES `__resource_actions` (`id`) ON DELETE SET NULL ON UPDATE CASCADE
) ENGINE=InnoDB AUTO_INCREMENT=337104 DEFAULT CHARSET=utf8mb4 COLLATE=utf8mb4_unicode_ci;

-- Dumping data for table appframe.__resource_defaults: ~3 rows (approximately)
DELETE FROM `__resource_defaults`;
/*!40000 ALTER TABLE `__resource_defaults` DISABLE KEYS */;
INSERT INTO `__resource_defaults` (`id`, `resource`, `list`, `create`, `read`, `update`, `created_by`, `updated_by`, `created_at`, `updated_at`) VALUES
	(337101, 305105, 332102, 332101, 332103, 332104, NULL, NULL, '2019-10-04 09:47:11', '2019-10-04 09:47:11'),
	(337102, 305117, 332112, 332108, 332114, 332113, NULL, NULL, '2019-10-04 09:47:11', '2019-10-04 09:47:11'),
	(337103, 305118, 332116, 332115, 332117, 332118, NULL, NULL, '2019-10-04 09:47:11', '2019-10-04 09:47:11');
/*!40000 ALTER TABLE `__resource_defaults` ENABLE KEYS */;

-- Dumping structure for table appframe.__resource_forms
DROP TABLE IF EXISTS `__resource_forms`;
CREATE TABLE IF NOT EXISTS `__resource_forms` (
  `id` int(10) unsigned NOT NULL AUTO_INCREMENT,
  `resource` int(10) unsigned NOT NULL,
  `name` varchar(64) COLLATE utf8mb4_unicode_ci NOT NULL,
  `description` varchar(1024) COLLATE utf8mb4_unicode_ci DEFAULT NULL,
  `title` varchar(128) COLLATE utf8mb4_unicode_ci DEFAULT NULL,
  `action_text` varchar(64) COLLATE utf8mb4_unicode_ci NOT NULL DEFAULT 'Submit',
  `created_by` bigint(20) unsigned DEFAULT NULL,
  `updated_by` bigint(20) unsigned DEFAULT NULL,
  `created_at` timestamp NULL DEFAULT NULL,
  `updated_at` timestamp NULL DEFAULT NULL,
  PRIMARY KEY (`id`),
  KEY `__resource_forms_resource_index` (`resource`),
  KEY `__resource_forms_name_index` (`name`),
  KEY `__resource_forms_created_by_index` (`created_by`),
  KEY `__resource_forms_updated_by_index` (`updated_by`),
  CONSTRAINT `__resource_forms_created_by_foreign` FOREIGN KEY (`created_by`) REFERENCES `users` (`id`) ON DELETE SET NULL ON UPDATE CASCADE,
  CONSTRAINT `__resource_forms_resource_foreign` FOREIGN KEY (`resource`) REFERENCES `__resources` (`id`) ON DELETE CASCADE ON UPDATE CASCADE,
  CONSTRAINT `__resource_forms_updated_by_foreign` FOREIGN KEY (`updated_by`) REFERENCES `users` (`id`) ON DELETE SET NULL ON UPDATE CASCADE
) ENGINE=InnoDB AUTO_INCREMENT=309108 DEFAULT CHARSET=utf8mb4 COLLATE=utf8mb4_unicode_ci;

-- Dumping data for table appframe.__resource_forms: ~25 rows (approximately)
DELETE FROM `__resource_forms`;
/*!40000 ALTER TABLE `__resource_forms` DISABLE KEYS */;
INSERT INTO `__resource_forms` (`id`, `resource`, `name`, `description`, `title`, `action_text`, `created_by`, `updated_by`, `created_at`, `updated_at`) VALUES
	(1, 1, 'NewAdministratorForm', 'Form to create a new administrator', 'New Administrator', 'Create Administrator', NULL, NULL, '2019-10-04 09:46:11', '2019-10-04 09:46:11'),
	(2, 1, 'NewDeveloperForm', 'Form to create a new developer', 'New Developer', 'Create Developer', NULL, NULL, '2019-10-04 09:46:11', '2019-10-04 09:46:11'),
	(3, 1, 'NewUserForm', 'Form to create a new user', 'New User', 'Create User', NULL, NULL, '2019-10-04 09:46:11', '2019-10-04 09:46:11'),
	(4, 1, 'UpdateUserForm', 'Form to update a user details', 'Update User', 'Update', NULL, NULL, '2019-10-04 09:46:11', '2019-10-04 09:46:11'),
	(5, 1, 'ChangeUserPassword', 'Form to change user password', 'Change Password', 'Change', NULL, NULL, '2019-10-04 09:46:11', '2019-10-04 09:46:11'),
	(6, 4, 'NewResourceForm', 'Form to create a new resource', 'New Resource', 'Create Resource', NULL, NULL, '2019-10-04 09:46:11', '2019-10-04 09:46:11'),
	(7, 30, 'NewActionForm', 'Form to create a new Action', 'New Action', 'Create Action', NULL, NULL, '2019-10-04 09:46:11', '2019-10-04 09:46:11'),
	(8, 30, 'AddActionForm', 'Add a action to the selected resource', 'Add Action', 'Add Action', NULL, NULL, '2019-10-04 09:46:11', '2019-10-04 09:46:11'),
	(9, 8, 'NewFormForm', 'Form to create a form', 'New Resource Form', 'Create Form', NULL, NULL, '2019-10-04 09:46:11', '2019-10-04 09:46:11'),
	(10, 8, 'AddResourceForm', 'Form to be added from resource', 'New Resource Form', 'Create Form', NULL, NULL, '2019-10-04 09:46:11', '2019-10-04 09:46:11'),
	(11, 9, 'CreateFormField', 'Create a field for a form', 'Create Field', 'Create Field', NULL, NULL, '2019-10-04 09:46:11', '2019-10-04 09:46:11'),
	(12, 20, 'CreateListForm', 'form to create a new resource list', 'New List', 'Create List', NULL, NULL, '2019-10-04 09:46:11', '2019-10-04 09:46:11'),
	(13, 20, 'AddResourceList', 'Add a list to a selected resource', 'Add a list', 'Add List', NULL, NULL, '2019-10-04 09:46:11', '2019-10-04 09:46:11'),
	(14, 25, 'CreateDataForm', 'Form to create a data', 'Create Data', 'Create Data', NULL, NULL, '2019-10-04 09:46:11', '2019-10-04 09:46:11'),
	(15, 25, 'AddDataForm', 'Add a data to a selected resource', 'Add Data', 'Add Data', NULL, NULL, '2019-10-04 09:46:11', '2019-10-04 09:46:11'),
	(16, 2, 'NewGroupForm', 'Form to create a user group', 'Create Group', 'Create Group', NULL, NULL, '2019-10-04 09:46:11', '2019-10-04 09:46:11'),
	(17, 3, 'NewRoleForm', 'Form to create a new role', 'Create Role', 'Create Role', NULL, NULL, '2019-10-04 09:46:11', '2019-10-04 09:46:11'),
	(18, 5, 'AddRoleResourceForm', 'Form to add a resource to a role', 'Add Resource', 'Add Resource', NULL, NULL, '2019-10-04 09:46:11', '2019-10-04 09:46:11'),
	(309101, 305105, 'AddNewSetting', 'Add a new setting, the value mentioned will be deault to all users', 'Settings', 'Save', NULL, NULL, '2019-10-04 09:47:01', '2019-10-04 09:47:01'),
	(309102, 305117, 'AddNewUserSetting', 'Add new user setting', 'User Setting', 'Save', NULL, NULL, '2019-10-04 09:47:01', '2019-10-04 09:47:01'),
	(309103, 305117, 'ChangeUserSettingStatus', 'Form to update user settings status', 'Change Status', 'Save', NULL, NULL, '2019-10-04 09:47:01', '2019-10-04 09:47:01'),
	(309104, 305118, 'AddUserStoreAreaForm', 'Form to add user store area', 'User, Store and Area', 'Save', NULL, NULL, '2019-10-04 09:47:01', '2019-10-04 09:47:01'),
	(309105, 305110, 'AddProductImage', 'Form to add product images', 'Product Images', 'Save', NULL, NULL, '2019-10-04 09:47:01', '2019-10-04 09:47:01'),
	(309106, 305127, 'AddFNReserves', 'Form to add function reserves', 'Function Reserves', 'Save', NULL, NULL, '2019-10-04 09:47:01', '2019-10-04 09:47:01'),
	(309107, 305127, 'UpdateReserves', 'Formt o update reserves', 'Function Reserves', 'Update', NULL, NULL, '2019-10-04 09:47:01', '2019-10-04 09:47:01');
/*!40000 ALTER TABLE `__resource_forms` ENABLE KEYS */;

-- Dumping structure for table appframe.__resource_form_collection
DROP TABLE IF EXISTS `__resource_form_collection`;
CREATE TABLE IF NOT EXISTS `__resource_form_collection` (
  `id` int(10) unsigned NOT NULL AUTO_INCREMENT,
  `resource_form` int(10) unsigned NOT NULL,
  `collection_form` int(10) unsigned NOT NULL,
  `relation` int(10) unsigned DEFAULT NULL,
  `foreign_field` int(10) unsigned DEFAULT NULL,
  `created_by` bigint(20) unsigned DEFAULT NULL,
  `updated_by` bigint(20) unsigned DEFAULT NULL,
  `created_at` timestamp NULL DEFAULT NULL,
  `updated_at` timestamp NULL DEFAULT NULL,
  PRIMARY KEY (`id`),
  KEY `__resource_form_collection_resource_form_index` (`resource_form`),
  KEY `__resource_form_collection_collection_form_index` (`collection_form`),
  KEY `__resource_form_collection_relation_index` (`relation`),
  KEY `__resource_form_collection_foreign_field_index` (`foreign_field`),
  KEY `__resource_form_collection_created_by_index` (`created_by`),
  KEY `__resource_form_collection_updated_by_index` (`updated_by`),
  CONSTRAINT `__resource_form_collection_collection_form_foreign` FOREIGN KEY (`collection_form`) REFERENCES `__resource_forms` (`id`) ON DELETE CASCADE ON UPDATE CASCADE,
  CONSTRAINT `__resource_form_collection_created_by_foreign` FOREIGN KEY (`created_by`) REFERENCES `users` (`id`) ON DELETE SET NULL ON UPDATE CASCADE,
  CONSTRAINT `__resource_form_collection_foreign_field_foreign` FOREIGN KEY (`foreign_field`) REFERENCES `__resource_form_fields` (`id`) ON DELETE CASCADE ON UPDATE CASCADE,
  CONSTRAINT `__resource_form_collection_relation_foreign` FOREIGN KEY (`relation`) REFERENCES `__resource_relations` (`id`) ON DELETE SET NULL ON UPDATE CASCADE,
  CONSTRAINT `__resource_form_collection_resource_form_foreign` FOREIGN KEY (`resource_form`) REFERENCES `__resource_forms` (`id`) ON DELETE CASCADE ON UPDATE CASCADE,
  CONSTRAINT `__resource_form_collection_updated_by_foreign` FOREIGN KEY (`updated_by`) REFERENCES `users` (`id`) ON DELETE SET NULL ON UPDATE CASCADE
) ENGINE=InnoDB AUTO_INCREMENT=320101 DEFAULT CHARSET=utf8mb4 COLLATE=utf8mb4_unicode_ci;

-- Dumping data for table appframe.__resource_form_collection: ~2 rows (approximately)
DELETE FROM `__resource_form_collection`;
/*!40000 ALTER TABLE `__resource_form_collection` DISABLE KEYS */;
INSERT INTO `__resource_form_collection` (`id`, `resource_form`, `collection_form`, `relation`, `foreign_field`, `created_by`, `updated_by`, `created_at`, `updated_at`) VALUES
	(1, 10, 11, 15, 51, NULL, NULL, '2019-10-04 09:46:21', '2019-10-04 09:46:21'),
	(2, 9, 11, 15, 51, NULL, NULL, '2019-10-04 09:46:21', '2019-10-04 09:46:21');
/*!40000 ALTER TABLE `__resource_form_collection` ENABLE KEYS */;

-- Dumping structure for table appframe.__resource_form_data_map
DROP TABLE IF EXISTS `__resource_form_data_map`;
CREATE TABLE IF NOT EXISTS `__resource_form_data_map` (
  `id` int(10) unsigned NOT NULL AUTO_INCREMENT,
  `resource_form` int(10) unsigned NOT NULL,
  `resource_data` int(10) unsigned NOT NULL,
  `form_field` int(10) unsigned NOT NULL,
  `attribute` varchar(64) COLLATE utf8mb4_unicode_ci DEFAULT NULL,
  `relation` int(10) unsigned DEFAULT NULL,
  `nest_relation1` int(10) unsigned DEFAULT NULL,
  `nest_relation2` int(10) unsigned DEFAULT NULL,
  `nest_relation3` int(10) unsigned DEFAULT NULL,
  `nest_relation4` int(10) unsigned DEFAULT NULL,
  `nest_relation5` int(10) unsigned DEFAULT NULL,
  `created_by` bigint(20) unsigned DEFAULT NULL,
  `updated_by` bigint(20) unsigned DEFAULT NULL,
  `created_at` timestamp NULL DEFAULT NULL,
  `updated_at` timestamp NULL DEFAULT NULL,
  PRIMARY KEY (`id`),
  KEY `__resource_form_data_map_resource_form_index` (`resource_form`),
  KEY `__resource_form_data_map_resource_data_index` (`resource_data`),
  KEY `__resource_form_data_map_form_field_index` (`form_field`),
  KEY `__resource_form_data_map_relation_index` (`relation`),
  KEY `__resource_form_data_map_nest_relation1_index` (`nest_relation1`),
  KEY `__resource_form_data_map_nest_relation2_index` (`nest_relation2`),
  KEY `__resource_form_data_map_nest_relation3_index` (`nest_relation3`),
  KEY `__resource_form_data_map_nest_relation4_index` (`nest_relation4`),
  KEY `__resource_form_data_map_nest_relation5_index` (`nest_relation5`),
  KEY `__resource_form_data_map_created_by_index` (`created_by`),
  KEY `__resource_form_data_map_updated_by_index` (`updated_by`),
  CONSTRAINT `__resource_form_data_map_created_by_foreign` FOREIGN KEY (`created_by`) REFERENCES `users` (`id`) ON DELETE SET NULL ON UPDATE CASCADE,
  CONSTRAINT `__resource_form_data_map_form_field_foreign` FOREIGN KEY (`form_field`) REFERENCES `__resource_form_fields` (`id`) ON DELETE CASCADE ON UPDATE CASCADE,
  CONSTRAINT `__resource_form_data_map_nest_relation1_foreign` FOREIGN KEY (`nest_relation1`) REFERENCES `__resource_relations` (`id`) ON DELETE SET NULL ON UPDATE CASCADE,
  CONSTRAINT `__resource_form_data_map_nest_relation2_foreign` FOREIGN KEY (`nest_relation2`) REFERENCES `__resource_relations` (`id`) ON DELETE SET NULL ON UPDATE CASCADE,
  CONSTRAINT `__resource_form_data_map_nest_relation3_foreign` FOREIGN KEY (`nest_relation3`) REFERENCES `__resource_relations` (`id`) ON DELETE SET NULL ON UPDATE CASCADE,
  CONSTRAINT `__resource_form_data_map_nest_relation4_foreign` FOREIGN KEY (`nest_relation4`) REFERENCES `__resource_relations` (`id`) ON DELETE SET NULL ON UPDATE CASCADE,
  CONSTRAINT `__resource_form_data_map_nest_relation5_foreign` FOREIGN KEY (`nest_relation5`) REFERENCES `__resource_relations` (`id`) ON DELETE SET NULL ON UPDATE CASCADE,
  CONSTRAINT `__resource_form_data_map_relation_foreign` FOREIGN KEY (`relation`) REFERENCES `__resource_relations` (`id`) ON DELETE SET NULL ON UPDATE CASCADE,
  CONSTRAINT `__resource_form_data_map_resource_data_foreign` FOREIGN KEY (`resource_data`) REFERENCES `__resource_data` (`id`) ON DELETE CASCADE ON UPDATE CASCADE,
  CONSTRAINT `__resource_form_data_map_resource_form_foreign` FOREIGN KEY (`resource_form`) REFERENCES `__resource_forms` (`id`) ON DELETE CASCADE ON UPDATE CASCADE,
  CONSTRAINT `__resource_form_data_map_updated_by_foreign` FOREIGN KEY (`updated_by`) REFERENCES `users` (`id`) ON DELETE SET NULL ON UPDATE CASCADE
) ENGINE=InnoDB AUTO_INCREMENT=318101 DEFAULT CHARSET=utf8mb4 COLLATE=utf8mb4_unicode_ci;

-- Dumping data for table appframe.__resource_form_data_map: ~1 rows (approximately)
DELETE FROM `__resource_form_data_map`;
/*!40000 ALTER TABLE `__resource_form_data_map` DISABLE KEYS */;
INSERT INTO `__resource_form_data_map` (`id`, `resource_form`, `resource_data`, `form_field`, `attribute`, `relation`, `nest_relation1`, `nest_relation2`, `nest_relation3`, `nest_relation4`, `nest_relation5`, `created_by`, `updated_by`, `created_at`, `updated_at`) VALUES
	(1, 4, 1, 13, NULL, 1, NULL, NULL, NULL, NULL, NULL, NULL, NULL, '2019-10-04 09:46:21', '2019-10-04 09:46:21');
/*!40000 ALTER TABLE `__resource_form_data_map` ENABLE KEYS */;

-- Dumping structure for table appframe.__resource_form_defaults
DROP TABLE IF EXISTS `__resource_form_defaults`;
CREATE TABLE IF NOT EXISTS `__resource_form_defaults` (
  `id` int(10) unsigned NOT NULL AUTO_INCREMENT,
  `resource_form` int(10) unsigned NOT NULL,
  `name` varchar(64) COLLATE utf8mb4_unicode_ci NOT NULL,
  `value` varchar(1024) COLLATE utf8mb4_unicode_ci DEFAULT NULL,
  `method` varchar(128) COLLATE utf8mb4_unicode_ci DEFAULT NULL,
  `relation` int(10) unsigned DEFAULT NULL,
  `nest_relation1` int(10) unsigned DEFAULT NULL,
  `nest_relation2` int(10) unsigned DEFAULT NULL,
  `nest_relation3` int(10) unsigned DEFAULT NULL,
  `attribute` varchar(64) COLLATE utf8mb4_unicode_ci DEFAULT NULL,
  `created_by` bigint(20) unsigned DEFAULT NULL,
  `updated_by` bigint(20) unsigned DEFAULT NULL,
  `created_at` timestamp NULL DEFAULT NULL,
  `updated_at` timestamp NULL DEFAULT NULL,
  PRIMARY KEY (`id`),
  KEY `__resource_form_defaults_resource_form_index` (`resource_form`),
  KEY `__resource_form_defaults_name_index` (`name`),
  KEY `__resource_form_defaults_relation_index` (`relation`),
  KEY `__resource_form_defaults_nest_relation1_index` (`nest_relation1`),
  KEY `__resource_form_defaults_nest_relation2_index` (`nest_relation2`),
  KEY `__resource_form_defaults_nest_relation3_index` (`nest_relation3`),
  KEY `__resource_form_defaults_created_by_index` (`created_by`),
  KEY `__resource_form_defaults_updated_by_index` (`updated_by`),
  CONSTRAINT `__resource_form_defaults_created_by_foreign` FOREIGN KEY (`created_by`) REFERENCES `users` (`id`) ON DELETE SET NULL ON UPDATE CASCADE,
  CONSTRAINT `__resource_form_defaults_nest_relation1_foreign` FOREIGN KEY (`nest_relation1`) REFERENCES `__resource_relations` (`id`) ON DELETE SET NULL ON UPDATE CASCADE,
  CONSTRAINT `__resource_form_defaults_nest_relation2_foreign` FOREIGN KEY (`nest_relation2`) REFERENCES `__resource_relations` (`id`) ON DELETE SET NULL ON UPDATE CASCADE,
  CONSTRAINT `__resource_form_defaults_nest_relation3_foreign` FOREIGN KEY (`nest_relation3`) REFERENCES `__resource_relations` (`id`) ON DELETE SET NULL ON UPDATE CASCADE,
  CONSTRAINT `__resource_form_defaults_relation_foreign` FOREIGN KEY (`relation`) REFERENCES `__resource_relations` (`id`) ON DELETE SET NULL ON UPDATE CASCADE,
  CONSTRAINT `__resource_form_defaults_resource_form_foreign` FOREIGN KEY (`resource_form`) REFERENCES `__resource_forms` (`id`) ON DELETE CASCADE ON UPDATE CASCADE,
  CONSTRAINT `__resource_form_defaults_updated_by_foreign` FOREIGN KEY (`updated_by`) REFERENCES `users` (`id`) ON DELETE SET NULL ON UPDATE CASCADE
) ENGINE=InnoDB AUTO_INCREMENT=319101 DEFAULT CHARSET=utf8mb4 COLLATE=utf8mb4_unicode_ci;

-- Dumping data for table appframe.__resource_form_defaults: ~2 rows (approximately)
DELETE FROM `__resource_form_defaults`;
/*!40000 ALTER TABLE `__resource_form_defaults` DISABLE KEYS */;
INSERT INTO `__resource_form_defaults` (`id`, `resource_form`, `name`, `value`, `method`, `relation`, `nest_relation1`, `nest_relation2`, `nest_relation3`, `attribute`, `created_by`, `updated_by`, `created_at`, `updated_at`) VALUES
	(1, 1, 'groups', '3', NULL, 1, NULL, NULL, NULL, NULL, NULL, NULL, '2019-10-04 09:46:21', '2019-10-04 09:46:21'),
	(2, 2, 'groups', '2', NULL, 1, NULL, NULL, NULL, NULL, NULL, NULL, '2019-10-04 09:46:21', '2019-10-04 09:46:21');
/*!40000 ALTER TABLE `__resource_form_defaults` ENABLE KEYS */;

-- Dumping structure for table appframe.__resource_form_fields
DROP TABLE IF EXISTS `__resource_form_fields`;
CREATE TABLE IF NOT EXISTS `__resource_form_fields` (
  `id` int(10) unsigned NOT NULL AUTO_INCREMENT,
  `resource_form` int(10) unsigned NOT NULL,
  `name` varchar(64) COLLATE utf8mb4_unicode_ci NOT NULL,
  `type` varchar(128) COLLATE utf8mb4_unicode_ci DEFAULT NULL,
  `label` varchar(256) COLLATE utf8mb4_unicode_ci DEFAULT NULL,
  `created_by` bigint(20) unsigned DEFAULT NULL,
  `updated_by` bigint(20) unsigned DEFAULT NULL,
  `created_at` timestamp NULL DEFAULT NULL,
  `updated_at` timestamp NULL DEFAULT NULL,
  PRIMARY KEY (`id`),
  KEY `__resource_form_fields_resource_form_index` (`resource_form`),
  KEY `__resource_form_fields_name_index` (`name`),
  KEY `__resource_form_fields_created_by_index` (`created_by`),
  KEY `__resource_form_fields_updated_by_index` (`updated_by`),
  CONSTRAINT `__resource_form_fields_created_by_foreign` FOREIGN KEY (`created_by`) REFERENCES `users` (`id`) ON DELETE SET NULL ON UPDATE CASCADE,
  CONSTRAINT `__resource_form_fields_resource_form_foreign` FOREIGN KEY (`resource_form`) REFERENCES `__resource_forms` (`id`) ON DELETE CASCADE ON UPDATE CASCADE,
  CONSTRAINT `__resource_form_fields_updated_by_foreign` FOREIGN KEY (`updated_by`) REFERENCES `users` (`id`) ON DELETE SET NULL ON UPDATE CASCADE
) ENGINE=InnoDB AUTO_INCREMENT=310130 DEFAULT CHARSET=utf8mb4 COLLATE=utf8mb4_unicode_ci;

-- Dumping data for table appframe.__resource_form_fields: ~115 rows (approximately)
DELETE FROM `__resource_form_fields`;
/*!40000 ALTER TABLE `__resource_form_fields` DISABLE KEYS */;
INSERT INTO `__resource_form_fields` (`id`, `resource_form`, `name`, `type`, `label`, `created_by`, `updated_by`, `created_at`, `updated_at`) VALUES
	(1, 1, 'name', 'text', 'Name', NULL, NULL, '2019-10-04 09:46:11', '2019-10-04 09:46:11'),
	(2, 1, 'email', 'text', 'Email', NULL, NULL, '2019-10-04 09:46:11', '2019-10-04 09:46:11'),
	(3, 1, 'password', 'password', 'Password', NULL, NULL, '2019-10-04 09:46:11', '2019-10-04 09:46:11'),
	(4, 2, 'name', 'text', 'Name', NULL, NULL, '2019-10-04 09:46:11', '2019-10-04 09:46:11'),
	(5, 2, 'email', 'text', 'Email', NULL, NULL, '2019-10-04 09:46:12', '2019-10-04 09:46:12'),
	(6, 2, 'password', 'password', 'Password', NULL, NULL, '2019-10-04 09:46:12', '2019-10-04 09:46:12'),
	(7, 3, 'name', 'text', 'Name', NULL, NULL, '2019-10-04 09:46:12', '2019-10-04 09:46:12'),
	(8, 3, 'group', 'select', 'Group', NULL, NULL, '2019-10-04 09:46:12', '2019-10-04 09:46:12'),
	(9, 3, 'email', 'text', 'Email', NULL, NULL, '2019-10-04 09:46:12', '2019-10-04 09:46:12'),
	(10, 3, 'password', 'password', 'Password', NULL, NULL, '2019-10-04 09:46:12', '2019-10-04 09:46:12'),
	(11, 4, 'name', 'text', 'Name', NULL, NULL, '2019-10-04 09:46:12', '2019-10-04 09:46:12'),
	(12, 4, 'email', 'text', 'Email', NULL, NULL, '2019-10-04 09:46:12', '2019-10-04 09:46:12'),
	(13, 4, 'group', 'multiselect', 'Group', NULL, NULL, '2019-10-04 09:46:12', '2019-10-04 09:46:12'),
	(14, 5, 'password', 'password', 'Change Password to', NULL, NULL, '2019-10-04 09:46:12', '2019-10-04 09:46:12'),
	(15, 6, 'name', 'text', 'Name', NULL, NULL, '2019-10-04 09:46:12', '2019-10-04 09:46:12'),
	(16, 6, 'title', 'text', 'Title', NULL, NULL, '2019-10-04 09:46:12', '2019-10-04 09:46:12'),
	(17, 6, 'description', 'textarea', 'Description', NULL, NULL, '2019-10-04 09:46:12', '2019-10-04 09:46:12'),
	(18, 6, 'namespace', 'text', 'Namespace', NULL, NULL, '2019-10-04 09:46:12', '2019-10-04 09:46:12'),
	(19, 6, 'table', 'text', 'Table', NULL, NULL, '2019-10-04 09:46:12', '2019-10-04 09:46:12'),
	(20, 6, 'controller', 'text', 'Controller', NULL, NULL, '2019-10-04 09:46:12', '2019-10-04 09:46:12'),
	(21, 6, 'controller_namespace', 'text', 'Controller Namespace', NULL, NULL, '2019-10-04 09:46:12', '2019-10-04 09:46:12'),
	(22, 6, 'development', 'select', 'Development Resource', NULL, NULL, '2019-10-04 09:46:12', '2019-10-04 09:46:12'),
	(23, 7, 'resource', 'select', 'Select Resource', NULL, NULL, '2019-10-04 09:46:12', '2019-10-04 09:46:12'),
	(24, 7, 'name', 'text', 'Action Name', NULL, NULL, '2019-10-04 09:46:12', '2019-10-04 09:46:12'),
	(25, 7, 'menu', 'text', 'Main Menu Caption', NULL, NULL, '2019-10-04 09:46:12', '2019-10-04 09:46:12'),
	(26, 7, 'title', 'text', 'List Menu Caption', NULL, NULL, '2019-10-04 09:46:12', '2019-10-04 09:46:12'),
	(27, 7, 'description', 'textarea', 'Description', NULL, NULL, '2019-10-04 09:46:12', '2019-10-04 09:46:12'),
	(28, 7, 'type', 'select', 'Action Type', NULL, NULL, '2019-10-04 09:46:12', '2019-10-04 09:46:12'),
	(29, 7, 'idn1', 'select', 'Type Detail - 1', NULL, NULL, '2019-10-04 09:46:12', '2019-10-04 09:46:12'),
	(30, 7, 'idn2', 'select', 'Type Detail - 2', NULL, NULL, '2019-10-04 09:46:12', '2019-10-04 09:46:12'),
	(31, 7, 'idn3', 'select', 'Type Detail - 3', NULL, NULL, '2019-10-04 09:46:12', '2019-10-04 09:46:12'),
	(32, 8, 'resource', 'text', 'Select Resource', NULL, NULL, '2019-10-04 09:46:12', '2019-10-04 09:46:12'),
	(33, 8, 'name', 'text', 'Action Name', NULL, NULL, '2019-10-04 09:46:12', '2019-10-04 09:46:12'),
	(34, 8, 'menu', 'text', 'Main Menu Caption', NULL, NULL, '2019-10-04 09:46:12', '2019-10-04 09:46:12'),
	(35, 8, 'title', 'text', 'List Menu Caption', NULL, NULL, '2019-10-04 09:46:12', '2019-10-04 09:46:12'),
	(36, 8, 'description', 'textarea', 'Description', NULL, NULL, '2019-10-04 09:46:12', '2019-10-04 09:46:12'),
	(37, 8, 'type', 'select', 'Action Type', NULL, NULL, '2019-10-04 09:46:12', '2019-10-04 09:46:12'),
	(38, 8, 'idn1', 'select', 'Type Detail - 1', NULL, NULL, '2019-10-04 09:46:12', '2019-10-04 09:46:12'),
	(39, 8, 'idn2', 'select', 'Type Detail - 2', NULL, NULL, '2019-10-04 09:46:12', '2019-10-04 09:46:12'),
	(40, 8, 'idn3', 'select', 'Type Detail - 3', NULL, NULL, '2019-10-04 09:46:12', '2019-10-04 09:46:12'),
	(41, 9, 'resource', 'select', 'Select Resource', NULL, NULL, '2019-10-04 09:46:13', '2019-10-04 09:46:13'),
	(42, 9, 'name', 'text', 'Form Name', NULL, NULL, '2019-10-04 09:46:13', '2019-10-04 09:46:13'),
	(43, 9, 'title', 'text', 'Form Title', NULL, NULL, '2019-10-04 09:46:13', '2019-10-04 09:46:13'),
	(44, 9, 'action_text', 'text', 'Action Text', NULL, NULL, '2019-10-04 09:46:13', '2019-10-04 09:46:13'),
	(45, 9, 'description', 'textarea', 'Description', NULL, NULL, '2019-10-04 09:46:13', '2019-10-04 09:46:13'),
	(46, 10, 'resource', 'text', 'Select Resource', NULL, NULL, '2019-10-04 09:46:13', '2019-10-04 09:46:13'),
	(47, 10, 'name', 'text', 'Form Name', NULL, NULL, '2019-10-04 09:46:13', '2019-10-04 09:46:13'),
	(48, 10, 'title', 'text', 'Form Title', NULL, NULL, '2019-10-04 09:46:13', '2019-10-04 09:46:13'),
	(49, 10, 'action_text', 'text', 'Action Text', NULL, NULL, '2019-10-04 09:46:13', '2019-10-04 09:46:13'),
	(50, 10, 'description', 'textarea', 'Description', NULL, NULL, '2019-10-04 09:46:13', '2019-10-04 09:46:13'),
	(51, 11, 'resource_form', 'select', 'Select Form', NULL, NULL, '2019-10-04 09:46:13', '2019-10-04 09:46:13'),
	(52, 11, 'name', 'text', 'Name', NULL, NULL, '2019-10-04 09:46:13', '2019-10-04 09:46:13'),
	(53, 11, 'type', 'text', 'Type', NULL, NULL, '2019-10-04 09:46:13', '2019-10-04 09:46:13'),
	(54, 11, 'label', 'text', 'Label', NULL, NULL, '2019-10-04 09:46:13', '2019-10-04 09:46:13'),
	(55, 11, 'relation', 'select', 'Relation', NULL, NULL, '2019-10-04 09:46:13', '2019-10-04 09:46:13'),
	(56, 11, 'attribute', 'text', 'Attribute', NULL, NULL, '2019-10-04 09:46:13', '2019-10-04 09:46:13'),
	(57, 12, 'resource', 'select', 'Select Resource', NULL, NULL, '2019-10-04 09:46:13', '2019-10-04 09:46:13'),
	(58, 12, 'name', 'text', 'List Name', NULL, NULL, '2019-10-04 09:46:13', '2019-10-04 09:46:13'),
	(59, 12, 'title', 'text', 'Title', NULL, NULL, '2019-10-04 09:46:13', '2019-10-04 09:46:13'),
	(60, 12, 'identity', 'text', 'Field name to identify selected item', NULL, NULL, '2019-10-04 09:46:13', '2019-10-04 09:46:13'),
	(61, 12, 'items_per_page', 'text', 'Items to display per page', NULL, NULL, '2019-10-04 09:46:13', '2019-10-04 09:46:13'),
	(62, 12, 'description', 'textarea', 'Description', NULL, NULL, '2019-10-04 09:46:13', '2019-10-04 09:46:13'),
	(63, 13, 'resource', 'text', 'Resource', NULL, NULL, '2019-10-04 09:46:13', '2019-10-04 09:46:13'),
	(64, 13, 'name', 'text', 'List Name', NULL, NULL, '2019-10-04 09:46:13', '2019-10-04 09:46:13'),
	(65, 13, 'title', 'text', 'Title', NULL, NULL, '2019-10-04 09:46:13', '2019-10-04 09:46:13'),
	(66, 13, 'identity', 'text', 'Field name to identify selected item', NULL, NULL, '2019-10-04 09:46:13', '2019-10-04 09:46:13'),
	(67, 13, 'items_per_page', 'text', 'Items to display per page', NULL, NULL, '2019-10-04 09:46:13', '2019-10-04 09:46:13'),
	(68, 13, 'description', 'textarea', 'Description', NULL, NULL, '2019-10-04 09:46:13', '2019-10-04 09:46:13'),
	(69, 14, 'resource', 'select', 'Select Resource', NULL, NULL, '2019-10-04 09:46:13', '2019-10-04 09:46:13'),
	(70, 14, 'name', 'text', 'Name', NULL, NULL, '2019-10-04 09:46:13', '2019-10-04 09:46:13'),
	(71, 14, 'title_field', 'text', 'Title Field', NULL, NULL, '2019-10-04 09:46:13', '2019-10-04 09:46:13'),
	(72, 14, 'description', 'textarea', 'Description', NULL, NULL, '2019-10-04 09:46:13', '2019-10-04 09:46:13'),
	(73, 15, 'resource', 'text', 'Resource', NULL, NULL, '2019-10-04 09:46:13', '2019-10-04 09:46:13'),
	(74, 15, 'name', 'text', 'Name', NULL, NULL, '2019-10-04 09:46:13', '2019-10-04 09:46:13'),
	(75, 15, 'title_field', 'text', 'Title Field', NULL, NULL, '2019-10-04 09:46:13', '2019-10-04 09:46:13'),
	(76, 15, 'description', 'textarea', 'Description', NULL, NULL, '2019-10-04 09:46:14', '2019-10-04 09:46:14'),
	(77, 16, 'name', 'text', 'Name', NULL, NULL, '2019-10-04 09:46:14', '2019-10-04 09:46:14'),
	(78, 16, 'title', 'text', 'Title', NULL, NULL, '2019-10-04 09:46:14', '2019-10-04 09:46:14'),
	(79, 16, 'description', 'textarea', 'Description', NULL, NULL, '2019-10-04 09:46:14', '2019-10-04 09:46:14'),
	(80, 17, 'name', 'text', 'Name', NULL, NULL, '2019-10-04 09:46:14', '2019-10-04 09:46:14'),
	(81, 17, 'title', 'text', 'Title', NULL, NULL, '2019-10-04 09:46:14', '2019-10-04 09:46:14'),
	(82, 17, 'description', 'textarea', 'Description', NULL, NULL, '2019-10-04 09:46:14', '2019-10-04 09:46:14'),
	(83, 18, 'role', 'select', 'Select Role', NULL, NULL, '2019-10-04 09:46:14', '2019-10-04 09:46:14'),
	(84, 18, 'resource', 'select', 'Select Resource', NULL, NULL, '2019-10-04 09:46:14', '2019-10-04 09:46:14'),
	(85, 18, 'actions_availability', 'select', 'Actions Availability', NULL, NULL, '2019-10-04 09:46:14', '2019-10-04 09:46:14'),
	(86, 18, 'actions', 'multiselect', 'Select Actions', NULL, NULL, '2019-10-04 09:46:14', '2019-10-04 09:46:14'),
	(310101, 309101, 'name', 'text', 'Name of Settings', NULL, NULL, '2019-10-04 09:47:01', '2019-10-04 09:47:01'),
	(310102, 309101, 'value', 'text', 'Default Value', NULL, NULL, '2019-10-04 09:47:01', '2019-10-04 09:47:01'),
	(310103, 309101, 'status', 'select', 'Status', NULL, NULL, '2019-10-04 09:47:01', '2019-10-04 09:47:01'),
	(310104, 309101, 'description', 'textarea', 'Description', NULL, NULL, '2019-10-04 09:47:01', '2019-10-04 09:47:01'),
	(310105, 309102, 'user', 'select', 'User', NULL, NULL, '2019-10-04 09:47:01', '2019-10-04 09:47:01'),
	(310106, 309102, 'setting', 'select', 'Setting', NULL, NULL, '2019-10-04 09:47:01', '2019-10-04 09:47:01'),
	(310107, 309102, 'value', 'text', 'Value', NULL, NULL, '2019-10-04 09:47:01', '2019-10-04 09:47:01'),
	(310108, 309103, 'status', 'select', 'Change Status to', NULL, NULL, '2019-10-04 09:47:01', '2019-10-04 09:47:01'),
	(310109, 309104, 'user', 'select', 'Sales Executive', NULL, NULL, '2019-10-04 09:47:02', '2019-10-04 09:47:02'),
	(310110, 309104, 'store', 'select', 'Store', NULL, NULL, '2019-10-04 09:47:02', '2019-10-04 09:47:02'),
	(310111, 309104, 'area', 'select', 'Area', NULL, NULL, '2019-10-04 09:47:02', '2019-10-04 09:47:02'),
	(310112, 309104, 'status', 'select', 'Status', NULL, NULL, '2019-10-04 09:47:02', '2019-10-04 09:47:02'),
	(310113, 309105, 'product', 'select', 'Product', NULL, NULL, '2019-10-04 09:47:02', '2019-10-04 09:47:02'),
	(310114, 309105, 'image01', 'file', 'Image 01', NULL, NULL, '2019-10-04 09:47:02', '2019-10-04 09:47:02'),
	(310115, 309105, 'image02', 'file', 'Image 02', NULL, NULL, '2019-10-04 09:47:02', '2019-10-04 09:47:02'),
	(310116, 309105, 'image03', 'file', 'Image 03', NULL, NULL, '2019-10-04 09:47:02', '2019-10-04 09:47:02'),
	(310117, 309105, 'image04', 'file', 'Image 04', NULL, NULL, '2019-10-04 09:47:02', '2019-10-04 09:47:02'),
	(310118, 309105, 'image05', 'file', 'Image 05', NULL, NULL, '2019-10-04 09:47:02', '2019-10-04 09:47:02'),
	(310119, 309105, 'default', 'select', 'Set Default Image', NULL, NULL, '2019-10-04 09:47:02', '2019-10-04 09:47:02'),
	(310120, 309106, 'fncode', 'select', 'Select FN Code', NULL, NULL, '2019-10-04 09:47:02', '2019-10-04 09:47:02'),
	(310121, 309106, 'user', 'select', 'Select User', NULL, NULL, '2019-10-04 09:47:02', '2019-10-04 09:47:02'),
	(310122, 309106, 'store', 'select', 'Select Store', NULL, NULL, '2019-10-04 09:47:02', '2019-10-04 09:47:02'),
	(310123, 309106, 'start_num', 'text', 'Enter Sequence Start Number', NULL, NULL, '2019-10-04 09:47:02', '2019-10-04 09:47:02'),
	(310124, 309106, 'end_num', 'text', 'Enter Sequence End Number', NULL, NULL, '2019-10-04 09:47:02', '2019-10-04 09:47:02'),
	(310125, 309107, 'start_num', 'text', 'Start Num', NULL, NULL, '2019-10-04 09:47:02', '2019-10-04 09:47:02'),
	(310126, 309107, 'end_num', 'text', 'End Num', NULL, NULL, '2019-10-04 09:47:02', '2019-10-04 09:47:02'),
	(310127, 309107, 'current', 'text', 'Current', NULL, NULL, '2019-10-04 09:47:02', '2019-10-04 09:47:02'),
	(310128, 309107, 'progress', 'select', 'Progress', NULL, NULL, '2019-10-04 09:47:02', '2019-10-04 09:47:02'),
	(310129, 309107, 'status', 'select', 'Status', NULL, NULL, '2019-10-04 09:47:02', '2019-10-04 09:47:02');
/*!40000 ALTER TABLE `__resource_form_fields` ENABLE KEYS */;

-- Dumping structure for table appframe.__resource_form_field_attrs
DROP TABLE IF EXISTS `__resource_form_field_attrs`;
CREATE TABLE IF NOT EXISTS `__resource_form_field_attrs` (
  `id` int(10) unsigned NOT NULL AUTO_INCREMENT,
  `form_field` int(10) unsigned NOT NULL,
  `name` varchar(64) COLLATE utf8mb4_unicode_ci DEFAULT NULL,
  `value` varchar(128) COLLATE utf8mb4_unicode_ci DEFAULT NULL,
  `created_by` bigint(20) unsigned DEFAULT NULL,
  `updated_by` bigint(20) unsigned DEFAULT NULL,
  `created_at` timestamp NULL DEFAULT NULL,
  `updated_at` timestamp NULL DEFAULT NULL,
  PRIMARY KEY (`id`),
  KEY `__resource_form_field_attrs_form_field_index` (`form_field`),
  KEY `__resource_form_field_attrs_created_by_index` (`created_by`),
  KEY `__resource_form_field_attrs_updated_by_index` (`updated_by`),
  CONSTRAINT `__resource_form_field_attrs_created_by_foreign` FOREIGN KEY (`created_by`) REFERENCES `users` (`id`) ON DELETE SET NULL ON UPDATE CASCADE,
  CONSTRAINT `__resource_form_field_attrs_form_field_foreign` FOREIGN KEY (`form_field`) REFERENCES `__resource_form_fields` (`id`) ON DELETE CASCADE ON UPDATE CASCADE,
  CONSTRAINT `__resource_form_field_attrs_updated_by_foreign` FOREIGN KEY (`updated_by`) REFERENCES `users` (`id`) ON DELETE SET NULL ON UPDATE CASCADE
) ENGINE=InnoDB AUTO_INCREMENT=313105 DEFAULT CHARSET=utf8mb4 COLLATE=utf8mb4_unicode_ci;

-- Dumping data for table appframe.__resource_form_field_attrs: ~8 rows (approximately)
DELETE FROM `__resource_form_field_attrs`;
/*!40000 ALTER TABLE `__resource_form_field_attrs` DISABLE KEYS */;
INSERT INTO `__resource_form_field_attrs` (`id`, `form_field`, `name`, `value`, `created_by`, `updated_by`, `created_at`, `updated_at`) VALUES
	(1, 11, 'inline', '5', NULL, NULL, '2019-10-04 09:46:14', '2019-10-04 09:46:14'),
	(2, 12, 'inline', '5', NULL, NULL, '2019-10-04 09:46:14', '2019-10-04 09:46:14'),
	(3, 13, 'inline', '5', NULL, NULL, '2019-10-04 09:46:14', '2019-10-04 09:46:14'),
	(4, 14, 'inline', '4', NULL, NULL, '2019-10-04 09:46:14', '2019-10-04 09:46:14'),
	(313101, 310109, 'inline', '4', NULL, NULL, '2019-10-04 09:47:02', '2019-10-04 09:47:02'),
	(313102, 310110, 'inline', '4', NULL, NULL, '2019-10-04 09:47:02', '2019-10-04 09:47:02'),
	(313103, 310111, 'inline', '4', NULL, NULL, '2019-10-04 09:47:02', '2019-10-04 09:47:02'),
	(313104, 310112, 'inline', '4', NULL, NULL, '2019-10-04 09:47:02', '2019-10-04 09:47:02');
/*!40000 ALTER TABLE `__resource_form_field_attrs` ENABLE KEYS */;

-- Dumping structure for table appframe.__resource_form_field_data
DROP TABLE IF EXISTS `__resource_form_field_data`;
CREATE TABLE IF NOT EXISTS `__resource_form_field_data` (
  `id` int(10) unsigned NOT NULL AUTO_INCREMENT,
  `form_field` int(10) unsigned NOT NULL,
  `relation` int(10) unsigned DEFAULT NULL,
  `nest_relation1` int(10) unsigned DEFAULT NULL,
  `nest_relation2` int(10) unsigned DEFAULT NULL,
  `nest_relation3` int(10) unsigned DEFAULT NULL,
  `attribute` varchar(64) COLLATE utf8mb4_unicode_ci DEFAULT NULL,
  `created_by` bigint(20) unsigned DEFAULT NULL,
  `updated_by` bigint(20) unsigned DEFAULT NULL,
  `created_at` timestamp NULL DEFAULT NULL,
  `updated_at` timestamp NULL DEFAULT NULL,
  PRIMARY KEY (`id`),
  KEY `__resource_form_field_data_form_field_index` (`form_field`),
  KEY `__resource_form_field_data_relation_index` (`relation`),
  KEY `__resource_form_field_data_nest_relation1_index` (`nest_relation1`),
  KEY `__resource_form_field_data_nest_relation2_index` (`nest_relation2`),
  KEY `__resource_form_field_data_nest_relation3_index` (`nest_relation3`),
  KEY `__resource_form_field_data_created_by_index` (`created_by`),
  KEY `__resource_form_field_data_updated_by_index` (`updated_by`),
  CONSTRAINT `__resource_form_field_data_created_by_foreign` FOREIGN KEY (`created_by`) REFERENCES `users` (`id`) ON DELETE SET NULL ON UPDATE CASCADE,
  CONSTRAINT `__resource_form_field_data_form_field_foreign` FOREIGN KEY (`form_field`) REFERENCES `__resource_form_fields` (`id`) ON DELETE CASCADE ON UPDATE CASCADE,
  CONSTRAINT `__resource_form_field_data_nest_relation1_foreign` FOREIGN KEY (`nest_relation1`) REFERENCES `__resource_relations` (`id`) ON DELETE SET NULL ON UPDATE CASCADE,
  CONSTRAINT `__resource_form_field_data_nest_relation2_foreign` FOREIGN KEY (`nest_relation2`) REFERENCES `__resource_relations` (`id`) ON DELETE SET NULL ON UPDATE CASCADE,
  CONSTRAINT `__resource_form_field_data_nest_relation3_foreign` FOREIGN KEY (`nest_relation3`) REFERENCES `__resource_relations` (`id`) ON DELETE SET NULL ON UPDATE CASCADE,
  CONSTRAINT `__resource_form_field_data_relation_foreign` FOREIGN KEY (`relation`) REFERENCES `__resource_relations` (`id`) ON DELETE SET NULL ON UPDATE CASCADE,
  CONSTRAINT `__resource_form_field_data_updated_by_foreign` FOREIGN KEY (`updated_by`) REFERENCES `users` (`id`) ON DELETE SET NULL ON UPDATE CASCADE
) ENGINE=InnoDB AUTO_INCREMENT=311130 DEFAULT CHARSET=utf8mb4 COLLATE=utf8mb4_unicode_ci;

-- Dumping data for table appframe.__resource_form_field_data: ~115 rows (approximately)
DELETE FROM `__resource_form_field_data`;
/*!40000 ALTER TABLE `__resource_form_field_data` DISABLE KEYS */;
INSERT INTO `__resource_form_field_data` (`id`, `form_field`, `relation`, `nest_relation1`, `nest_relation2`, `nest_relation3`, `attribute`, `created_by`, `updated_by`, `created_at`, `updated_at`) VALUES
	(1, 1, NULL, NULL, NULL, NULL, 'name', NULL, NULL, '2019-10-04 09:46:14', '2019-10-04 09:46:14'),
	(2, 2, NULL, NULL, NULL, NULL, 'email', NULL, NULL, '2019-10-04 09:46:14', '2019-10-04 09:46:14'),
	(3, 3, NULL, NULL, NULL, NULL, 'password', NULL, NULL, '2019-10-04 09:46:14', '2019-10-04 09:46:14'),
	(4, 4, NULL, NULL, NULL, NULL, 'name', NULL, NULL, '2019-10-04 09:46:14', '2019-10-04 09:46:14'),
	(5, 5, NULL, NULL, NULL, NULL, 'email', NULL, NULL, '2019-10-04 09:46:14', '2019-10-04 09:46:14'),
	(6, 6, NULL, NULL, NULL, NULL, 'password', NULL, NULL, '2019-10-04 09:46:14', '2019-10-04 09:46:14'),
	(7, 7, NULL, NULL, NULL, NULL, 'name', NULL, NULL, '2019-10-04 09:46:14', '2019-10-04 09:46:14'),
	(8, 8, 1, NULL, NULL, NULL, 'group', NULL, NULL, '2019-10-04 09:46:14', '2019-10-04 09:46:14'),
	(9, 9, NULL, NULL, NULL, NULL, 'email', NULL, NULL, '2019-10-04 09:46:14', '2019-10-04 09:46:14'),
	(10, 10, NULL, NULL, NULL, NULL, 'password', NULL, NULL, '2019-10-04 09:46:14', '2019-10-04 09:46:14'),
	(11, 11, NULL, NULL, NULL, NULL, 'name', NULL, NULL, '2019-10-04 09:46:14', '2019-10-04 09:46:14'),
	(12, 12, NULL, NULL, NULL, NULL, 'email', NULL, NULL, '2019-10-04 09:46:14', '2019-10-04 09:46:14'),
	(13, 13, 1, NULL, NULL, NULL, 'group', NULL, NULL, '2019-10-04 09:46:14', '2019-10-04 09:46:14'),
	(14, 14, NULL, NULL, NULL, NULL, 'password', NULL, NULL, '2019-10-04 09:46:14', '2019-10-04 09:46:14'),
	(15, 15, NULL, NULL, NULL, NULL, 'name', NULL, NULL, '2019-10-04 09:46:14', '2019-10-04 09:46:14'),
	(16, 16, NULL, NULL, NULL, NULL, 'title', NULL, NULL, '2019-10-04 09:46:14', '2019-10-04 09:46:14'),
	(17, 17, NULL, NULL, NULL, NULL, 'description', NULL, NULL, '2019-10-04 09:46:15', '2019-10-04 09:46:15'),
	(18, 18, NULL, NULL, NULL, NULL, 'namespace', NULL, NULL, '2019-10-04 09:46:15', '2019-10-04 09:46:15'),
	(19, 19, NULL, NULL, NULL, NULL, 'table', NULL, NULL, '2019-10-04 09:46:15', '2019-10-04 09:46:15'),
	(20, 20, NULL, NULL, NULL, NULL, 'controller', NULL, NULL, '2019-10-04 09:46:15', '2019-10-04 09:46:15'),
	(21, 21, NULL, NULL, NULL, NULL, 'controller_namespace', NULL, NULL, '2019-10-04 09:46:15', '2019-10-04 09:46:15'),
	(22, 22, NULL, NULL, NULL, NULL, 'development', NULL, NULL, '2019-10-04 09:46:15', '2019-10-04 09:46:15'),
	(23, 23, NULL, NULL, NULL, NULL, 'resource', NULL, NULL, '2019-10-04 09:46:15', '2019-10-04 09:46:15'),
	(24, 24, NULL, NULL, NULL, NULL, 'name', NULL, NULL, '2019-10-04 09:46:15', '2019-10-04 09:46:15'),
	(25, 25, NULL, NULL, NULL, NULL, 'menu', NULL, NULL, '2019-10-04 09:46:15', '2019-10-04 09:46:15'),
	(26, 26, NULL, NULL, NULL, NULL, 'title', NULL, NULL, '2019-10-04 09:46:15', '2019-10-04 09:46:15'),
	(27, 27, NULL, NULL, NULL, NULL, 'description', NULL, NULL, '2019-10-04 09:46:15', '2019-10-04 09:46:15'),
	(28, 28, 8, NULL, NULL, NULL, 'type', NULL, NULL, '2019-10-04 09:46:15', '2019-10-04 09:46:15'),
	(29, 29, 8, NULL, NULL, NULL, 'idn1', NULL, NULL, '2019-10-04 09:46:15', '2019-10-04 09:46:15'),
	(30, 30, 8, NULL, NULL, NULL, 'idn2', NULL, NULL, '2019-10-04 09:46:15', '2019-10-04 09:46:15'),
	(31, 31, 8, NULL, NULL, NULL, 'idn3', NULL, NULL, '2019-10-04 09:46:15', '2019-10-04 09:46:15'),
	(32, 32, NULL, NULL, NULL, NULL, 'resource', NULL, NULL, '2019-10-04 09:46:15', '2019-10-04 09:46:15'),
	(33, 33, NULL, NULL, NULL, NULL, 'name', NULL, NULL, '2019-10-04 09:46:15', '2019-10-04 09:46:15'),
	(34, 34, NULL, NULL, NULL, NULL, 'menu', NULL, NULL, '2019-10-04 09:46:15', '2019-10-04 09:46:15'),
	(35, 35, NULL, NULL, NULL, NULL, 'title', NULL, NULL, '2019-10-04 09:46:15', '2019-10-04 09:46:15'),
	(36, 36, NULL, NULL, NULL, NULL, 'description', NULL, NULL, '2019-10-04 09:46:15', '2019-10-04 09:46:15'),
	(37, 37, 8, NULL, NULL, NULL, 'type', NULL, NULL, '2019-10-04 09:46:15', '2019-10-04 09:46:15'),
	(38, 38, 8, NULL, NULL, NULL, 'idn1', NULL, NULL, '2019-10-04 09:46:15', '2019-10-04 09:46:15'),
	(39, 39, 8, NULL, NULL, NULL, 'idn2', NULL, NULL, '2019-10-04 09:46:15', '2019-10-04 09:46:15'),
	(40, 40, 8, NULL, NULL, NULL, 'idn3', NULL, NULL, '2019-10-04 09:46:15', '2019-10-04 09:46:15'),
	(41, 41, NULL, NULL, NULL, NULL, 'resource', NULL, NULL, '2019-10-04 09:46:15', '2019-10-04 09:46:15'),
	(42, 42, NULL, NULL, NULL, NULL, 'name', NULL, NULL, '2019-10-04 09:46:15', '2019-10-04 09:46:15'),
	(43, 43, NULL, NULL, NULL, NULL, 'title', NULL, NULL, '2019-10-04 09:46:15', '2019-10-04 09:46:15'),
	(44, 44, NULL, NULL, NULL, NULL, 'action_text', NULL, NULL, '2019-10-04 09:46:15', '2019-10-04 09:46:15'),
	(45, 45, NULL, NULL, NULL, NULL, 'description', NULL, NULL, '2019-10-04 09:46:15', '2019-10-04 09:46:15'),
	(46, 46, NULL, NULL, NULL, NULL, 'resource', NULL, NULL, '2019-10-04 09:46:15', '2019-10-04 09:46:15'),
	(47, 47, NULL, NULL, NULL, NULL, 'name', NULL, NULL, '2019-10-04 09:46:15', '2019-10-04 09:46:15'),
	(48, 48, NULL, NULL, NULL, NULL, 'title', NULL, NULL, '2019-10-04 09:46:15', '2019-10-04 09:46:15'),
	(49, 49, NULL, NULL, NULL, NULL, 'action_text', NULL, NULL, '2019-10-04 09:46:15', '2019-10-04 09:46:15'),
	(50, 50, NULL, NULL, NULL, NULL, 'description', NULL, NULL, '2019-10-04 09:46:15', '2019-10-04 09:46:15'),
	(51, 51, NULL, NULL, NULL, NULL, 'resource_form', NULL, NULL, '2019-10-04 09:46:15', '2019-10-04 09:46:15'),
	(52, 52, NULL, NULL, NULL, NULL, 'name', NULL, NULL, '2019-10-04 09:46:15', '2019-10-04 09:46:15'),
	(53, 53, NULL, NULL, NULL, NULL, 'type', NULL, NULL, '2019-10-04 09:46:15', '2019-10-04 09:46:15'),
	(54, 54, NULL, NULL, NULL, NULL, 'label', NULL, NULL, '2019-10-04 09:46:15', '2019-10-04 09:46:15'),
	(55, 55, 21, NULL, NULL, NULL, 'relation', NULL, NULL, '2019-10-04 09:46:16', '2019-10-04 09:46:16'),
	(56, 56, 21, NULL, NULL, NULL, 'attribute', NULL, NULL, '2019-10-04 09:46:16', '2019-10-04 09:46:16'),
	(57, 57, NULL, NULL, NULL, NULL, 'resource', NULL, NULL, '2019-10-04 09:46:16', '2019-10-04 09:46:16'),
	(58, 58, NULL, NULL, NULL, NULL, 'name', NULL, NULL, '2019-10-04 09:46:16', '2019-10-04 09:46:16'),
	(59, 59, NULL, NULL, NULL, NULL, 'title', NULL, NULL, '2019-10-04 09:46:16', '2019-10-04 09:46:16'),
	(60, 60, NULL, NULL, NULL, NULL, 'identity', NULL, NULL, '2019-10-04 09:46:16', '2019-10-04 09:46:16'),
	(61, 61, NULL, NULL, NULL, NULL, 'items_per_page', NULL, NULL, '2019-10-04 09:46:16', '2019-10-04 09:46:16'),
	(62, 62, NULL, NULL, NULL, NULL, 'description', NULL, NULL, '2019-10-04 09:46:16', '2019-10-04 09:46:16'),
	(63, 63, NULL, NULL, NULL, NULL, 'resource', NULL, NULL, '2019-10-04 09:46:17', '2019-10-04 09:46:17'),
	(64, 64, NULL, NULL, NULL, NULL, 'name', NULL, NULL, '2019-10-04 09:46:17', '2019-10-04 09:46:17'),
	(65, 65, NULL, NULL, NULL, NULL, 'title', NULL, NULL, '2019-10-04 09:46:17', '2019-10-04 09:46:17'),
	(66, 66, NULL, NULL, NULL, NULL, 'identity', NULL, NULL, '2019-10-04 09:46:17', '2019-10-04 09:46:17'),
	(67, 67, NULL, NULL, NULL, NULL, 'items_per_page', NULL, NULL, '2019-10-04 09:46:17', '2019-10-04 09:46:17'),
	(68, 68, NULL, NULL, NULL, NULL, 'description', NULL, NULL, '2019-10-04 09:46:17', '2019-10-04 09:46:17'),
	(69, 69, NULL, NULL, NULL, NULL, 'resource', NULL, NULL, '2019-10-04 09:46:17', '2019-10-04 09:46:17'),
	(70, 70, NULL, NULL, NULL, NULL, 'name', NULL, NULL, '2019-10-04 09:46:17', '2019-10-04 09:46:17'),
	(71, 71, NULL, NULL, NULL, NULL, 'title_field', NULL, NULL, '2019-10-04 09:46:17', '2019-10-04 09:46:17'),
	(72, 72, NULL, NULL, NULL, NULL, 'description', NULL, NULL, '2019-10-04 09:46:17', '2019-10-04 09:46:17'),
	(73, 73, NULL, NULL, NULL, NULL, 'resource', NULL, NULL, '2019-10-04 09:46:17', '2019-10-04 09:46:17'),
	(74, 74, NULL, NULL, NULL, NULL, 'name', NULL, NULL, '2019-10-04 09:46:17', '2019-10-04 09:46:17'),
	(75, 75, NULL, NULL, NULL, NULL, 'title_field', NULL, NULL, '2019-10-04 09:46:17', '2019-10-04 09:46:17'),
	(76, 76, NULL, NULL, NULL, NULL, 'description', NULL, NULL, '2019-10-04 09:46:17', '2019-10-04 09:46:17'),
	(77, 77, NULL, NULL, NULL, NULL, 'name', NULL, NULL, '2019-10-04 09:46:17', '2019-10-04 09:46:17'),
	(78, 78, NULL, NULL, NULL, NULL, 'title', NULL, NULL, '2019-10-04 09:46:17', '2019-10-04 09:46:17'),
	(79, 79, NULL, NULL, NULL, NULL, 'description', NULL, NULL, '2019-10-04 09:46:17', '2019-10-04 09:46:17'),
	(80, 80, NULL, NULL, NULL, NULL, 'name', NULL, NULL, '2019-10-04 09:46:17', '2019-10-04 09:46:17'),
	(81, 81, NULL, NULL, NULL, NULL, 'title', NULL, NULL, '2019-10-04 09:46:17', '2019-10-04 09:46:17'),
	(82, 82, NULL, NULL, NULL, NULL, 'description', NULL, NULL, '2019-10-04 09:46:17', '2019-10-04 09:46:17'),
	(83, 83, NULL, NULL, NULL, NULL, 'role', NULL, NULL, '2019-10-04 09:46:18', '2019-10-04 09:46:18'),
	(84, 84, NULL, NULL, NULL, NULL, 'resource', NULL, NULL, '2019-10-04 09:46:18', '2019-10-04 09:46:18'),
	(85, 85, NULL, NULL, NULL, NULL, 'actions_availability', NULL, NULL, '2019-10-04 09:46:18', '2019-10-04 09:46:18'),
	(86, 86, NULL, NULL, NULL, NULL, 'actions', NULL, NULL, '2019-10-04 09:46:18', '2019-10-04 09:46:18'),
	(311101, 310101, NULL, NULL, NULL, NULL, 'name', NULL, NULL, '2019-10-04 09:47:02', '2019-10-04 09:47:02'),
	(311102, 310102, NULL, NULL, NULL, NULL, 'value', NULL, NULL, '2019-10-04 09:47:02', '2019-10-04 09:47:02'),
	(311103, 310103, NULL, NULL, NULL, NULL, 'status', NULL, NULL, '2019-10-04 09:47:02', '2019-10-04 09:47:02'),
	(311104, 310104, NULL, NULL, NULL, NULL, 'description', NULL, NULL, '2019-10-04 09:47:02', '2019-10-04 09:47:02'),
	(311105, 310105, NULL, NULL, NULL, NULL, 'user', NULL, NULL, '2019-10-04 09:47:02', '2019-10-04 09:47:02'),
	(311106, 310106, NULL, NULL, NULL, NULL, 'setting', NULL, NULL, '2019-10-04 09:47:02', '2019-10-04 09:47:02'),
	(311107, 310107, NULL, NULL, NULL, NULL, 'value', NULL, NULL, '2019-10-04 09:47:02', '2019-10-04 09:47:02'),
	(311108, 310108, NULL, NULL, NULL, NULL, 'status', NULL, NULL, '2019-10-04 09:47:02', '2019-10-04 09:47:02'),
	(311109, 310109, NULL, NULL, NULL, NULL, 'user', NULL, NULL, '2019-10-04 09:47:02', '2019-10-04 09:47:02'),
	(311110, 310110, NULL, NULL, NULL, NULL, 'store', NULL, NULL, '2019-10-04 09:47:02', '2019-10-04 09:47:02'),
	(311111, 310111, NULL, NULL, NULL, NULL, 'area', NULL, NULL, '2019-10-04 09:47:03', '2019-10-04 09:47:03'),
	(311112, 310112, NULL, NULL, NULL, NULL, 'status', NULL, NULL, '2019-10-04 09:47:03', '2019-10-04 09:47:03'),
	(311113, 310113, NULL, NULL, NULL, NULL, 'product', NULL, NULL, '2019-10-04 09:47:03', '2019-10-04 09:47:03'),
	(311114, 310114, NULL, NULL, NULL, NULL, 'image01', NULL, NULL, '2019-10-04 09:47:03', '2019-10-04 09:47:03'),
	(311115, 310115, NULL, NULL, NULL, NULL, 'image02', NULL, NULL, '2019-10-04 09:47:03', '2019-10-04 09:47:03'),
	(311116, 310116, NULL, NULL, NULL, NULL, 'image03', NULL, NULL, '2019-10-04 09:47:03', '2019-10-04 09:47:03'),
	(311117, 310117, NULL, NULL, NULL, NULL, 'image04', NULL, NULL, '2019-10-04 09:47:03', '2019-10-04 09:47:03'),
	(311118, 310118, NULL, NULL, NULL, NULL, 'image05', NULL, NULL, '2019-10-04 09:47:03', '2019-10-04 09:47:03'),
	(311119, 310119, NULL, NULL, NULL, NULL, 'default', NULL, NULL, '2019-10-04 09:47:03', '2019-10-04 09:47:03'),
	(311120, 310120, NULL, NULL, NULL, NULL, 'fncode', NULL, NULL, '2019-10-04 09:47:03', '2019-10-04 09:47:03'),
	(311121, 310121, NULL, NULL, NULL, NULL, 'user', NULL, NULL, '2019-10-04 09:47:03', '2019-10-04 09:47:03'),
	(311122, 310122, NULL, NULL, NULL, NULL, 'store', NULL, NULL, '2019-10-04 09:47:03', '2019-10-04 09:47:03'),
	(311123, 310123, NULL, NULL, NULL, NULL, 'start_num', NULL, NULL, '2019-10-04 09:47:03', '2019-10-04 09:47:03'),
	(311124, 310124, NULL, NULL, NULL, NULL, 'end_num', NULL, NULL, '2019-10-04 09:47:03', '2019-10-04 09:47:03'),
	(311125, 310125, NULL, NULL, NULL, NULL, 'start_num', NULL, NULL, '2019-10-04 09:47:03', '2019-10-04 09:47:03'),
	(311126, 310126, NULL, NULL, NULL, NULL, 'end_num', NULL, NULL, '2019-10-04 09:47:03', '2019-10-04 09:47:03'),
	(311127, 310127, NULL, NULL, NULL, NULL, 'current', NULL, NULL, '2019-10-04 09:47:03', '2019-10-04 09:47:03'),
	(311128, 310128, NULL, NULL, NULL, NULL, 'progress', NULL, NULL, '2019-10-04 09:47:03', '2019-10-04 09:47:03'),
	(311129, 310129, NULL, NULL, NULL, NULL, 'status', NULL, NULL, '2019-10-04 09:47:03', '2019-10-04 09:47:03');
/*!40000 ALTER TABLE `__resource_form_field_data` ENABLE KEYS */;

-- Dumping structure for table appframe.__resource_form_field_depends
DROP TABLE IF EXISTS `__resource_form_field_depends`;
CREATE TABLE IF NOT EXISTS `__resource_form_field_depends` (
  `id` int(10) unsigned NOT NULL AUTO_INCREMENT,
  `form_field` int(10) unsigned NOT NULL,
  `depend_field` varchar(64) COLLATE utf8mb4_unicode_ci DEFAULT NULL,
  `db_field` varchar(64) COLLATE utf8mb4_unicode_ci DEFAULT NULL,
  `operator` enum('=','<','>','<=','>=','<>','In','NotIn','like') COLLATE utf8mb4_unicode_ci NOT NULL DEFAULT '=',
  `compare_method` varchar(128) COLLATE utf8mb4_unicode_ci DEFAULT NULL,
  `method` varchar(128) COLLATE utf8mb4_unicode_ci DEFAULT NULL,
  `value_db_field` varchar(64) COLLATE utf8mb4_unicode_ci DEFAULT NULL,
  `ignore_null` enum('Yes','No') COLLATE utf8mb4_unicode_ci NOT NULL DEFAULT 'Yes',
  `created_by` bigint(20) unsigned DEFAULT NULL,
  `updated_by` bigint(20) unsigned DEFAULT NULL,
  `created_at` timestamp NULL DEFAULT NULL,
  `updated_at` timestamp NULL DEFAULT NULL,
  PRIMARY KEY (`id`),
  KEY `__resource_form_field_depends_form_field_index` (`form_field`),
  KEY `__resource_form_field_depends_depend_field_index` (`depend_field`),
  KEY `__resource_form_field_depends_created_by_index` (`created_by`),
  KEY `__resource_form_field_depends_updated_by_index` (`updated_by`),
  CONSTRAINT `__resource_form_field_depends_created_by_foreign` FOREIGN KEY (`created_by`) REFERENCES `users` (`id`) ON DELETE SET NULL ON UPDATE CASCADE,
  CONSTRAINT `__resource_form_field_depends_form_field_foreign` FOREIGN KEY (`form_field`) REFERENCES `__resource_form_fields` (`id`) ON DELETE CASCADE ON UPDATE CASCADE,
  CONSTRAINT `__resource_form_field_depends_updated_by_foreign` FOREIGN KEY (`updated_by`) REFERENCES `users` (`id`) ON DELETE SET NULL ON UPDATE CASCADE
) ENGINE=InnoDB AUTO_INCREMENT=316101 DEFAULT CHARSET=utf8mb4 COLLATE=utf8mb4_unicode_ci;

-- Dumping data for table appframe.__resource_form_field_depends: ~16 rows (approximately)
DELETE FROM `__resource_form_field_depends`;
/*!40000 ALTER TABLE `__resource_form_field_depends` DISABLE KEYS */;
INSERT INTO `__resource_form_field_depends` (`id`, `form_field`, `depend_field`, `db_field`, `operator`, `compare_method`, `method`, `value_db_field`, `ignore_null`, `created_by`, `updated_by`, `created_at`, `updated_at`) VALUES
	(1, 29, 'type', NULL, '=', NULL, 'id1List', NULL, 'Yes', NULL, NULL, '2019-10-04 09:46:19', '2019-10-04 09:46:19'),
	(2, 29, 'resource', NULL, '=', NULL, 'id1List', NULL, 'Yes', NULL, NULL, '2019-10-04 09:46:19', '2019-10-04 09:46:19'),
	(3, 30, 'type', NULL, '=', NULL, 'id2List', NULL, 'Yes', NULL, NULL, '2019-10-04 09:46:19', '2019-10-04 09:46:19'),
	(4, 30, 'resource', NULL, '=', NULL, 'id2List', NULL, 'Yes', NULL, NULL, '2019-10-04 09:46:19', '2019-10-04 09:46:19'),
	(5, 30, 'idn1', NULL, '=', NULL, 'id2List', NULL, 'Yes', NULL, NULL, '2019-10-04 09:46:19', '2019-10-04 09:46:19'),
	(6, 31, 'type', NULL, '=', NULL, 'id3List', NULL, 'Yes', NULL, NULL, '2019-10-04 09:46:19', '2019-10-04 09:46:19'),
	(7, 31, 'idn2', NULL, '=', NULL, 'id3List', NULL, 'Yes', NULL, NULL, '2019-10-04 09:46:19', '2019-10-04 09:46:19'),
	(8, 38, 'type', NULL, '=', NULL, 'id1List', NULL, 'Yes', NULL, NULL, '2019-10-04 09:46:19', '2019-10-04 09:46:19'),
	(9, 38, 'resource', NULL, '=', NULL, 'id1List', NULL, 'Yes', NULL, NULL, '2019-10-04 09:46:19', '2019-10-04 09:46:19'),
	(10, 39, 'type', NULL, '=', NULL, 'id2List', NULL, 'Yes', NULL, NULL, '2019-10-04 09:46:19', '2019-10-04 09:46:19'),
	(11, 39, 'resource', NULL, '=', NULL, 'id2List', NULL, 'Yes', NULL, NULL, '2019-10-04 09:46:19', '2019-10-04 09:46:19'),
	(12, 39, 'idn1', NULL, '=', NULL, 'id2List', NULL, 'Yes', NULL, NULL, '2019-10-04 09:46:19', '2019-10-04 09:46:19'),
	(13, 40, 'type', NULL, '=', NULL, 'id3List', NULL, 'Yes', NULL, NULL, '2019-10-04 09:46:19', '2019-10-04 09:46:19'),
	(14, 40, 'idn2', NULL, '=', NULL, 'id3List', NULL, 'Yes', NULL, NULL, '2019-10-04 09:46:19', '2019-10-04 09:46:19'),
	(15, 55, 'resource', 'resource', '=', NULL, NULL, NULL, 'Yes', NULL, NULL, '2019-10-04 09:46:19', '2019-10-04 09:46:19'),
	(16, 86, 'resource', 'resource', '=', NULL, NULL, NULL, 'Yes', NULL, NULL, '2019-10-04 09:46:19', '2019-10-04 09:46:19');
/*!40000 ALTER TABLE `__resource_form_field_depends` ENABLE KEYS */;

-- Dumping structure for table appframe.__resource_form_field_dynamic
DROP TABLE IF EXISTS `__resource_form_field_dynamic`;
CREATE TABLE IF NOT EXISTS `__resource_form_field_dynamic` (
  `id` int(10) unsigned NOT NULL AUTO_INCREMENT,
  `form_field` int(10) unsigned NOT NULL,
  `type` enum('disabled-enabled','enabled-disabled','hidden-visible','visible-hidden','readonly-editable','editable-readonly') COLLATE utf8mb4_unicode_ci NOT NULL DEFAULT 'disabled-enabled',
  `depend_field` varchar(64) COLLATE utf8mb4_unicode_ci DEFAULT NULL,
  `alter_on` enum('not null','value','null') COLLATE utf8mb4_unicode_ci NOT NULL DEFAULT 'not null',
  `value` varchar(128) COLLATE utf8mb4_unicode_ci DEFAULT NULL,
  `values` varchar(1024) COLLATE utf8mb4_unicode_ci DEFAULT NULL,
  `operator` enum('=','<','>','<=','>=','<>','In','NotIn','like') COLLATE utf8mb4_unicode_ci NOT NULL DEFAULT '=',
  `on_multiple` enum('and','or') COLLATE utf8mb4_unicode_ci NOT NULL DEFAULT 'and',
  `created_by` bigint(20) unsigned DEFAULT NULL,
  `updated_by` bigint(20) unsigned DEFAULT NULL,
  `created_at` timestamp NULL DEFAULT NULL,
  `updated_at` timestamp NULL DEFAULT NULL,
  PRIMARY KEY (`id`),
  KEY `__resource_form_field_dynamic_form_field_index` (`form_field`),
  KEY `__resource_form_field_dynamic_depend_field_index` (`depend_field`),
  KEY `__resource_form_field_dynamic_created_by_index` (`created_by`),
  KEY `__resource_form_field_dynamic_updated_by_index` (`updated_by`),
  CONSTRAINT `__resource_form_field_dynamic_created_by_foreign` FOREIGN KEY (`created_by`) REFERENCES `users` (`id`) ON DELETE SET NULL ON UPDATE CASCADE,
  CONSTRAINT `__resource_form_field_dynamic_form_field_foreign` FOREIGN KEY (`form_field`) REFERENCES `__resource_form_fields` (`id`) ON DELETE CASCADE ON UPDATE CASCADE,
  CONSTRAINT `__resource_form_field_dynamic_updated_by_foreign` FOREIGN KEY (`updated_by`) REFERENCES `users` (`id`) ON DELETE SET NULL ON UPDATE CASCADE
) ENGINE=InnoDB AUTO_INCREMENT=314101 DEFAULT CHARSET=utf8mb4 COLLATE=utf8mb4_unicode_ci;

-- Dumping data for table appframe.__resource_form_field_dynamic: ~2 rows (approximately)
DELETE FROM `__resource_form_field_dynamic`;
/*!40000 ALTER TABLE `__resource_form_field_dynamic` DISABLE KEYS */;
INSERT INTO `__resource_form_field_dynamic` (`id`, `form_field`, `type`, `depend_field`, `alter_on`, `value`, `values`, `operator`, `on_multiple`, `created_by`, `updated_by`, `created_at`, `updated_at`) VALUES
	(1, 30, 'disabled-enabled', 'type', 'value', NULL, 'FormWithData,AddRelation,ListRelation,ManageRelation', 'In', 'and', NULL, NULL, '2019-10-04 09:46:19', '2019-10-04 09:46:19'),
	(2, 31, 'disabled-enabled', 'type', 'value', NULL, 'AddRelation', '=', 'and', NULL, NULL, '2019-10-04 09:46:19', '2019-10-04 09:46:19');
/*!40000 ALTER TABLE `__resource_form_field_dynamic` ENABLE KEYS */;

-- Dumping structure for table appframe.__resource_form_field_options
DROP TABLE IF EXISTS `__resource_form_field_options`;
CREATE TABLE IF NOT EXISTS `__resource_form_field_options` (
  `id` int(10) unsigned NOT NULL AUTO_INCREMENT,
  `form_field` int(10) unsigned NOT NULL,
  `type` enum('List','Enum','Foreign','Method') COLLATE utf8mb4_unicode_ci NOT NULL DEFAULT 'List',
  `detail` text COLLATE utf8mb4_unicode_ci,
  `value_attr` varchar(64) COLLATE utf8mb4_unicode_ci DEFAULT NULL,
  `label_attr` varchar(128) COLLATE utf8mb4_unicode_ci DEFAULT NULL,
  `preload` enum('Yes','No') COLLATE utf8mb4_unicode_ci NOT NULL DEFAULT 'Yes',
  `created_by` bigint(20) unsigned DEFAULT NULL,
  `updated_by` bigint(20) unsigned DEFAULT NULL,
  `created_at` timestamp NULL DEFAULT NULL,
  `updated_at` timestamp NULL DEFAULT NULL,
  PRIMARY KEY (`id`),
  KEY `__resource_form_field_options_form_field_index` (`form_field`),
  KEY `__resource_form_field_options_created_by_index` (`created_by`),
  KEY `__resource_form_field_options_updated_by_index` (`updated_by`),
  CONSTRAINT `__resource_form_field_options_created_by_foreign` FOREIGN KEY (`created_by`) REFERENCES `users` (`id`) ON DELETE SET NULL ON UPDATE CASCADE,
  CONSTRAINT `__resource_form_field_options_form_field_foreign` FOREIGN KEY (`form_field`) REFERENCES `__resource_form_fields` (`id`) ON DELETE CASCADE ON UPDATE CASCADE,
  CONSTRAINT `__resource_form_field_options_updated_by_foreign` FOREIGN KEY (`updated_by`) REFERENCES `users` (`id`) ON DELETE SET NULL ON UPDATE CASCADE
) ENGINE=InnoDB AUTO_INCREMENT=312116 DEFAULT CHARSET=utf8mb4 COLLATE=utf8mb4_unicode_ci;

-- Dumping data for table appframe.__resource_form_field_options: ~35 rows (approximately)
DELETE FROM `__resource_form_field_options`;
/*!40000 ALTER TABLE `__resource_form_field_options` DISABLE KEYS */;
INSERT INTO `__resource_form_field_options` (`id`, `form_field`, `type`, `detail`, `value_attr`, `label_attr`, `preload`, `created_by`, `updated_by`, `created_at`, `updated_at`) VALUES
	(1, 8, 'Foreign', NULL, 'id', 'title', 'Yes', NULL, NULL, '2019-10-04 09:46:18', '2019-10-04 09:46:18'),
	(2, 13, 'Foreign', NULL, 'id', 'title', 'Yes', NULL, NULL, '2019-10-04 09:46:18', '2019-10-04 09:46:18'),
	(3, 22, 'Enum', NULL, NULL, NULL, 'Yes', NULL, NULL, '2019-10-04 09:46:18', '2019-10-04 09:46:18'),
	(4, 23, 'Foreign', NULL, 'id', 'name', 'Yes', NULL, NULL, '2019-10-04 09:46:18', '2019-10-04 09:46:18'),
	(5, 28, 'Enum', NULL, NULL, NULL, 'Yes', NULL, NULL, '2019-10-04 09:46:18', '2019-10-04 09:46:18'),
	(6, 29, 'Method', 'id1List', NULL, NULL, 'No', NULL, NULL, '2019-10-04 09:46:18', '2019-10-04 09:46:18'),
	(7, 30, 'Method', 'id2List', NULL, NULL, 'No', NULL, NULL, '2019-10-04 09:46:18', '2019-10-04 09:46:18'),
	(8, 31, 'Method', 'id3List', NULL, NULL, 'No', NULL, NULL, '2019-10-04 09:46:18', '2019-10-04 09:46:18'),
	(9, 37, 'Enum', NULL, NULL, NULL, 'Yes', NULL, NULL, '2019-10-04 09:46:18', '2019-10-04 09:46:18'),
	(10, 38, 'Method', 'id1List', NULL, NULL, 'Yes', NULL, NULL, '2019-10-04 09:46:18', '2019-10-04 09:46:18'),
	(11, 39, 'Method', 'id2List', NULL, NULL, 'Yes', NULL, NULL, '2019-10-04 09:46:18', '2019-10-04 09:46:18'),
	(12, 40, 'Method', 'id3List', NULL, NULL, 'Yes', NULL, NULL, '2019-10-04 09:46:18', '2019-10-04 09:46:18'),
	(13, 41, 'Foreign', NULL, 'id', 'name', 'Yes', NULL, NULL, '2019-10-04 09:46:19', '2019-10-04 09:46:19'),
	(14, 55, 'Foreign', NULL, 'id', 'name', 'Yes', NULL, NULL, '2019-10-04 09:46:19', '2019-10-04 09:46:19'),
	(15, 57, 'Foreign', NULL, 'id', 'name', 'Yes', NULL, NULL, '2019-10-04 09:46:19', '2019-10-04 09:46:19'),
	(16, 69, 'Foreign', NULL, 'id', 'name', 'Yes', NULL, NULL, '2019-10-04 09:46:19', '2019-10-04 09:46:19'),
	(17, 83, 'Foreign', NULL, 'id', 'title', 'Yes', NULL, NULL, '2019-10-04 09:46:19', '2019-10-04 09:46:19'),
	(18, 84, 'Foreign', NULL, 'id', 'name', 'Yes', NULL, NULL, '2019-10-04 09:46:19', '2019-10-04 09:46:19'),
	(19, 85, 'Enum', NULL, NULL, NULL, 'Yes', NULL, NULL, '2019-10-04 09:46:19', '2019-10-04 09:46:19'),
	(20, 86, 'List', '3', 'id', 'name', 'Yes', NULL, NULL, '2019-10-04 09:46:19', '2019-10-04 09:46:19'),
	(312101, 310103, 'Enum', NULL, NULL, NULL, 'Yes', NULL, NULL, '2019-10-04 09:47:03', '2019-10-04 09:47:03'),
	(312102, 310105, 'List', '322106', 'id', 'name', 'Yes', NULL, NULL, '2019-10-04 09:47:03', '2019-10-04 09:47:03'),
	(312103, 310106, 'Foreign', NULL, 'id', 'name', 'Yes', NULL, NULL, '2019-10-04 09:47:03', '2019-10-04 09:47:03'),
	(312104, 310108, 'Enum', NULL, NULL, NULL, 'Yes', NULL, NULL, '2019-10-04 09:47:03', '2019-10-04 09:47:03'),
	(312105, 310109, 'List', '322106', 'id', 'name', 'Yes', NULL, NULL, '2019-10-04 09:47:03', '2019-10-04 09:47:03'),
	(312106, 310110, 'Foreign', NULL, 'id', 'name', 'Yes', NULL, NULL, '2019-10-04 09:47:03', '2019-10-04 09:47:03'),
	(312107, 310111, 'Foreign', NULL, 'id', 'name', 'Yes', NULL, NULL, '2019-10-04 09:47:03', '2019-10-04 09:47:03'),
	(312108, 310112, 'Enum', NULL, NULL, NULL, 'Yes', NULL, NULL, '2019-10-04 09:47:03', '2019-10-04 09:47:03'),
	(312109, 310113, 'Foreign', NULL, 'id', 'narration', 'Yes', NULL, NULL, '2019-10-04 09:47:03', '2019-10-04 09:47:03'),
	(312110, 310119, 'Enum', NULL, NULL, NULL, 'Yes', NULL, NULL, '2019-10-04 09:47:03', '2019-10-04 09:47:03'),
	(312111, 310120, 'List', '322111', 'code', 'code', 'Yes', NULL, NULL, '2019-10-04 09:47:03', '2019-10-04 09:47:03'),
	(312112, 310121, 'Foreign', NULL, 'id', 'name', 'Yes', NULL, NULL, '2019-10-04 09:47:03', '2019-10-04 09:47:03'),
	(312113, 310122, 'Foreign', NULL, 'id', 'name', 'Yes', NULL, NULL, '2019-10-04 09:47:03', '2019-10-04 09:47:03'),
	(312114, 310128, 'Enum', NULL, NULL, NULL, 'Yes', NULL, NULL, '2019-10-04 09:47:03', '2019-10-04 09:47:03'),
	(312115, 310129, 'Enum', NULL, NULL, NULL, 'Yes', NULL, NULL, '2019-10-04 09:47:04', '2019-10-04 09:47:04');
/*!40000 ALTER TABLE `__resource_form_field_options` ENABLE KEYS */;

-- Dumping structure for table appframe.__resource_form_field_validations
DROP TABLE IF EXISTS `__resource_form_field_validations`;
CREATE TABLE IF NOT EXISTS `__resource_form_field_validations` (
  `id` int(10) unsigned NOT NULL AUTO_INCREMENT,
  `form_field` int(10) unsigned NOT NULL,
  `rule` varchar(512) COLLATE utf8mb4_unicode_ci DEFAULT NULL,
  `message` varchar(1024) COLLATE utf8mb4_unicode_ci DEFAULT NULL,
  `arg1` varchar(64) COLLATE utf8mb4_unicode_ci DEFAULT NULL,
  `arg2` varchar(64) COLLATE utf8mb4_unicode_ci DEFAULT NULL,
  `arg3` varchar(64) COLLATE utf8mb4_unicode_ci DEFAULT NULL,
  `arg4` varchar(64) COLLATE utf8mb4_unicode_ci DEFAULT NULL,
  `arg5` varchar(64) COLLATE utf8mb4_unicode_ci DEFAULT NULL,
  `created_by` bigint(20) unsigned DEFAULT NULL,
  `updated_by` bigint(20) unsigned DEFAULT NULL,
  `created_at` timestamp NULL DEFAULT NULL,
  `updated_at` timestamp NULL DEFAULT NULL,
  PRIMARY KEY (`id`),
  KEY `__resource_form_field_validations_form_field_index` (`form_field`),
  KEY `__resource_form_field_validations_created_by_index` (`created_by`),
  KEY `__resource_form_field_validations_updated_by_index` (`updated_by`),
  CONSTRAINT `__resource_form_field_validations_created_by_foreign` FOREIGN KEY (`created_by`) REFERENCES `users` (`id`) ON DELETE SET NULL ON UPDATE CASCADE,
  CONSTRAINT `__resource_form_field_validations_form_field_foreign` FOREIGN KEY (`form_field`) REFERENCES `__resource_form_fields` (`id`) ON DELETE CASCADE ON UPDATE CASCADE,
  CONSTRAINT `__resource_form_field_validations_updated_by_foreign` FOREIGN KEY (`updated_by`) REFERENCES `users` (`id`) ON DELETE SET NULL ON UPDATE CASCADE
) ENGINE=InnoDB AUTO_INCREMENT=315102 DEFAULT CHARSET=utf8mb4 COLLATE=utf8mb4_unicode_ci;

-- Dumping data for table appframe.__resource_form_field_validations: ~5 rows (approximately)
DELETE FROM `__resource_form_field_validations`;
/*!40000 ALTER TABLE `__resource_form_field_validations` DISABLE KEYS */;
INSERT INTO `__resource_form_field_validations` (`id`, `form_field`, `rule`, `message`, `arg1`, `arg2`, `arg3`, `arg4`, `arg5`, `created_by`, `updated_by`, `created_at`, `updated_at`) VALUES
	(1, 77, 'required', 'Group name cannot be empty', NULL, NULL, NULL, NULL, NULL, NULL, NULL, '2019-10-04 09:46:18', '2019-10-04 09:46:18'),
	(2, 78, 'required', 'Group title cannot be empty', NULL, NULL, NULL, NULL, NULL, NULL, NULL, '2019-10-04 09:46:18', '2019-10-04 09:46:18'),
	(3, 80, 'required', 'Group name cannot be empty', NULL, NULL, NULL, NULL, NULL, NULL, NULL, '2019-10-04 09:46:18', '2019-10-04 09:46:18'),
	(4, 81, 'required', 'Group title cannot be empty', NULL, NULL, NULL, NULL, NULL, NULL, NULL, '2019-10-04 09:46:18', '2019-10-04 09:46:18'),
	(315101, 310101, 'required', 'Name is mandatory', NULL, NULL, NULL, NULL, NULL, NULL, NULL, '2019-10-04 09:47:03', '2019-10-04 09:47:03');
/*!40000 ALTER TABLE `__resource_form_field_validations` ENABLE KEYS */;

-- Dumping structure for table appframe.__resource_form_layout
DROP TABLE IF EXISTS `__resource_form_layout`;
CREATE TABLE IF NOT EXISTS `__resource_form_layout` (
  `id` int(10) unsigned NOT NULL AUTO_INCREMENT,
  `resource_form` int(10) unsigned NOT NULL,
  `form_field` int(10) unsigned NOT NULL,
  `colspan` tinyint(3) unsigned NOT NULL DEFAULT '12',
  `created_by` bigint(20) unsigned DEFAULT NULL,
  `updated_by` bigint(20) unsigned DEFAULT NULL,
  `created_at` timestamp NULL DEFAULT NULL,
  `updated_at` timestamp NULL DEFAULT NULL,
  PRIMARY KEY (`id`),
  KEY `__resource_form_layout_resource_form_index` (`resource_form`),
  KEY `__resource_form_layout_form_field_index` (`form_field`),
  KEY `__resource_form_layout_created_by_index` (`created_by`),
  KEY `__resource_form_layout_updated_by_index` (`updated_by`),
  CONSTRAINT `__resource_form_layout_created_by_foreign` FOREIGN KEY (`created_by`) REFERENCES `users` (`id`) ON DELETE SET NULL ON UPDATE CASCADE,
  CONSTRAINT `__resource_form_layout_form_field_foreign` FOREIGN KEY (`form_field`) REFERENCES `__resource_form_fields` (`id`) ON DELETE CASCADE ON UPDATE CASCADE,
  CONSTRAINT `__resource_form_layout_resource_form_foreign` FOREIGN KEY (`resource_form`) REFERENCES `__resource_forms` (`id`) ON DELETE CASCADE ON UPDATE CASCADE,
  CONSTRAINT `__resource_form_layout_updated_by_foreign` FOREIGN KEY (`updated_by`) REFERENCES `users` (`id`) ON DELETE SET NULL ON UPDATE CASCADE
) ENGINE=InnoDB AUTO_INCREMENT=317108 DEFAULT CHARSET=utf8mb4 COLLATE=utf8mb4_unicode_ci;

-- Dumping data for table appframe.__resource_form_layout: ~59 rows (approximately)
DELETE FROM `__resource_form_layout`;
/*!40000 ALTER TABLE `__resource_form_layout` DISABLE KEYS */;
INSERT INTO `__resource_form_layout` (`id`, `resource_form`, `form_field`, `colspan`, `created_by`, `updated_by`, `created_at`, `updated_at`) VALUES
	(1, 3, 7, 6, NULL, NULL, '2019-10-04 09:46:19', '2019-10-04 09:46:19'),
	(2, 3, 8, 6, NULL, NULL, '2019-10-04 09:46:19', '2019-10-04 09:46:19'),
	(3, 3, 9, 6, NULL, NULL, '2019-10-04 09:46:19', '2019-10-04 09:46:19'),
	(4, 3, 10, 6, NULL, NULL, '2019-10-04 09:46:19', '2019-10-04 09:46:19'),
	(5, 6, 15, 6, NULL, NULL, '2019-10-04 09:46:19', '2019-10-04 09:46:19'),
	(6, 6, 16, 6, NULL, NULL, '2019-10-04 09:46:20', '2019-10-04 09:46:20'),
	(7, 6, 17, 12, NULL, NULL, '2019-10-04 09:46:20', '2019-10-04 09:46:20'),
	(8, 6, 18, 6, NULL, NULL, '2019-10-04 09:46:20', '2019-10-04 09:46:20'),
	(9, 6, 19, 6, NULL, NULL, '2019-10-04 09:46:20', '2019-10-04 09:46:20'),
	(10, 6, 20, 4, NULL, NULL, '2019-10-04 09:46:20', '2019-10-04 09:46:20'),
	(11, 6, 21, 4, NULL, NULL, '2019-10-04 09:46:20', '2019-10-04 09:46:20'),
	(12, 6, 22, 4, NULL, NULL, '2019-10-04 09:46:20', '2019-10-04 09:46:20'),
	(13, 7, 23, 12, NULL, NULL, '2019-10-04 09:46:20', '2019-10-04 09:46:20'),
	(14, 7, 24, 4, NULL, NULL, '2019-10-04 09:46:20', '2019-10-04 09:46:20'),
	(15, 7, 25, 4, NULL, NULL, '2019-10-04 09:46:20', '2019-10-04 09:46:20'),
	(16, 7, 26, 4, NULL, NULL, '2019-10-04 09:46:20', '2019-10-04 09:46:20'),
	(17, 7, 27, 12, NULL, NULL, '2019-10-04 09:46:20', '2019-10-04 09:46:20'),
	(18, 7, 28, 3, NULL, NULL, '2019-10-04 09:46:20', '2019-10-04 09:46:20'),
	(19, 7, 29, 3, NULL, NULL, '2019-10-04 09:46:20', '2019-10-04 09:46:20'),
	(20, 7, 30, 3, NULL, NULL, '2019-10-04 09:46:20', '2019-10-04 09:46:20'),
	(21, 7, 31, 3, NULL, NULL, '2019-10-04 09:46:20', '2019-10-04 09:46:20'),
	(22, 9, 41, 12, NULL, NULL, '2019-10-04 09:46:20', '2019-10-04 09:46:20'),
	(23, 9, 42, 4, NULL, NULL, '2019-10-04 09:46:20', '2019-10-04 09:46:20'),
	(24, 9, 43, 4, NULL, NULL, '2019-10-04 09:46:20', '2019-10-04 09:46:20'),
	(25, 9, 44, 4, NULL, NULL, '2019-10-04 09:46:20', '2019-10-04 09:46:20'),
	(26, 9, 45, 12, NULL, NULL, '2019-10-04 09:46:20', '2019-10-04 09:46:20'),
	(27, 12, 57, 12, NULL, NULL, '2019-10-04 09:46:20', '2019-10-04 09:46:20'),
	(28, 12, 58, 3, NULL, NULL, '2019-10-04 09:46:20', '2019-10-04 09:46:20'),
	(29, 12, 59, 3, NULL, NULL, '2019-10-04 09:46:20', '2019-10-04 09:46:20'),
	(30, 12, 60, 3, NULL, NULL, '2019-10-04 09:46:20', '2019-10-04 09:46:20'),
	(31, 12, 61, 3, NULL, NULL, '2019-10-04 09:46:20', '2019-10-04 09:46:20'),
	(32, 12, 62, 12, NULL, NULL, '2019-10-04 09:46:20', '2019-10-04 09:46:20'),
	(33, 13, 63, 12, NULL, NULL, '2019-10-04 09:46:20', '2019-10-04 09:46:20'),
	(34, 13, 64, 6, NULL, NULL, '2019-10-04 09:46:20', '2019-10-04 09:46:20'),
	(35, 13, 65, 6, NULL, NULL, '2019-10-04 09:46:20', '2019-10-04 09:46:20'),
	(36, 13, 66, 6, NULL, NULL, '2019-10-04 09:46:21', '2019-10-04 09:46:21'),
	(37, 13, 67, 6, NULL, NULL, '2019-10-04 09:46:21', '2019-10-04 09:46:21'),
	(38, 13, 68, 12, NULL, NULL, '2019-10-04 09:46:21', '2019-10-04 09:46:21'),
	(39, 14, 69, 12, NULL, NULL, '2019-10-04 09:46:21', '2019-10-04 09:46:21'),
	(40, 14, 70, 6, NULL, NULL, '2019-10-04 09:46:21', '2019-10-04 09:46:21'),
	(41, 14, 71, 6, NULL, NULL, '2019-10-04 09:46:21', '2019-10-04 09:46:21'),
	(42, 14, 72, 12, NULL, NULL, '2019-10-04 09:46:21', '2019-10-04 09:46:21'),
	(43, 16, 77, 6, NULL, NULL, '2019-10-04 09:46:21', '2019-10-04 09:46:21'),
	(44, 16, 78, 6, NULL, NULL, '2019-10-04 09:46:21', '2019-10-04 09:46:21'),
	(45, 16, 79, 12, NULL, NULL, '2019-10-04 09:46:21', '2019-10-04 09:46:21'),
	(46, 17, 80, 6, NULL, NULL, '2019-10-04 09:46:21', '2019-10-04 09:46:21'),
	(47, 17, 81, 6, NULL, NULL, '2019-10-04 09:46:21', '2019-10-04 09:46:21'),
	(48, 17, 82, 12, NULL, NULL, '2019-10-04 09:46:21', '2019-10-04 09:46:21'),
	(49, 18, 83, 12, NULL, NULL, '2019-10-04 09:46:21', '2019-10-04 09:46:21'),
	(50, 18, 84, 12, NULL, NULL, '2019-10-04 09:46:21', '2019-10-04 09:46:21'),
	(51, 18, 85, 4, NULL, NULL, '2019-10-04 09:46:21', '2019-10-04 09:46:21'),
	(52, 18, 86, 8, NULL, NULL, '2019-10-04 09:46:21', '2019-10-04 09:46:21'),
	(317101, 309101, 310101, 4, NULL, NULL, '2019-10-04 09:47:04', '2019-10-04 09:47:04'),
	(317102, 309101, 310102, 4, NULL, NULL, '2019-10-04 09:47:04', '2019-10-04 09:47:04'),
	(317103, 309101, 310103, 4, NULL, NULL, '2019-10-04 09:47:04', '2019-10-04 09:47:04'),
	(317104, 309101, 310104, 12, NULL, NULL, '2019-10-04 09:47:04', '2019-10-04 09:47:04'),
	(317105, 309102, 310105, 6, NULL, NULL, '2019-10-04 09:47:04', '2019-10-04 09:47:04'),
	(317106, 309102, 310106, 6, NULL, NULL, '2019-10-04 09:47:04', '2019-10-04 09:47:04'),
	(317107, 309102, 310107, 12, NULL, NULL, '2019-10-04 09:47:04', '2019-10-04 09:47:04');
/*!40000 ALTER TABLE `__resource_form_layout` ENABLE KEYS */;

-- Dumping structure for table appframe.__resource_form_upload
DROP TABLE IF EXISTS `__resource_form_upload`;
CREATE TABLE IF NOT EXISTS `__resource_form_upload` (
  `id` int(10) unsigned NOT NULL AUTO_INCREMENT,
  `name` varchar(256) COLLATE utf8mb4_unicode_ci DEFAULT NULL,
  `name_client` varchar(1024) COLLATE utf8mb4_unicode_ci DEFAULT NULL,
  `mime` varchar(64) COLLATE utf8mb4_unicode_ci DEFAULT NULL,
  `mime_client` varchar(256) COLLATE utf8mb4_unicode_ci DEFAULT NULL,
  `size` int(10) unsigned NOT NULL DEFAULT '1',
  `disk` varchar(64) COLLATE utf8mb4_unicode_ci DEFAULT NULL,
  `path` varchar(512) COLLATE utf8mb4_unicode_ci DEFAULT NULL,
  `file` varchar(2048) COLLATE utf8mb4_unicode_ci DEFAULT NULL,
  `extension` varchar(32) COLLATE utf8mb4_unicode_ci DEFAULT NULL,
  `created_by` bigint(20) unsigned DEFAULT NULL,
  `updated_by` bigint(20) unsigned DEFAULT NULL,
  `created_at` timestamp NULL DEFAULT NULL,
  `updated_at` timestamp NULL DEFAULT NULL,
  PRIMARY KEY (`id`),
  KEY `__resource_form_upload_created_by_index` (`created_by`),
  KEY `__resource_form_upload_updated_by_index` (`updated_by`),
  CONSTRAINT `__resource_form_upload_created_by_foreign` FOREIGN KEY (`created_by`) REFERENCES `users` (`id`) ON DELETE SET NULL ON UPDATE CASCADE,
  CONSTRAINT `__resource_form_upload_updated_by_foreign` FOREIGN KEY (`updated_by`) REFERENCES `users` (`id`) ON DELETE SET NULL ON UPDATE CASCADE
) ENGINE=InnoDB AUTO_INCREMENT=321101 DEFAULT CHARSET=utf8mb4 COLLATE=utf8mb4_unicode_ci;

-- Dumping data for table appframe.__resource_form_upload: ~0 rows (approximately)
DELETE FROM `__resource_form_upload`;
/*!40000 ALTER TABLE `__resource_form_upload` DISABLE KEYS */;
/*!40000 ALTER TABLE `__resource_form_upload` ENABLE KEYS */;

-- Dumping structure for table appframe.__resource_lists
DROP TABLE IF EXISTS `__resource_lists`;
CREATE TABLE IF NOT EXISTS `__resource_lists` (
  `id` int(10) unsigned NOT NULL AUTO_INCREMENT,
  `resource` int(10) unsigned NOT NULL,
  `name` varchar(64) COLLATE utf8mb4_unicode_ci NOT NULL,
  `description` varchar(1024) COLLATE utf8mb4_unicode_ci DEFAULT NULL,
  `title` varchar(128) COLLATE utf8mb4_unicode_ci DEFAULT NULL,
  `identity` varchar(64) COLLATE utf8mb4_unicode_ci DEFAULT NULL,
  `items_per_page` smallint(5) unsigned NOT NULL DEFAULT '25',
  `method` varchar(128) COLLATE utf8mb4_unicode_ci DEFAULT NULL,
  `created_by` bigint(20) unsigned DEFAULT NULL,
  `updated_by` bigint(20) unsigned DEFAULT NULL,
  `created_at` timestamp NULL DEFAULT NULL,
  `updated_at` timestamp NULL DEFAULT NULL,
  PRIMARY KEY (`id`),
  KEY `__resource_lists_resource_index` (`resource`),
  KEY `__resource_lists_name_index` (`name`),
  KEY `__resource_lists_created_by_index` (`created_by`),
  KEY `__resource_lists_updated_by_index` (`updated_by`),
  CONSTRAINT `__resource_lists_created_by_foreign` FOREIGN KEY (`created_by`) REFERENCES `users` (`id`) ON DELETE SET NULL ON UPDATE CASCADE,
  CONSTRAINT `__resource_lists_resource_foreign` FOREIGN KEY (`resource`) REFERENCES `__resources` (`id`) ON DELETE CASCADE ON UPDATE CASCADE,
  CONSTRAINT `__resource_lists_updated_by_foreign` FOREIGN KEY (`updated_by`) REFERENCES `users` (`id`) ON DELETE SET NULL ON UPDATE CASCADE
) ENGINE=InnoDB AUTO_INCREMENT=322112 DEFAULT CHARSET=utf8mb4 COLLATE=utf8mb4_unicode_ci;

-- Dumping data for table appframe.__resource_lists: ~37 rows (approximately)
DELETE FROM `__resource_lists`;
/*!40000 ALTER TABLE `__resource_lists` DISABLE KEYS */;
INSERT INTO `__resource_lists` (`id`, `resource`, `name`, `description`, `title`, `identity`, `items_per_page`, `method`, `created_by`, `updated_by`, `created_at`, `updated_at`) VALUES
	(1, 1, 'UsersListForSetup', 'List all users', 'Users', 'name', 20, NULL, NULL, NULL, '2019-10-04 09:46:21', '2019-10-04 09:46:21'),
	(2, 1, 'UsersList', 'List all users', 'Users', 'name', 80, NULL, NULL, NULL, '2019-10-04 09:46:21', '2019-10-04 09:46:21'),
	(3, 4, 'ResourcesList', 'List all resources', 'Resources', 'name', 100, NULL, NULL, NULL, '2019-10-04 09:46:21', '2019-10-04 09:46:21'),
	(4, 30, 'ActionsList', 'List all actions', 'Actions', 'name', 100, NULL, NULL, NULL, '2019-10-04 09:46:21', '2019-10-04 09:46:21'),
	(5, 8, 'FormsList', 'List all forms', 'Forms', 'name', 100, NULL, NULL, NULL, '2019-10-04 09:46:21', '2019-10-04 09:46:21'),
	(6, 20, 'ListsList', 'List all lists', 'Lists', 'name', 100, NULL, NULL, NULL, '2019-10-04 09:46:22', '2019-10-04 09:46:22'),
	(7, 25, 'DataList', 'List all data', 'Data', 'name', 100, NULL, NULL, NULL, '2019-10-04 09:46:22', '2019-10-04 09:46:22'),
	(8, 9, 'FieldsList', 'List all fields', 'Fields', 'label', 20, NULL, NULL, NULL, '2019-10-04 09:46:22', '2019-10-04 09:46:22'),
	(9, 16, 'FormLayout', 'List all layout details of a form', 'Form Layout', 'form.name', 20, NULL, NULL, NULL, '2019-10-04 09:46:22', '2019-10-04 09:46:22'),
	(10, 17, 'FormCollections', 'List all collection forms of a form', 'Form Colletion', 'form.name', 5, NULL, NULL, NULL, '2019-10-04 09:46:22', '2019-10-04 09:46:22'),
	(11, 21, 'ListRelations', 'List all relations of a list', 'List Relations', 'list.name', 10, NULL, NULL, NULL, '2019-10-04 09:46:22', '2019-10-04 09:46:22'),
	(12, 22, 'ListScopes', 'List all scopes of a list', 'List Scopes', 'list.name', 10, NULL, NULL, NULL, '2019-10-04 09:46:22', '2019-10-04 09:46:22'),
	(13, 23, 'ListLayout', 'List layout details of a list', 'List Layout', 'list.name', 20, NULL, NULL, NULL, '2019-10-04 09:46:22', '2019-10-04 09:46:22'),
	(14, 24, 'ListSearchFields', 'Searchable fields of a list', 'List Searchable Fields', 'list.name', 20, NULL, NULL, NULL, '2019-10-04 09:46:22', '2019-10-04 09:46:22'),
	(15, 26, 'DataRelations', 'List all relations of a data', 'Data Relations', 'data.name', 20, NULL, NULL, NULL, '2019-10-04 09:46:22', '2019-10-04 09:46:22'),
	(16, 27, 'DataScopes', 'List all scopes of a data', 'Data Scopes', 'data.name', 20, NULL, NULL, NULL, '2019-10-04 09:46:22', '2019-10-04 09:46:22'),
	(17, 28, 'DataSections', 'List all sections of a data', 'Data Sections', 'data.name', 20, NULL, NULL, NULL, '2019-10-04 09:46:22', '2019-10-04 09:46:22'),
	(18, 32, 'ActionAttrs', 'List all action attributes', 'Action Attributes', 'action.name', 20, NULL, NULL, NULL, '2019-10-04 09:46:22', '2019-10-04 09:46:22'),
	(19, 11, 'FieldAttrsList', 'List all field attributes', 'Field Attributes', 'field.label', 30, NULL, NULL, NULL, '2019-10-04 09:46:22', '2019-10-04 09:46:22'),
	(20, 12, 'FieldOptionsList', 'List all field options', 'Field Options', 'field.label', 5, NULL, NULL, NULL, '2019-10-04 09:46:22', '2019-10-04 09:46:22'),
	(21, 13, 'FieldValidationsList', 'List all field validations', 'Field Validations', 'field.label', 10, NULL, NULL, NULL, '2019-10-04 09:46:22', '2019-10-04 09:46:22'),
	(22, 14, 'FieldDependsList', 'List all field dependents', 'Field Depends', 'field.label', 5, NULL, NULL, NULL, '2019-10-04 09:46:22', '2019-10-04 09:46:22'),
	(23, 15, 'FieldDynamicsList', 'List all field dynamics', 'Field Dynamics', 'field.label', 5, NULL, NULL, NULL, '2019-10-04 09:46:22', '2019-10-04 09:46:22'),
	(24, 2, 'GroupsList', 'List all groups', 'Groups', 'name', 20, NULL, NULL, NULL, '2019-10-04 09:46:22', '2019-10-04 09:46:22'),
	(25, 3, 'RolesList', 'List all roles', 'Roles', 'name', 20, NULL, NULL, NULL, '2019-10-04 09:46:22', '2019-10-04 09:46:22'),
	(26, 5, 'RoleResourcesList', 'List all resources of a role', 'Resources', 'role.name', 30, NULL, NULL, NULL, '2019-10-04 09:46:22', '2019-10-04 09:46:22'),
	(322101, 305105, 'Settings', 'List all available Settings', 'Settings', 'name', 20, NULL, NULL, NULL, '2019-10-04 09:47:04', '2019-10-04 09:47:04'),
	(322102, 305101, 'ListAllUsers', 'List all available users', 'Users', 'name', 50, NULL, NULL, NULL, '2019-10-04 09:47:04', '2019-10-04 09:47:04'),
	(322103, 305117, 'ListAllUserSetting', 'List all user setting and value', 'User Settings', 'user.name', 50, NULL, NULL, NULL, '2019-10-04 09:47:04', '2019-10-04 09:47:04'),
	(322104, 305101, 'SalesExecutiveUserList', 'List all sales executives from users', 'Sales Executives', 'name', 50, NULL, NULL, NULL, '2019-10-04 09:47:04', '2019-10-04 09:47:04'),
	(322105, 305118, 'UserStoreAreaList', 'List all records in User Store Area', 'User, Store and Area', 'user.name', 50, NULL, NULL, NULL, '2019-10-04 09:47:04', '2019-10-04 09:47:04'),
	(322106, 305115, 'AreaList', 'List all areas', 'Area', 'name', 50, NULL, NULL, NULL, '2019-10-04 09:47:04', '2019-10-04 09:47:04'),
	(322107, 305114, 'StoresList', 'List all stores', 'Stores', 'name', 50, NULL, NULL, NULL, '2019-10-04 09:47:04', '2019-10-04 09:47:04'),
	(322108, 305110, 'ProductImageList', 'List All entries', 'Product Images', 'product.narration', 15, NULL, NULL, NULL, '2019-10-04 09:47:04', '2019-10-04 09:47:04'),
	(322109, 305113, 'FunctionDetailList', 'List All functions available', 'Function details list', 'code', 50, NULL, NULL, NULL, '2019-10-04 09:47:04', '2019-10-04 09:47:04'),
	(322110, 305127, 'ReservesList', 'List all reserves', 'Function Reserves', 'code', 50, NULL, NULL, NULL, '2019-10-04 09:47:04', '2019-10-04 09:47:04'),
	(322111, 305127, 'UncompletedReservesList', 'List all reserve entries which are uncompleted', 'Function Reserves', 'code', 50, NULL, NULL, NULL, '2019-10-04 09:47:04', '2019-10-04 09:47:04');
/*!40000 ALTER TABLE `__resource_lists` ENABLE KEYS */;

-- Dumping structure for table appframe.__resource_list_layout
DROP TABLE IF EXISTS `__resource_list_layout`;
CREATE TABLE IF NOT EXISTS `__resource_list_layout` (
  `id` int(10) unsigned NOT NULL AUTO_INCREMENT,
  `resource_list` int(10) unsigned NOT NULL,
  `label` varchar(128) COLLATE utf8mb4_unicode_ci DEFAULT NULL,
  `field` varchar(64) COLLATE utf8mb4_unicode_ci DEFAULT NULL,
  `relation` int(10) unsigned DEFAULT NULL,
  `nest_relation1` int(10) unsigned DEFAULT NULL,
  `nest_relation2` int(10) unsigned DEFAULT NULL,
  `created_by` bigint(20) unsigned DEFAULT NULL,
  `updated_by` bigint(20) unsigned DEFAULT NULL,
  `created_at` timestamp NULL DEFAULT NULL,
  `updated_at` timestamp NULL DEFAULT NULL,
  PRIMARY KEY (`id`),
  KEY `__resource_list_layout_resource_list_index` (`resource_list`),
  KEY `__resource_list_layout_relation_index` (`relation`),
  KEY `__resource_list_layout_nest_relation1_index` (`nest_relation1`),
  KEY `__resource_list_layout_nest_relation2_index` (`nest_relation2`),
  KEY `__resource_list_layout_created_by_index` (`created_by`),
  KEY `__resource_list_layout_updated_by_index` (`updated_by`),
  CONSTRAINT `__resource_list_layout_created_by_foreign` FOREIGN KEY (`created_by`) REFERENCES `users` (`id`) ON DELETE SET NULL ON UPDATE CASCADE,
  CONSTRAINT `__resource_list_layout_nest_relation1_foreign` FOREIGN KEY (`nest_relation1`) REFERENCES `__resource_relations` (`id`) ON DELETE SET NULL ON UPDATE CASCADE,
  CONSTRAINT `__resource_list_layout_nest_relation2_foreign` FOREIGN KEY (`nest_relation2`) REFERENCES `__resource_relations` (`id`) ON DELETE SET NULL ON UPDATE CASCADE,
  CONSTRAINT `__resource_list_layout_relation_foreign` FOREIGN KEY (`relation`) REFERENCES `__resource_relations` (`id`) ON DELETE SET NULL ON UPDATE CASCADE,
  CONSTRAINT `__resource_list_layout_resource_list_foreign` FOREIGN KEY (`resource_list`) REFERENCES `__resource_lists` (`id`) ON DELETE CASCADE ON UPDATE CASCADE,
  CONSTRAINT `__resource_list_layout_updated_by_foreign` FOREIGN KEY (`updated_by`) REFERENCES `users` (`id`) ON DELETE SET NULL ON UPDATE CASCADE
) ENGINE=InnoDB AUTO_INCREMENT=325138 DEFAULT CHARSET=utf8mb4 COLLATE=utf8mb4_unicode_ci;

-- Dumping data for table appframe.__resource_list_layout: ~135 rows (approximately)
DELETE FROM `__resource_list_layout`;
/*!40000 ALTER TABLE `__resource_list_layout` DISABLE KEYS */;
INSERT INTO `__resource_list_layout` (`id`, `resource_list`, `label`, `field`, `relation`, `nest_relation1`, `nest_relation2`, `created_by`, `updated_by`, `created_at`, `updated_at`) VALUES
	(1, 1, 'Name', 'name', NULL, NULL, NULL, NULL, NULL, '2019-10-04 09:46:23', '2019-10-04 09:46:23'),
	(2, 1, 'Email', 'email', NULL, NULL, NULL, NULL, NULL, '2019-10-04 09:46:23', '2019-10-04 09:46:23'),
	(3, 1, 'Groups', 'title', 1, NULL, NULL, NULL, NULL, '2019-10-04 09:46:23', '2019-10-04 09:46:23'),
	(4, 2, 'Name', 'name', NULL, NULL, NULL, NULL, NULL, '2019-10-04 09:46:23', '2019-10-04 09:46:23'),
	(5, 2, 'Email', 'email', NULL, NULL, NULL, NULL, NULL, '2019-10-04 09:46:23', '2019-10-04 09:46:23'),
	(6, 2, 'Groups', 'title', 1, NULL, NULL, NULL, NULL, '2019-10-04 09:46:23', '2019-10-04 09:46:23'),
	(7, 3, 'ID', 'id', NULL, NULL, NULL, NULL, NULL, '2019-10-04 09:46:23', '2019-10-04 09:46:23'),
	(8, 3, 'Name', 'name', NULL, NULL, NULL, NULL, NULL, '2019-10-04 09:46:23', '2019-10-04 09:46:23'),
	(9, 3, 'Title', 'title', NULL, NULL, NULL, NULL, NULL, '2019-10-04 09:46:23', '2019-10-04 09:46:23'),
	(10, 4, 'ID', 'id', NULL, NULL, NULL, NULL, NULL, '2019-10-04 09:46:23', '2019-10-04 09:46:23'),
	(11, 4, 'Resource', 'name', 11, NULL, NULL, NULL, NULL, '2019-10-04 09:46:23', '2019-10-04 09:46:23'),
	(12, 4, 'Name', 'name', NULL, NULL, NULL, NULL, NULL, '2019-10-04 09:46:23', '2019-10-04 09:46:23'),
	(13, 4, 'Title', 'title', NULL, NULL, NULL, NULL, NULL, '2019-10-04 09:46:23', '2019-10-04 09:46:23'),
	(14, 4, 'Menu', 'menu', NULL, NULL, NULL, NULL, NULL, '2019-10-04 09:46:23', '2019-10-04 09:46:23'),
	(15, 4, 'Type', 'type', 8, NULL, NULL, NULL, NULL, '2019-10-04 09:46:23', '2019-10-04 09:46:23'),
	(16, 5, 'ID', 'id', NULL, NULL, NULL, NULL, NULL, '2019-10-04 09:46:23', '2019-10-04 09:46:23'),
	(17, 5, 'Resource', 'name', 19, NULL, NULL, NULL, NULL, '2019-10-04 09:46:23', '2019-10-04 09:46:23'),
	(18, 5, 'Name', 'name', NULL, NULL, NULL, NULL, NULL, '2019-10-04 09:46:23', '2019-10-04 09:46:23'),
	(19, 5, 'Title', 'title', NULL, NULL, NULL, NULL, NULL, '2019-10-04 09:46:24', '2019-10-04 09:46:24'),
	(20, 6, 'ID', 'id', NULL, NULL, NULL, NULL, NULL, '2019-10-04 09:46:24', '2019-10-04 09:46:24'),
	(21, 6, 'Resource', 'name', 25, NULL, NULL, NULL, NULL, '2019-10-04 09:46:24', '2019-10-04 09:46:24'),
	(22, 6, 'Name', 'name', NULL, NULL, NULL, NULL, NULL, '2019-10-04 09:46:24', '2019-10-04 09:46:24'),
	(23, 6, 'Title', 'title', NULL, NULL, NULL, NULL, NULL, '2019-10-04 09:46:24', '2019-10-04 09:46:24'),
	(24, 6, 'Identity Field', 'identity', NULL, NULL, NULL, NULL, NULL, '2019-10-04 09:46:24', '2019-10-04 09:46:24'),
	(25, 6, 'Per Page', 'items_per_page', NULL, NULL, NULL, NULL, NULL, '2019-10-04 09:46:24', '2019-10-04 09:46:24'),
	(26, 7, 'ID', 'id', NULL, NULL, NULL, NULL, NULL, '2019-10-04 09:46:24', '2019-10-04 09:46:24'),
	(27, 7, 'Resource', 'name', 30, NULL, NULL, NULL, NULL, '2019-10-04 09:46:24', '2019-10-04 09:46:24'),
	(28, 7, 'Name', 'name', NULL, NULL, NULL, NULL, NULL, '2019-10-04 09:46:24', '2019-10-04 09:46:24'),
	(29, 7, 'Title Field', 'title_field', NULL, NULL, NULL, NULL, NULL, '2019-10-04 09:46:24', '2019-10-04 09:46:24'),
	(30, 8, 'Form', 'name', 42, NULL, NULL, NULL, NULL, '2019-10-04 09:46:24', '2019-10-04 09:46:24'),
	(31, 8, 'Name', 'name', NULL, NULL, NULL, NULL, NULL, '2019-10-04 09:46:24', '2019-10-04 09:46:24'),
	(32, 8, 'Type', 'type', NULL, NULL, NULL, NULL, NULL, '2019-10-04 09:46:24', '2019-10-04 09:46:24'),
	(33, 8, 'Label', 'label', NULL, NULL, NULL, NULL, NULL, '2019-10-04 09:46:24', '2019-10-04 09:46:24'),
	(34, 9, 'Form', 'name', 59, 42, NULL, NULL, NULL, '2019-10-04 09:46:24', '2019-10-04 09:46:24'),
	(35, 9, 'Field', 'name', 59, NULL, NULL, NULL, NULL, '2019-10-04 09:46:24', '2019-10-04 09:46:24'),
	(36, 9, 'Colspan', 'colspan', NULL, NULL, NULL, NULL, NULL, '2019-10-04 09:46:24', '2019-10-04 09:46:24'),
	(37, 10, 'Collection Form', 'name', 39, NULL, NULL, NULL, NULL, '2019-10-04 09:46:24', '2019-10-04 09:46:24'),
	(38, 10, 'Relation', 'name', 40, NULL, NULL, NULL, NULL, '2019-10-04 09:46:24', '2019-10-04 09:46:24'),
	(39, 10, 'Foreign Field', 'label', 60, NULL, NULL, NULL, NULL, '2019-10-04 09:46:24', '2019-10-04 09:46:24'),
	(40, 10, 'Foreign Field Name', 'name', 60, NULL, NULL, NULL, NULL, '2019-10-04 09:46:24', '2019-10-04 09:46:24'),
	(41, 10, 'Foreign Field Type', 'type', 60, NULL, NULL, NULL, NULL, '2019-10-04 09:46:24', '2019-10-04 09:46:24'),
	(42, 11, 'List', 'name', 61, NULL, NULL, NULL, NULL, '2019-10-04 09:46:24', '2019-10-04 09:46:24'),
	(43, 11, 'Relation', 'name', 62, NULL, NULL, NULL, NULL, '2019-10-04 09:46:24', '2019-10-04 09:46:24'),
	(44, 11, 'Nest Relation', 'name', 63, NULL, NULL, NULL, NULL, '2019-10-04 09:46:24', '2019-10-04 09:46:24'),
	(45, 12, 'List', 'name', 64, NULL, NULL, NULL, NULL, '2019-10-04 09:46:24', '2019-10-04 09:46:24'),
	(46, 12, 'Scope', 'name', 65, NULL, NULL, NULL, NULL, '2019-10-04 09:46:24', '2019-10-04 09:46:24'),
	(47, 13, 'List', 'name', 66, NULL, NULL, NULL, NULL, '2019-10-04 09:46:24', '2019-10-04 09:46:24'),
	(48, 13, 'Label', 'label', NULL, NULL, NULL, NULL, NULL, '2019-10-04 09:46:24', '2019-10-04 09:46:24'),
	(49, 13, 'Field', 'field', NULL, NULL, NULL, NULL, NULL, '2019-10-04 09:46:24', '2019-10-04 09:46:24'),
	(50, 13, 'Relation', 'name', 67, NULL, NULL, NULL, NULL, '2019-10-04 09:46:24', '2019-10-04 09:46:24'),
	(51, 14, 'List', 'name', 68, NULL, NULL, NULL, NULL, '2019-10-04 09:46:24', '2019-10-04 09:46:24'),
	(52, 14, 'Field', 'field', NULL, NULL, NULL, NULL, NULL, '2019-10-04 09:46:24', '2019-10-04 09:46:24'),
	(53, 14, 'Relation', 'name', 69, NULL, NULL, NULL, NULL, '2019-10-04 09:46:24', '2019-10-04 09:46:24'),
	(54, 15, 'Data', 'name', 70, NULL, NULL, NULL, NULL, '2019-10-04 09:46:24', '2019-10-04 09:46:24'),
	(55, 15, 'Relation', 'name', 71, NULL, NULL, NULL, NULL, '2019-10-04 09:46:25', '2019-10-04 09:46:25'),
	(56, 15, 'Deep Relation', 'name', 72, NULL, NULL, NULL, NULL, '2019-10-04 09:46:25', '2019-10-04 09:46:25'),
	(57, 16, 'Data', 'name', 73, NULL, NULL, NULL, NULL, '2019-10-04 09:46:25', '2019-10-04 09:46:25'),
	(58, 16, 'Scope', 'name', 74, NULL, NULL, NULL, NULL, '2019-10-04 09:46:25', '2019-10-04 09:46:25'),
	(59, 17, 'Data', 'name', 75, NULL, NULL, NULL, NULL, '2019-10-04 09:46:25', '2019-10-04 09:46:25'),
	(60, 17, 'Title', 'title', NULL, NULL, NULL, NULL, NULL, '2019-10-04 09:46:25', '2019-10-04 09:46:25'),
	(61, 17, 'Title Field', 'title_field', NULL, NULL, NULL, NULL, NULL, '2019-10-04 09:46:25', '2019-10-04 09:46:25'),
	(62, 17, 'Relation', 'name', 35, NULL, NULL, NULL, NULL, '2019-10-04 09:46:25', '2019-10-04 09:46:25'),
	(63, 17, 'Colspan', 'colspan', NULL, NULL, NULL, NULL, NULL, '2019-10-04 09:46:25', '2019-10-04 09:46:25'),
	(64, 18, 'Name', 'name', NULL, NULL, NULL, NULL, NULL, '2019-10-04 09:46:25', '2019-10-04 09:46:25'),
	(65, 18, 'Value', 'value', NULL, NULL, NULL, NULL, NULL, '2019-10-04 09:46:25', '2019-10-04 09:46:25'),
	(66, 19, 'Name', 'name', NULL, NULL, NULL, NULL, NULL, '2019-10-04 09:46:25', '2019-10-04 09:46:25'),
	(67, 19, 'Value', 'value', NULL, NULL, NULL, NULL, NULL, '2019-10-04 09:46:25', '2019-10-04 09:46:25'),
	(68, 20, 'Type', 'type', NULL, NULL, NULL, NULL, NULL, '2019-10-04 09:46:25', '2019-10-04 09:46:25'),
	(69, 20, 'Method', 'detail', NULL, NULL, NULL, NULL, NULL, '2019-10-04 09:46:25', '2019-10-04 09:46:25'),
	(70, 20, 'Value Attribute', 'value_attr', NULL, NULL, NULL, NULL, NULL, '2019-10-04 09:46:25', '2019-10-04 09:46:25'),
	(71, 20, 'Label Attribute', 'label_attr', NULL, NULL, NULL, NULL, NULL, '2019-10-04 09:46:25', '2019-10-04 09:46:25'),
	(72, 20, 'Preload', 'preload', NULL, NULL, NULL, NULL, NULL, '2019-10-04 09:46:25', '2019-10-04 09:46:25'),
	(73, 21, 'Rule', 'rule', NULL, NULL, NULL, NULL, NULL, '2019-10-04 09:46:25', '2019-10-04 09:46:25'),
	(74, 21, 'Message', 'message', NULL, NULL, NULL, NULL, NULL, '2019-10-04 09:46:25', '2019-10-04 09:46:25'),
	(75, 21, 'Argument 1', 'arg1', NULL, NULL, NULL, NULL, NULL, '2019-10-04 09:46:25', '2019-10-04 09:46:25'),
	(76, 21, 'Argument 2', 'arg2', NULL, NULL, NULL, NULL, NULL, '2019-10-04 09:46:25', '2019-10-04 09:46:25'),
	(77, 21, 'Argument 3', 'arg3', NULL, NULL, NULL, NULL, NULL, '2019-10-04 09:46:25', '2019-10-04 09:46:25'),
	(78, 22, 'Depend On Field', 'depend_field', NULL, NULL, NULL, NULL, NULL, '2019-10-04 09:46:25', '2019-10-04 09:46:25'),
	(79, 22, 'Database Field', 'db_field', NULL, NULL, NULL, NULL, NULL, '2019-10-04 09:46:25', '2019-10-04 09:46:25'),
	(80, 22, 'Operator', 'operator', NULL, NULL, NULL, NULL, NULL, '2019-10-04 09:46:25', '2019-10-04 09:46:25'),
	(81, 22, 'Compare Operator', 'compare_method', NULL, NULL, NULL, NULL, NULL, '2019-10-04 09:46:25', '2019-10-04 09:46:25'),
	(82, 22, 'Method Name', 'method', NULL, NULL, NULL, NULL, NULL, '2019-10-04 09:46:25', '2019-10-04 09:46:25'),
	(83, 22, 'Value DB Field', 'value_db_field', NULL, NULL, NULL, NULL, NULL, '2019-10-04 09:46:25', '2019-10-04 09:46:25'),
	(84, 22, 'Ignore on Null', 'ignore_null', NULL, NULL, NULL, NULL, NULL, '2019-10-04 09:46:25', '2019-10-04 09:46:25'),
	(85, 23, 'Dynamic Type', 'type', NULL, NULL, NULL, NULL, NULL, '2019-10-04 09:46:25', '2019-10-04 09:46:25'),
	(86, 23, 'Depend On Field', 'depend_field', NULL, NULL, NULL, NULL, NULL, '2019-10-04 09:46:25', '2019-10-04 09:46:25'),
	(87, 23, 'Alter On', 'alter_on', NULL, NULL, NULL, NULL, NULL, '2019-10-04 09:46:25', '2019-10-04 09:46:25'),
	(88, 23, 'Value', 'value', NULL, NULL, NULL, NULL, NULL, '2019-10-04 09:46:25', '2019-10-04 09:46:25'),
	(89, 23, 'Values', 'values', NULL, NULL, NULL, NULL, NULL, '2019-10-04 09:46:25', '2019-10-04 09:46:25'),
	(90, 23, 'Operator', 'operator', NULL, NULL, NULL, NULL, NULL, '2019-10-04 09:46:25', '2019-10-04 09:46:25'),
	(91, 24, 'Name', 'name', NULL, NULL, NULL, NULL, NULL, '2019-10-04 09:46:25', '2019-10-04 09:46:25'),
	(92, 24, 'Title', 'title', NULL, NULL, NULL, NULL, NULL, '2019-10-04 09:46:26', '2019-10-04 09:46:26'),
	(93, 24, 'Roles', 'title', 3, NULL, NULL, NULL, NULL, '2019-10-04 09:46:26', '2019-10-04 09:46:26'),
	(94, 25, 'Name', 'name', NULL, NULL, NULL, NULL, NULL, '2019-10-04 09:46:26', '2019-10-04 09:46:26'),
	(95, 25, 'Title', 'title', NULL, NULL, NULL, NULL, NULL, '2019-10-04 09:46:26', '2019-10-04 09:46:26'),
	(96, 26, 'Resource', 'name', 13, NULL, NULL, NULL, NULL, '2019-10-04 09:46:26', '2019-10-04 09:46:26'),
	(97, 26, 'Action Availability', 'actions_availability', NULL, NULL, NULL, NULL, NULL, '2019-10-04 09:46:26', '2019-10-04 09:46:26'),
	(98, 26, 'Actions', 'actions', NULL, NULL, NULL, NULL, NULL, '2019-10-04 09:46:26', '2019-10-04 09:46:26'),
	(325101, 322101, 'Name', 'name', NULL, NULL, NULL, NULL, NULL, '2019-10-04 09:47:04', '2019-10-04 09:47:04'),
	(325102, 322101, 'Default Value', 'value', NULL, NULL, NULL, NULL, NULL, '2019-10-04 09:47:05', '2019-10-04 09:47:05'),
	(325103, 322101, 'Status', 'status', NULL, NULL, NULL, NULL, NULL, '2019-10-04 09:47:05', '2019-10-04 09:47:05'),
	(325104, 322102, 'Name', 'name', NULL, NULL, NULL, NULL, NULL, '2019-10-04 09:47:05', '2019-10-04 09:47:05'),
	(325105, 322102, 'Reference', 'reference', NULL, NULL, NULL, NULL, NULL, '2019-10-04 09:47:05', '2019-10-04 09:47:05'),
	(325106, 322102, 'Email', 'email', NULL, NULL, NULL, NULL, NULL, '2019-10-04 09:47:05', '2019-10-04 09:47:05'),
	(325107, 322103, 'User', 'name', 308111, NULL, NULL, NULL, NULL, '2019-10-04 09:47:05', '2019-10-04 09:47:05'),
	(325108, 322103, 'Settings', 'name', 308109, NULL, NULL, NULL, NULL, '2019-10-04 09:47:05', '2019-10-04 09:47:05'),
	(325109, 322103, 'Value', 'value', NULL, NULL, NULL, NULL, NULL, '2019-10-04 09:47:05', '2019-10-04 09:47:05'),
	(325110, 322103, 'Status', 'status', NULL, NULL, NULL, NULL, NULL, '2019-10-04 09:47:05', '2019-10-04 09:47:05'),
	(325111, 322104, 'Name', 'name', NULL, NULL, NULL, NULL, NULL, '2019-10-04 09:47:05', '2019-10-04 09:47:05'),
	(325112, 322104, 'Email', 'email', NULL, NULL, NULL, NULL, NULL, '2019-10-04 09:47:05', '2019-10-04 09:47:05'),
	(325113, 322104, 'Reference', 'reference', NULL, NULL, NULL, NULL, NULL, '2019-10-04 09:47:05', '2019-10-04 09:47:05'),
	(325114, 322105, 'Executive', 'name', 308115, NULL, NULL, NULL, NULL, '2019-10-04 09:47:05', '2019-10-04 09:47:05'),
	(325115, 322105, 'Store', 'name', 308114, NULL, NULL, NULL, NULL, '2019-10-04 09:47:05', '2019-10-04 09:47:05'),
	(325116, 322105, 'Area', 'name', 308113, NULL, NULL, NULL, NULL, '2019-10-04 09:47:05', '2019-10-04 09:47:05'),
	(325117, 322105, 'Status', 'status', NULL, NULL, NULL, NULL, NULL, '2019-10-04 09:47:05', '2019-10-04 09:47:05'),
	(325118, 322106, 'Code', 'code', NULL, NULL, NULL, NULL, NULL, '2019-10-04 09:47:05', '2019-10-04 09:47:05'),
	(325119, 322106, 'Name', 'name', NULL, NULL, NULL, NULL, NULL, '2019-10-04 09:47:06', '2019-10-04 09:47:06'),
	(325120, 322106, 'Type', 'type', NULL, NULL, NULL, NULL, NULL, '2019-10-04 09:47:06', '2019-10-04 09:47:06'),
	(325121, 322106, 'Status', 'status', NULL, NULL, NULL, NULL, NULL, '2019-10-04 09:47:06', '2019-10-04 09:47:06'),
	(325122, 322107, 'Code', 'code', NULL, NULL, NULL, NULL, NULL, '2019-10-04 09:47:06', '2019-10-04 09:47:06'),
	(325123, 322107, 'Name', 'name', NULL, NULL, NULL, NULL, NULL, '2019-10-04 09:47:06', '2019-10-04 09:47:06'),
	(325124, 322107, 'Company Code', 'cocode', NULL, NULL, NULL, NULL, NULL, '2019-10-04 09:47:06', '2019-10-04 09:47:06'),
	(325125, 322107, 'Branch Code', 'brcode', NULL, NULL, NULL, NULL, NULL, '2019-10-04 09:47:06', '2019-10-04 09:47:06'),
	(325126, 322108, 'Product', 'narration', 308133, NULL, NULL, NULL, NULL, '2019-10-04 09:47:06', '2019-10-04 09:47:06'),
	(325127, 322109, 'Code', 'code', NULL, NULL, NULL, NULL, NULL, '2019-10-04 09:47:06', '2019-10-04 09:47:06'),
	(325128, 322109, 'Abbreviation', 'abr', NULL, NULL, NULL, NULL, NULL, '2019-10-04 09:47:06', '2019-10-04 09:47:06'),
	(325129, 322109, 'Digit Length', 'digit_length', NULL, NULL, NULL, NULL, NULL, '2019-10-04 09:47:06', '2019-10-04 09:47:06'),
	(325130, 322110, 'Code', 'code', NULL, NULL, NULL, NULL, NULL, '2019-10-04 09:47:06', '2019-10-04 09:47:06'),
	(325131, 322110, 'User', 'name', 308134, NULL, NULL, NULL, NULL, '2019-10-04 09:47:06', '2019-10-04 09:47:06'),
	(325132, 322110, 'Store', 'name', 308135, NULL, NULL, NULL, NULL, '2019-10-04 09:47:06', '2019-10-04 09:47:06'),
	(325133, 322110, 'Progress', 'progress', NULL, NULL, NULL, NULL, NULL, '2019-10-04 09:47:06', '2019-10-04 09:47:06'),
	(325134, 322111, 'Code', 'code', NULL, NULL, NULL, NULL, NULL, '2019-10-04 09:47:06', '2019-10-04 09:47:06'),
	(325135, 322111, 'User', 'name', 308134, NULL, NULL, NULL, NULL, '2019-10-04 09:47:06', '2019-10-04 09:47:06'),
	(325136, 322111, 'Store', 'name', 308135, NULL, NULL, NULL, NULL, '2019-10-04 09:47:06', '2019-10-04 09:47:06'),
	(325137, 322111, 'Progress', 'progress', NULL, NULL, NULL, NULL, NULL, '2019-10-04 09:47:06', '2019-10-04 09:47:06');
/*!40000 ALTER TABLE `__resource_list_layout` ENABLE KEYS */;

-- Dumping structure for table appframe.__resource_list_relations
DROP TABLE IF EXISTS `__resource_list_relations`;
CREATE TABLE IF NOT EXISTS `__resource_list_relations` (
  `id` int(10) unsigned NOT NULL AUTO_INCREMENT,
  `resource_list` int(10) unsigned NOT NULL,
  `relation` int(10) unsigned DEFAULT NULL,
  `nest_relation1` int(10) unsigned DEFAULT NULL,
  `nest_relation2` int(10) unsigned DEFAULT NULL,
  `nest_relation3` int(10) unsigned DEFAULT NULL,
  `nest_relation4` int(10) unsigned DEFAULT NULL,
  `nest_relation5` int(10) unsigned DEFAULT NULL,
  `created_by` bigint(20) unsigned DEFAULT NULL,
  `updated_by` bigint(20) unsigned DEFAULT NULL,
  `created_at` timestamp NULL DEFAULT NULL,
  `updated_at` timestamp NULL DEFAULT NULL,
  PRIMARY KEY (`id`),
  KEY `__resource_list_relations_resource_list_index` (`resource_list`),
  KEY `__resource_list_relations_relation_index` (`relation`),
  KEY `__resource_list_relations_nest_relation1_index` (`nest_relation1`),
  KEY `__resource_list_relations_nest_relation2_index` (`nest_relation2`),
  KEY `__resource_list_relations_nest_relation3_index` (`nest_relation3`),
  KEY `__resource_list_relations_nest_relation4_index` (`nest_relation4`),
  KEY `__resource_list_relations_nest_relation5_index` (`nest_relation5`),
  KEY `__resource_list_relations_created_by_index` (`created_by`),
  KEY `__resource_list_relations_updated_by_index` (`updated_by`),
  CONSTRAINT `__resource_list_relations_created_by_foreign` FOREIGN KEY (`created_by`) REFERENCES `users` (`id`) ON DELETE SET NULL ON UPDATE CASCADE,
  CONSTRAINT `__resource_list_relations_nest_relation1_foreign` FOREIGN KEY (`nest_relation1`) REFERENCES `__resource_relations` (`id`) ON DELETE SET NULL ON UPDATE CASCADE,
  CONSTRAINT `__resource_list_relations_nest_relation2_foreign` FOREIGN KEY (`nest_relation2`) REFERENCES `__resource_relations` (`id`) ON DELETE SET NULL ON UPDATE CASCADE,
  CONSTRAINT `__resource_list_relations_nest_relation3_foreign` FOREIGN KEY (`nest_relation3`) REFERENCES `__resource_relations` (`id`) ON DELETE SET NULL ON UPDATE CASCADE,
  CONSTRAINT `__resource_list_relations_nest_relation4_foreign` FOREIGN KEY (`nest_relation4`) REFERENCES `__resource_relations` (`id`) ON DELETE SET NULL ON UPDATE CASCADE,
  CONSTRAINT `__resource_list_relations_nest_relation5_foreign` FOREIGN KEY (`nest_relation5`) REFERENCES `__resource_relations` (`id`) ON DELETE SET NULL ON UPDATE CASCADE,
  CONSTRAINT `__resource_list_relations_relation_foreign` FOREIGN KEY (`relation`) REFERENCES `__resource_relations` (`id`) ON DELETE SET NULL ON UPDATE CASCADE,
  CONSTRAINT `__resource_list_relations_resource_list_foreign` FOREIGN KEY (`resource_list`) REFERENCES `__resource_lists` (`id`) ON DELETE CASCADE ON UPDATE CASCADE,
  CONSTRAINT `__resource_list_relations_updated_by_foreign` FOREIGN KEY (`updated_by`) REFERENCES `users` (`id`) ON DELETE SET NULL ON UPDATE CASCADE
) ENGINE=InnoDB AUTO_INCREMENT=324111 DEFAULT CHARSET=utf8mb4 COLLATE=utf8mb4_unicode_ci;

-- Dumping data for table appframe.__resource_list_relations: ~39 rows (approximately)
DELETE FROM `__resource_list_relations`;
/*!40000 ALTER TABLE `__resource_list_relations` DISABLE KEYS */;
INSERT INTO `__resource_list_relations` (`id`, `resource_list`, `relation`, `nest_relation1`, `nest_relation2`, `nest_relation3`, `nest_relation4`, `nest_relation5`, `created_by`, `updated_by`, `created_at`, `updated_at`) VALUES
	(1, 1, 1, NULL, NULL, NULL, NULL, NULL, NULL, NULL, '2019-10-04 09:46:22', '2019-10-04 09:46:22'),
	(2, 2, 1, NULL, NULL, NULL, NULL, NULL, NULL, NULL, '2019-10-04 09:46:22', '2019-10-04 09:46:22'),
	(3, 4, 11, NULL, NULL, NULL, NULL, NULL, NULL, NULL, '2019-10-04 09:46:22', '2019-10-04 09:46:22'),
	(4, 4, 8, NULL, NULL, NULL, NULL, NULL, NULL, NULL, '2019-10-04 09:46:22', '2019-10-04 09:46:22'),
	(5, 5, 19, NULL, NULL, NULL, NULL, NULL, NULL, NULL, '2019-10-04 09:46:22', '2019-10-04 09:46:22'),
	(6, 6, 25, NULL, NULL, NULL, NULL, NULL, NULL, NULL, '2019-10-04 09:46:22', '2019-10-04 09:46:22'),
	(7, 7, 30, NULL, NULL, NULL, NULL, NULL, NULL, NULL, '2019-10-04 09:46:22', '2019-10-04 09:46:22'),
	(8, 8, 42, NULL, NULL, NULL, NULL, NULL, NULL, NULL, '2019-10-04 09:46:22', '2019-10-04 09:46:22'),
	(9, 9, 59, 42, NULL, NULL, NULL, NULL, NULL, NULL, '2019-10-04 09:46:22', '2019-10-04 09:46:22'),
	(10, 10, 39, NULL, NULL, NULL, NULL, NULL, NULL, NULL, '2019-10-04 09:46:22', '2019-10-04 09:46:22'),
	(11, 10, 40, NULL, NULL, NULL, NULL, NULL, NULL, NULL, '2019-10-04 09:46:22', '2019-10-04 09:46:22'),
	(12, 10, 60, NULL, NULL, NULL, NULL, NULL, NULL, NULL, '2019-10-04 09:46:22', '2019-10-04 09:46:22'),
	(13, 11, 61, NULL, NULL, NULL, NULL, NULL, NULL, NULL, '2019-10-04 09:46:22', '2019-10-04 09:46:22'),
	(14, 11, 62, NULL, NULL, NULL, NULL, NULL, NULL, NULL, '2019-10-04 09:46:22', '2019-10-04 09:46:22'),
	(15, 11, 63, NULL, NULL, NULL, NULL, NULL, NULL, NULL, '2019-10-04 09:46:22', '2019-10-04 09:46:22'),
	(16, 12, 64, NULL, NULL, NULL, NULL, NULL, NULL, NULL, '2019-10-04 09:46:22', '2019-10-04 09:46:22'),
	(17, 12, 65, NULL, NULL, NULL, NULL, NULL, NULL, NULL, '2019-10-04 09:46:23', '2019-10-04 09:46:23'),
	(18, 13, 66, NULL, NULL, NULL, NULL, NULL, NULL, NULL, '2019-10-04 09:46:23', '2019-10-04 09:46:23'),
	(19, 13, 67, NULL, NULL, NULL, NULL, NULL, NULL, NULL, '2019-10-04 09:46:23', '2019-10-04 09:46:23'),
	(20, 14, 68, NULL, NULL, NULL, NULL, NULL, NULL, NULL, '2019-10-04 09:46:23', '2019-10-04 09:46:23'),
	(21, 14, 69, NULL, NULL, NULL, NULL, NULL, NULL, NULL, '2019-10-04 09:46:23', '2019-10-04 09:46:23'),
	(22, 15, 70, NULL, NULL, NULL, NULL, NULL, NULL, NULL, '2019-10-04 09:46:23', '2019-10-04 09:46:23'),
	(23, 15, 71, NULL, NULL, NULL, NULL, NULL, NULL, NULL, '2019-10-04 09:46:23', '2019-10-04 09:46:23'),
	(24, 15, 72, NULL, NULL, NULL, NULL, NULL, NULL, NULL, '2019-10-04 09:46:23', '2019-10-04 09:46:23'),
	(25, 16, 73, NULL, NULL, NULL, NULL, NULL, NULL, NULL, '2019-10-04 09:46:23', '2019-10-04 09:46:23'),
	(26, 16, 74, NULL, NULL, NULL, NULL, NULL, NULL, NULL, '2019-10-04 09:46:23', '2019-10-04 09:46:23'),
	(27, 17, 75, NULL, NULL, NULL, NULL, NULL, NULL, NULL, '2019-10-04 09:46:23', '2019-10-04 09:46:23'),
	(28, 24, 3, NULL, NULL, NULL, NULL, NULL, NULL, NULL, '2019-10-04 09:46:23', '2019-10-04 09:46:23'),
	(29, 26, 13, NULL, NULL, NULL, NULL, NULL, NULL, NULL, '2019-10-04 09:46:23', '2019-10-04 09:46:23'),
	(324101, 322103, 308109, NULL, NULL, NULL, NULL, NULL, NULL, NULL, '2019-10-04 09:47:04', '2019-10-04 09:47:04'),
	(324102, 322103, 308111, NULL, NULL, NULL, NULL, NULL, NULL, NULL, '2019-10-04 09:47:04', '2019-10-04 09:47:04'),
	(324103, 322105, 308113, NULL, NULL, NULL, NULL, NULL, NULL, NULL, '2019-10-04 09:47:04', '2019-10-04 09:47:04'),
	(324104, 322105, 308114, NULL, NULL, NULL, NULL, NULL, NULL, NULL, '2019-10-04 09:47:04', '2019-10-04 09:47:04'),
	(324105, 322105, 308115, NULL, NULL, NULL, NULL, NULL, NULL, NULL, '2019-10-04 09:47:04', '2019-10-04 09:47:04'),
	(324106, 322108, 308133, NULL, NULL, NULL, NULL, NULL, NULL, NULL, '2019-10-04 09:47:04', '2019-10-04 09:47:04'),
	(324107, 322110, 308134, NULL, NULL, NULL, NULL, NULL, NULL, NULL, '2019-10-04 09:47:04', '2019-10-04 09:47:04'),
	(324108, 322110, 308135, NULL, NULL, NULL, NULL, NULL, NULL, NULL, '2019-10-04 09:47:04', '2019-10-04 09:47:04'),
	(324109, 322111, 308134, NULL, NULL, NULL, NULL, NULL, NULL, NULL, '2019-10-04 09:47:04', '2019-10-04 09:47:04'),
	(324110, 322111, 308134, NULL, NULL, NULL, NULL, NULL, NULL, NULL, '2019-10-04 09:47:04', '2019-10-04 09:47:04');
/*!40000 ALTER TABLE `__resource_list_relations` ENABLE KEYS */;

-- Dumping structure for table appframe.__resource_list_scopes
DROP TABLE IF EXISTS `__resource_list_scopes`;
CREATE TABLE IF NOT EXISTS `__resource_list_scopes` (
  `id` int(10) unsigned NOT NULL AUTO_INCREMENT,
  `resource_list` int(10) unsigned NOT NULL,
  `scope` int(10) unsigned NOT NULL,
  `created_by` bigint(20) unsigned DEFAULT NULL,
  `updated_by` bigint(20) unsigned DEFAULT NULL,
  `created_at` timestamp NULL DEFAULT NULL,
  `updated_at` timestamp NULL DEFAULT NULL,
  PRIMARY KEY (`id`),
  KEY `__resource_list_scopes_resource_list_index` (`resource_list`),
  KEY `__resource_list_scopes_scope_index` (`scope`),
  KEY `__resource_list_scopes_created_by_index` (`created_by`),
  KEY `__resource_list_scopes_updated_by_index` (`updated_by`),
  CONSTRAINT `__resource_list_scopes_created_by_foreign` FOREIGN KEY (`created_by`) REFERENCES `users` (`id`) ON DELETE SET NULL ON UPDATE CASCADE,
  CONSTRAINT `__resource_list_scopes_resource_list_foreign` FOREIGN KEY (`resource_list`) REFERENCES `__resource_lists` (`id`) ON DELETE CASCADE ON UPDATE CASCADE,
  CONSTRAINT `__resource_list_scopes_scope_foreign` FOREIGN KEY (`scope`) REFERENCES `__resource_scopes` (`id`) ON DELETE CASCADE ON UPDATE CASCADE,
  CONSTRAINT `__resource_list_scopes_updated_by_foreign` FOREIGN KEY (`updated_by`) REFERENCES `users` (`id`) ON DELETE SET NULL ON UPDATE CASCADE
) ENGINE=InnoDB AUTO_INCREMENT=323103 DEFAULT CHARSET=utf8mb4 COLLATE=utf8mb4_unicode_ci;

-- Dumping data for table appframe.__resource_list_scopes: ~4 rows (approximately)
DELETE FROM `__resource_list_scopes`;
/*!40000 ALTER TABLE `__resource_list_scopes` DISABLE KEYS */;
INSERT INTO `__resource_list_scopes` (`id`, `resource_list`, `scope`, `created_by`, `updated_by`, `created_at`, `updated_at`) VALUES
	(1, 1, 1, NULL, NULL, '2019-10-04 09:46:23', '2019-10-04 09:46:23'),
	(2, 2, 2, NULL, NULL, '2019-10-04 09:46:23', '2019-10-04 09:46:23'),
	(323101, 322104, 307101, NULL, NULL, '2019-10-04 09:47:04', '2019-10-04 09:47:04'),
	(323102, 322111, 307109, NULL, NULL, '2019-10-04 09:47:04', '2019-10-04 09:47:04');
/*!40000 ALTER TABLE `__resource_list_scopes` ENABLE KEYS */;

-- Dumping structure for table appframe.__resource_list_search
DROP TABLE IF EXISTS `__resource_list_search`;
CREATE TABLE IF NOT EXISTS `__resource_list_search` (
  `id` int(10) unsigned NOT NULL AUTO_INCREMENT,
  `resource_list` int(10) unsigned NOT NULL,
  `field` varchar(64) COLLATE utf8mb4_unicode_ci DEFAULT NULL,
  `relation` int(10) unsigned DEFAULT NULL,
  `nest_relation1` int(10) unsigned DEFAULT NULL,
  `nest_relation2` int(10) unsigned DEFAULT NULL,
  `nest_relation3` int(10) unsigned DEFAULT NULL,
  `created_by` bigint(20) unsigned DEFAULT NULL,
  `updated_by` bigint(20) unsigned DEFAULT NULL,
  `created_at` timestamp NULL DEFAULT NULL,
  `updated_at` timestamp NULL DEFAULT NULL,
  PRIMARY KEY (`id`),
  KEY `__resource_list_search_resource_list_index` (`resource_list`),
  KEY `__resource_list_search_relation_index` (`relation`),
  KEY `__resource_list_search_nest_relation1_index` (`nest_relation1`),
  KEY `__resource_list_search_nest_relation2_index` (`nest_relation2`),
  KEY `__resource_list_search_nest_relation3_index` (`nest_relation3`),
  KEY `__resource_list_search_created_by_index` (`created_by`),
  KEY `__resource_list_search_updated_by_index` (`updated_by`),
  CONSTRAINT `__resource_list_search_created_by_foreign` FOREIGN KEY (`created_by`) REFERENCES `users` (`id`) ON DELETE SET NULL ON UPDATE CASCADE,
  CONSTRAINT `__resource_list_search_nest_relation1_foreign` FOREIGN KEY (`nest_relation1`) REFERENCES `__resource_relations` (`id`) ON DELETE SET NULL ON UPDATE CASCADE,
  CONSTRAINT `__resource_list_search_nest_relation2_foreign` FOREIGN KEY (`nest_relation2`) REFERENCES `__resource_relations` (`id`) ON DELETE SET NULL ON UPDATE CASCADE,
  CONSTRAINT `__resource_list_search_nest_relation3_foreign` FOREIGN KEY (`nest_relation3`) REFERENCES `__resource_relations` (`id`) ON DELETE SET NULL ON UPDATE CASCADE,
  CONSTRAINT `__resource_list_search_relation_foreign` FOREIGN KEY (`relation`) REFERENCES `__resource_relations` (`id`) ON DELETE SET NULL ON UPDATE CASCADE,
  CONSTRAINT `__resource_list_search_resource_list_foreign` FOREIGN KEY (`resource_list`) REFERENCES `__resource_lists` (`id`) ON DELETE CASCADE ON UPDATE CASCADE,
  CONSTRAINT `__resource_list_search_updated_by_foreign` FOREIGN KEY (`updated_by`) REFERENCES `users` (`id`) ON DELETE SET NULL ON UPDATE CASCADE
) ENGINE=InnoDB AUTO_INCREMENT=326122 DEFAULT CHARSET=utf8mb4 COLLATE=utf8mb4_unicode_ci;

-- Dumping data for table appframe.__resource_list_search: ~21 rows (approximately)
DELETE FROM `__resource_list_search`;
/*!40000 ALTER TABLE `__resource_list_search` DISABLE KEYS */;
INSERT INTO `__resource_list_search` (`id`, `resource_list`, `field`, `relation`, `nest_relation1`, `nest_relation2`, `nest_relation3`, `created_by`, `updated_by`, `created_at`, `updated_at`) VALUES
	(326101, 322101, 'name', NULL, NULL, NULL, NULL, NULL, NULL, '2019-10-04 09:47:06', '2019-10-04 09:47:06'),
	(326102, 322101, 'description', NULL, NULL, NULL, NULL, NULL, NULL, '2019-10-04 09:47:06', '2019-10-04 09:47:06'),
	(326103, 322102, 'name', NULL, NULL, NULL, NULL, NULL, NULL, '2019-10-04 09:47:06', '2019-10-04 09:47:06'),
	(326104, 322102, 'reference', NULL, NULL, NULL, NULL, NULL, NULL, '2019-10-04 09:47:06', '2019-10-04 09:47:06'),
	(326105, 322102, 'email', NULL, NULL, NULL, NULL, NULL, NULL, '2019-10-04 09:47:06', '2019-10-04 09:47:06'),
	(326106, 322103, 'name', 308111, NULL, NULL, NULL, NULL, NULL, '2019-10-04 09:47:06', '2019-10-04 09:47:06'),
	(326107, 322103, 'name', 308109, NULL, NULL, NULL, NULL, NULL, '2019-10-04 09:47:06', '2019-10-04 09:47:06'),
	(326108, 322104, 'name', NULL, NULL, NULL, NULL, NULL, NULL, '2019-10-04 09:47:06', '2019-10-04 09:47:06'),
	(326109, 322105, 'name', 308113, NULL, NULL, NULL, NULL, NULL, '2019-10-04 09:47:06', '2019-10-04 09:47:06'),
	(326110, 322105, 'name', 308114, NULL, NULL, NULL, NULL, NULL, '2019-10-04 09:47:06', '2019-10-04 09:47:06'),
	(326111, 322105, 'name', 308115, NULL, NULL, NULL, NULL, NULL, '2019-10-04 09:47:06', '2019-10-04 09:47:06'),
	(326112, 322106, 'name', NULL, NULL, NULL, NULL, NULL, NULL, '2019-10-04 09:47:06', '2019-10-04 09:47:06'),
	(326113, 322107, 'name', NULL, NULL, NULL, NULL, NULL, NULL, '2019-10-04 09:47:06', '2019-10-04 09:47:06'),
	(326114, 322108, 'narration', 308133, NULL, NULL, NULL, NULL, NULL, '2019-10-04 09:47:06', '2019-10-04 09:47:06'),
	(326115, 322109, 'code', NULL, NULL, NULL, NULL, NULL, NULL, '2019-10-04 09:47:06', '2019-10-04 09:47:06'),
	(326116, 322110, 'code', NULL, NULL, NULL, NULL, NULL, NULL, '2019-10-04 09:47:06', '2019-10-04 09:47:06'),
	(326117, 322110, 'name', 308134, NULL, NULL, NULL, NULL, NULL, '2019-10-04 09:47:07', '2019-10-04 09:47:07'),
	(326118, 322110, 'name', 308135, NULL, NULL, NULL, NULL, NULL, '2019-10-04 09:47:07', '2019-10-04 09:47:07'),
	(326119, 322111, 'code', NULL, NULL, NULL, NULL, NULL, NULL, '2019-10-04 09:47:07', '2019-10-04 09:47:07'),
	(326120, 322111, 'name', 308134, NULL, NULL, NULL, NULL, NULL, '2019-10-04 09:47:07', '2019-10-04 09:47:07'),
	(326121, 322111, 'name', 308135, NULL, NULL, NULL, NULL, NULL, '2019-10-04 09:47:07', '2019-10-04 09:47:07');
/*!40000 ALTER TABLE `__resource_list_search` ENABLE KEYS */;

-- Dumping structure for table appframe.__resource_metrics
DROP TABLE IF EXISTS `__resource_metrics`;
CREATE TABLE IF NOT EXISTS `__resource_metrics` (
  `id` int(10) unsigned NOT NULL AUTO_INCREMENT,
  `resource` int(10) unsigned NOT NULL,
  `name` varchar(64) COLLATE utf8mb4_unicode_ci NOT NULL,
  `type` enum('value','trend') COLLATE utf8mb4_unicode_ci NOT NULL DEFAULT 'value',
  `resource_list` int(10) unsigned NOT NULL,
  `aggregate` enum('COUNT','SUM','AVG','MAX','MIN') COLLATE utf8mb4_unicode_ci NOT NULL DEFAULT 'COUNT',
  `aggregate_field` varchar(64) COLLATE utf8mb4_unicode_ci DEFAULT NULL,
  `aggregate_distinct` enum('No','Yes') COLLATE utf8mb4_unicode_ci NOT NULL DEFAULT 'No',
  `field` varchar(64) COLLATE utf8mb4_unicode_ci DEFAULT NULL,
  `field_sub` varchar(64) COLLATE utf8mb4_unicode_ci DEFAULT NULL,
  `cache` tinyint(3) unsigned NOT NULL DEFAULT '0',
  `method` varchar(128) COLLATE utf8mb4_unicode_ci DEFAULT NULL,
  `created_by` bigint(20) unsigned DEFAULT NULL,
  `updated_by` bigint(20) unsigned DEFAULT NULL,
  `created_at` timestamp NULL DEFAULT NULL,
  `updated_at` timestamp NULL DEFAULT NULL,
  PRIMARY KEY (`id`),
  KEY `__resource_metrics_resource_index` (`resource`),
  KEY `__resource_metrics_name_index` (`name`),
  KEY `__resource_metrics_resource_list_index` (`resource_list`),
  KEY `__resource_metrics_created_by_index` (`created_by`),
  KEY `__resource_metrics_updated_by_index` (`updated_by`),
  CONSTRAINT `__resource_metrics_created_by_foreign` FOREIGN KEY (`created_by`) REFERENCES `users` (`id`) ON DELETE SET NULL ON UPDATE CASCADE,
  CONSTRAINT `__resource_metrics_resource_foreign` FOREIGN KEY (`resource`) REFERENCES `__resources` (`id`) ON DELETE CASCADE ON UPDATE CASCADE,
  CONSTRAINT `__resource_metrics_resource_list_foreign` FOREIGN KEY (`resource_list`) REFERENCES `__resource_lists` (`id`) ON DELETE CASCADE ON UPDATE CASCADE,
  CONSTRAINT `__resource_metrics_updated_by_foreign` FOREIGN KEY (`updated_by`) REFERENCES `users` (`id`) ON DELETE SET NULL ON UPDATE CASCADE
) ENGINE=InnoDB AUTO_INCREMENT=338101 DEFAULT CHARSET=utf8mb4 COLLATE=utf8mb4_unicode_ci;

-- Dumping data for table appframe.__resource_metrics: ~0 rows (approximately)
DELETE FROM `__resource_metrics`;
/*!40000 ALTER TABLE `__resource_metrics` DISABLE KEYS */;
/*!40000 ALTER TABLE `__resource_metrics` ENABLE KEYS */;

-- Dumping structure for table appframe.__resource_relations
DROP TABLE IF EXISTS `__resource_relations`;
CREATE TABLE IF NOT EXISTS `__resource_relations` (
  `id` int(10) unsigned NOT NULL AUTO_INCREMENT,
  `resource` int(10) unsigned NOT NULL,
  `name` varchar(64) COLLATE utf8mb4_unicode_ci NOT NULL,
  `description` varchar(1024) COLLATE utf8mb4_unicode_ci DEFAULT NULL,
  `method` varchar(128) COLLATE utf8mb4_unicode_ci DEFAULT NULL,
  `type` enum('hasOne','hasMany','belongsTo','belongsToMany','hasOneThrough','hasManyThrough') COLLATE utf8mb4_unicode_ci NOT NULL DEFAULT 'hasMany',
  `relate_resource` int(10) unsigned DEFAULT NULL,
  `created_by` bigint(20) unsigned DEFAULT NULL,
  `updated_by` bigint(20) unsigned DEFAULT NULL,
  `created_at` timestamp NULL DEFAULT NULL,
  `updated_at` timestamp NULL DEFAULT NULL,
  PRIMARY KEY (`id`),
  KEY `__resource_relations_resource_index` (`resource`),
  KEY `__resource_relations_name_index` (`name`),
  KEY `__resource_relations_relate_resource_index` (`relate_resource`),
  KEY `__resource_relations_created_by_index` (`created_by`),
  KEY `__resource_relations_updated_by_index` (`updated_by`),
  CONSTRAINT `__resource_relations_created_by_foreign` FOREIGN KEY (`created_by`) REFERENCES `users` (`id`) ON DELETE SET NULL ON UPDATE CASCADE,
  CONSTRAINT `__resource_relations_relate_resource_foreign` FOREIGN KEY (`relate_resource`) REFERENCES `__resources` (`id`) ON DELETE SET NULL ON UPDATE CASCADE,
  CONSTRAINT `__resource_relations_resource_foreign` FOREIGN KEY (`resource`) REFERENCES `__resources` (`id`) ON DELETE CASCADE ON UPDATE CASCADE,
  CONSTRAINT `__resource_relations_updated_by_foreign` FOREIGN KEY (`updated_by`) REFERENCES `users` (`id`) ON DELETE SET NULL ON UPDATE CASCADE
) ENGINE=InnoDB AUTO_INCREMENT=308136 DEFAULT CHARSET=utf8mb4 COLLATE=utf8mb4_unicode_ci;

-- Dumping data for table appframe.__resource_relations: ~117 rows (approximately)
DELETE FROM `__resource_relations`;
/*!40000 ALTER TABLE `__resource_relations` DISABLE KEYS */;
INSERT INTO `__resource_relations` (`id`, `resource`, `name`, `description`, `method`, `type`, `relate_resource`, `created_by`, `updated_by`, `created_at`, `updated_at`) VALUES
	(1, 1, 'User Groups', 'Which groups this user belongs to', 'Groups', 'belongsToMany', 2, NULL, NULL, '2019-10-04 09:46:09', '2019-10-04 09:46:09'),
	(2, 2, 'Group Users', 'List of users belongs to this group', 'Users', 'belongsToMany', 1, NULL, NULL, '2019-10-04 09:46:09', '2019-10-04 09:46:09'),
	(3, 2, 'Group Roles', 'Roles assigneed to this group', 'Roles', 'belongsToMany', 3, NULL, NULL, '2019-10-04 09:46:09', '2019-10-04 09:46:09'),
	(4, 3, 'Role Groups', 'Details of groups this role assigned to', 'Groups', 'belongsToMany', 2, NULL, NULL, '2019-10-04 09:46:09', '2019-10-04 09:46:09'),
	(5, 3, 'Role Resource', 'Resources assigned to a role', 'Resources', 'hasMany', 5, NULL, NULL, '2019-10-04 09:46:09', '2019-10-04 09:46:09'),
	(6, 4, 'Resource Roles', 'The details of roles who have access to this resource', 'Roles', 'belongsToMany', 3, NULL, NULL, '2019-10-04 09:46:09', '2019-10-04 09:46:09'),
	(7, 4, 'Resource Actions', 'Get actions available for the resource', 'Actions', 'hasMany', 30, NULL, NULL, '2019-10-04 09:46:09', '2019-10-04 09:46:09'),
	(8, 30, 'Resource Action Methods', 'Handler details of an action', 'Method', 'hasOne', 31, NULL, NULL, '2019-10-04 09:46:09', '2019-10-04 09:46:09'),
	(9, 30, 'Resource Action Lists', 'Lists where action available', 'Lists', 'hasMany', 33, NULL, NULL, '2019-10-04 09:46:09', '2019-10-04 09:46:09'),
	(10, 30, 'Resource Action Data', 'Resource data where action available', 'Data', 'hasMany', 34, NULL, NULL, '2019-10-04 09:46:09', '2019-10-04 09:46:09'),
	(11, 30, 'Resource Action Resource', 'Resoure details of a action', 'Resource', 'belongsTo', 4, NULL, NULL, '2019-10-04 09:46:09', '2019-10-04 09:46:09'),
	(12, 40, 'Organisation Contacts', 'Contact details of organisation', 'Contacts', 'hasMany', 41, NULL, NULL, '2019-10-04 09:46:09', '2019-10-04 09:46:09'),
	(13, 5, 'Resource Details', 'Resource details', 'Resource', 'belongsTo', 4, NULL, NULL, '2019-10-04 09:46:09', '2019-10-04 09:46:09'),
	(14, 4, 'Resource Forms', 'Forms available for a resource', 'Forms', 'hasMany', 8, NULL, NULL, '2019-10-04 09:46:09', '2019-10-04 09:46:09'),
	(15, 8, 'Form Fields', 'Fields associated with a form', 'Fields', 'hasMany', 9, NULL, NULL, '2019-10-04 09:46:09', '2019-10-04 09:46:09'),
	(16, 9, 'Field Attributes', 'Attributes of Field', 'Attributes', 'hasMany', 11, NULL, NULL, '2019-10-04 09:46:09', '2019-10-04 09:46:09'),
	(17, 9, 'Field Options', 'Options of Field', 'Options', 'hasMany', 12, NULL, NULL, '2019-10-04 09:46:09', '2019-10-04 09:46:09'),
	(18, 9, 'Field Validations', 'Validation details of field', 'Validations', 'hasMany', 13, NULL, NULL, '2019-10-04 09:46:09', '2019-10-04 09:46:09'),
	(19, 8, 'From Resource', 'Resource this form belongs to', 'Resource', 'belongsTo', 4, NULL, NULL, '2019-10-04 09:46:09', '2019-10-04 09:46:09'),
	(20, 8, 'Form Defaults', 'Predefined values for a form', 'Defaults', 'hasMany', 19, NULL, NULL, '2019-10-04 09:46:09', '2019-10-04 09:46:09'),
	(21, 9, 'Field Data', 'Fields Database binding details', 'Data', 'hasOne', 10, NULL, NULL, '2019-10-04 09:46:09', '2019-10-04 09:46:09'),
	(22, 4, 'Resource Relations', 'Relation of  a resource to another resource', 'Relations', 'hasMany', 6, NULL, NULL, '2019-10-04 09:46:09', '2019-10-04 09:46:09'),
	(23, 10, 'Bind Data Relation', 'Relation to which the data to be bind', 'Relation', 'belongsTo', 6, NULL, NULL, '2019-10-04 09:46:09', '2019-10-04 09:46:09'),
	(24, 19, 'Default Data Relation', 'Relation to which the forms predefined data to be bind', 'Relation', 'belongsTo', 6, NULL, NULL, '2019-10-04 09:46:09', '2019-10-04 09:46:09'),
	(25, 20, 'Resource Details', 'Resource details of a list', 'Resource', 'belongsTo', 4, NULL, NULL, '2019-10-04 09:46:09', '2019-10-04 09:46:09'),
	(26, 20, 'List Relations', 'Relations to be loaded on accessing list', 'Relations', 'hasMany', 21, NULL, NULL, '2019-10-04 09:46:09', '2019-10-04 09:46:09'),
	(27, 4, 'Resource Scopes', 'Scopes available on a Resource', 'Scopes', 'hasMany', 7, NULL, NULL, '2019-10-04 09:46:09', '2019-10-04 09:46:09'),
	(28, 20, 'List Scopes', 'Scopes by which a list to be filtered', 'Scopes', 'belongsToMany', 7, NULL, NULL, '2019-10-04 09:46:09', '2019-10-04 09:46:09'),
	(29, 25, 'Data Relation', 'Relations to be loaded on a data view', 'Relations', 'hasMany', 26, NULL, NULL, '2019-10-04 09:46:09', '2019-10-04 09:46:09'),
	(30, 25, 'Resource Details', 'Details of resource of a record', 'Resource', 'belongsTo', 4, NULL, NULL, '2019-10-04 09:46:09', '2019-10-04 09:46:09'),
	(31, 20, 'List Layout', 'Layout of a list', 'Layout', 'hasMany', 23, NULL, NULL, '2019-10-04 09:46:09', '2019-10-04 09:46:09'),
	(32, 6, 'Nested Relation', 'Nested Relation', 'Nest', 'hasMany', 6, NULL, NULL, '2019-10-04 09:46:09', '2019-10-04 09:46:09'),
	(33, 6, 'Related Resource', 'Related Resource Details', 'Relation', 'belongsTo', 4, NULL, NULL, '2019-10-04 09:46:09', '2019-10-04 09:46:09'),
	(34, 25, 'Data View Section', 'Section details of data view', 'Sections', 'hasMany', 28, NULL, NULL, '2019-10-04 09:46:09', '2019-10-04 09:46:09'),
	(35, 28, 'Data Relation', 'View relation of a data', 'Relation', 'belongsTo', 6, NULL, NULL, '2019-10-04 09:46:09', '2019-10-04 09:46:09'),
	(36, 29, 'Data item relation', 'View relation of a data item', 'Relation', 'belongsTo', 6, NULL, NULL, '2019-10-04 09:46:09', '2019-10-04 09:46:09'),
	(37, 6, 'Owner Relation', 'View the owner resource', 'Owner', 'belongsTo', 4, NULL, NULL, '2019-10-04 09:46:09', '2019-10-04 09:46:09'),
	(38, 8, 'Collections', 'Collection/Detail form', 'Collections', 'hasMany', 17, NULL, NULL, '2019-10-04 09:46:09', '2019-10-04 09:46:09'),
	(39, 17, 'Collection Form', 'Collection Form', 'Form', 'belongsTo', 8, NULL, NULL, '2019-10-04 09:46:10', '2019-10-04 09:46:10'),
	(40, 17, 'Relation', 'Details of Relation', 'Relation', 'belongsTo', 6, NULL, NULL, '2019-10-04 09:46:10', '2019-10-04 09:46:10'),
	(41, 12, 'Field', 'Field details', 'Field', 'belongsTo', 9, NULL, NULL, '2019-10-04 09:46:10', '2019-10-04 09:46:10'),
	(42, 9, 'Form', 'Form details', 'Form', 'belongsTo', 8, NULL, NULL, '2019-10-04 09:46:10', '2019-10-04 09:46:10'),
	(43, 20, 'List Search', 'Search fields for a list', 'Search', 'hasMany', 24, NULL, NULL, '2019-10-04 09:46:10', '2019-10-04 09:46:10'),
	(44, 9, 'Depending Fields', 'Dependent fields', 'Depends', 'hasMany', 14, NULL, NULL, '2019-10-04 09:46:10', '2019-10-04 09:46:10'),
	(45, 4, 'Resource Dashboards', 'Dashboards of a Resource', 'Dashboards', 'hasMany', 37, NULL, NULL, '2019-10-04 09:46:10', '2019-10-04 09:46:10'),
	(46, 37, 'Dashboard Sections', 'Sections of a dashboard', 'Sections', 'hasMany', 38, NULL, NULL, '2019-10-04 09:46:10', '2019-10-04 09:46:10'),
	(47, 38, 'Dashboard Section Items', 'Items of a dashboard section', 'Items', 'hasMany', 39, NULL, NULL, '2019-10-04 09:46:10', '2019-10-04 09:46:10'),
	(48, 37, 'Dashboard Resource', 'Resource details of a dashboard', 'Resource', 'belongsTo', 4, NULL, NULL, '2019-10-04 09:46:10', '2019-10-04 09:46:10'),
	(49, 9, 'Field Dynamics', 'Dynamic field details', 'Dynamics', 'belongsTo', 15, NULL, NULL, '2019-10-04 09:46:10', '2019-10-04 09:46:10'),
	(50, 25, 'Resource Data Scopes', 'Scopes applied on a data view', 'Scopes', 'belongsToMany', 7, NULL, NULL, '2019-10-04 09:46:10', '2019-10-04 09:46:10'),
	(51, 20, 'List Actions', 'Actions available for a list', 'Actions', 'belongsToMany', 30, NULL, NULL, '2019-10-04 09:46:10', '2019-10-04 09:46:10'),
	(52, 25, 'Data Actions', 'Actions available for a data view', 'Actions', 'belongsToMany', 30, NULL, NULL, '2019-10-04 09:46:10', '2019-10-04 09:46:10'),
	(53, 14, 'Dependent Field', 'Details of field to which this dependent record belongs to', 'Field', 'belongsTo', 9, NULL, NULL, '2019-10-04 09:46:10', '2019-10-04 09:46:10'),
	(54, 4, 'Resource Lists', 'Lists available for a Resources', 'Lists', 'hasMany', 20, NULL, NULL, '2019-10-04 09:46:10', '2019-10-04 09:46:10'),
	(55, 4, 'Resource Data', 'Data details avaliable for a Resource', 'Data', 'hasMany', 25, NULL, NULL, '2019-10-04 09:46:10', '2019-10-04 09:46:10'),
	(56, 8, 'Form Layout', 'Layout details of a form', 'Layout', 'hasMany', 16, NULL, NULL, '2019-10-04 09:46:10', '2019-10-04 09:46:10'),
	(57, 28, 'Section Items', 'Items of a data section', 'Items', 'hasMany', 29, NULL, NULL, '2019-10-04 09:46:10', '2019-10-04 09:46:10'),
	(58, 16, 'Layout Form', 'Form details of a layout', 'Form', 'belongsTo', 8, NULL, NULL, '2019-10-04 09:46:10', '2019-10-04 09:46:10'),
	(59, 16, 'Layout Field', 'Field details of  a layout', 'Field', 'belongsTo', 9, NULL, NULL, '2019-10-04 09:46:10', '2019-10-04 09:46:10'),
	(60, 17, 'Collection Foreign Field', 'Foreign field details of a from collection', 'Field', 'belongsTo', 9, NULL, NULL, '2019-10-04 09:46:10', '2019-10-04 09:46:10'),
	(61, 21, 'List Relation to List', 'List details of a list relation', 'List', 'belongsTo', 20, NULL, NULL, '2019-10-04 09:46:10', '2019-10-04 09:46:10'),
	(62, 21, 'List Relation to Relation', 'Relation details of a list relation', 'Relation', 'belongsTo', 6, NULL, NULL, '2019-10-04 09:46:10', '2019-10-04 09:46:10'),
	(63, 21, 'List Relation to Nest Relation', 'Level 1 deep relation of a list relation', 'NRelation', 'belongsTo', 6, NULL, NULL, '2019-10-04 09:46:10', '2019-10-04 09:46:10'),
	(64, 22, 'List Scope to List', 'List details of a list scope', 'List', 'belongsTo', 20, NULL, NULL, '2019-10-04 09:46:10', '2019-10-04 09:46:10'),
	(65, 22, 'List Scope to Scope', 'Scope details of a list scope', 'Scope', 'belongsTo', 7, NULL, NULL, '2019-10-04 09:46:10', '2019-10-04 09:46:10'),
	(66, 23, 'List Layout to List', 'List details of a list layout', 'List', 'belongsTo', 20, NULL, NULL, '2019-10-04 09:46:10', '2019-10-04 09:46:10'),
	(67, 23, 'List Layout to Relation', 'Relation details of a list layout', 'Relation', 'belongsTo', 6, NULL, NULL, '2019-10-04 09:46:10', '2019-10-04 09:46:10'),
	(68, 24, 'List search  to List', 'List details of a list search', 'List', 'belongsTo', 20, NULL, NULL, '2019-10-04 09:46:10', '2019-10-04 09:46:10'),
	(69, 24, 'List search  to Relation', 'Relation details of a list seach', 'Relation', 'belongsTo', 6, NULL, NULL, '2019-10-04 09:46:10', '2019-10-04 09:46:10'),
	(70, 26, 'Data relation to Data', 'Data details of a data relation', 'Data', 'belongsTo', 25, NULL, NULL, '2019-10-04 09:46:10', '2019-10-04 09:46:10'),
	(71, 26, 'Data relation to Relation', 'Relation details of a data relation', 'Relation', 'belongsTo', 6, NULL, NULL, '2019-10-04 09:46:10', '2019-10-04 09:46:10'),
	(72, 26, 'Data relation to Deep Relation', 'Level 1 Deep Relation details of a data relation', 'NRelation', 'belongsTo', 6, NULL, NULL, '2019-10-04 09:46:10', '2019-10-04 09:46:10'),
	(73, 27, 'Data scope to Data', 'Data details of a data scope', 'Data', 'belongsTo', 25, NULL, NULL, '2019-10-04 09:46:10', '2019-10-04 09:46:10'),
	(74, 27, 'Data scope to Scope', 'Scope details of a data scope', 'Scope', 'belongsTo', 7, NULL, NULL, '2019-10-04 09:46:11', '2019-10-04 09:46:11'),
	(75, 28, 'Data section to Data', 'Data details of a data view section', 'Data', 'belongsTo', 25, NULL, NULL, '2019-10-04 09:46:11', '2019-10-04 09:46:11'),
	(76, 30, 'Action Attributes', 'Attributes of a action', 'Attrs', 'hasMany', 32, NULL, NULL, '2019-10-04 09:46:11', '2019-10-04 09:46:11'),
	(77, 4, 'Resource Defaults', 'Default action of a resource', 'Defaults', 'hasOne', 35, NULL, NULL, '2019-10-04 09:46:11', '2019-10-04 09:46:11'),
	(78, 35, 'Defaults Resource', 'Resource details of a default record', 'Resource', 'belongsTo', 4, NULL, NULL, '2019-10-04 09:46:11', '2019-10-04 09:46:11'),
	(79, 35, 'Defaults List Action', 'List action details of a default record', 'List', 'belongsTo', 30, NULL, NULL, '2019-10-04 09:46:11', '2019-10-04 09:46:11'),
	(80, 35, 'Defaults Form Action', 'Create form action details of a default record', 'Form', 'belongsTo', 30, NULL, NULL, '2019-10-04 09:46:11', '2019-10-04 09:46:11'),
	(81, 35, 'Defaults Data Action', 'Read data action details of a default record', 'Data', 'belongsTo', 30, NULL, NULL, '2019-10-04 09:46:11', '2019-10-04 09:46:11'),
	(82, 35, 'Defaults Form With Data Action', 'Update record action details of a default record', 'FormWithData', 'belongsTo', 30, NULL, NULL, '2019-10-04 09:46:11', '2019-10-04 09:46:11'),
	(308101, 305111, 'Items', 'Each items of this pricelist', 'Items', 'hasMany', 305112, NULL, NULL, '2019-10-04 09:47:00', '2019-10-04 09:47:00'),
	(308102, 305112, 'Pricelist', 'Details of pricelist this item belongs to', 'Pricelist', 'belongsTo', 305111, NULL, NULL, '2019-10-04 09:47:00', '2019-10-04 09:47:00'),
	(308103, 305112, 'Product', 'Details of product this item consist of', 'Product', 'belongsTo', 305108, NULL, NULL, '2019-10-04 09:47:00', '2019-10-04 09:47:00'),
	(308104, 305116, 'Area', 'Details of area', 'Area', 'belongsTo', 305115, NULL, NULL, '2019-10-04 09:47:00', '2019-10-04 09:47:00'),
	(308105, 305116, 'Customer', 'Details of customer', 'Customer', 'belongsTo', 305101, NULL, NULL, '2019-10-04 09:47:00', '2019-10-04 09:47:00'),
	(308106, 305115, 'User', 'Details of user', 'User', 'belongsToMany', 305101, NULL, NULL, '2019-10-04 09:47:00', '2019-10-04 09:47:00'),
	(308107, 305105, 'Users', 'Users list corresponding to a settings', 'Users', 'hasMany', 305117, NULL, NULL, '2019-10-04 09:47:00', '2019-10-04 09:47:00'),
	(308108, 305101, 'Area', 'Details of area', 'Area', 'belongsToMany', 305115, NULL, NULL, '2019-10-04 09:47:00', '2019-10-04 09:47:00'),
	(308109, 305117, 'Settings', 'Details of settings this setting belongs to', 'Settings', 'belongsTo', 305105, NULL, NULL, '2019-10-04 09:47:00', '2019-10-04 09:47:00'),
	(308110, 305101, 'Settings', 'Settings assigned for a user', 'Settings', 'hasMany', 305117, NULL, NULL, '2019-10-04 09:47:00', '2019-10-04 09:47:00'),
	(308111, 305117, 'User', 'Details of user this settings belongs to', 'User', 'belongsTo', 305101, NULL, NULL, '2019-10-04 09:47:00', '2019-10-04 09:47:00'),
	(308112, 305101, 'StoreAndArea', 'Store and Areas assigned for a user', 'StoreAndArea', 'hasMany', 305118, NULL, NULL, '2019-10-04 09:47:00', '2019-10-04 09:47:00'),
	(308113, 305118, 'Area', 'Area details', 'Area', 'belongsTo', 305115, NULL, NULL, '2019-10-04 09:47:00', '2019-10-04 09:47:00'),
	(308114, 305118, 'Store', 'Store Details', 'Store', 'belongsTo', 305114, NULL, NULL, '2019-10-04 09:47:00', '2019-10-04 09:47:00'),
	(308115, 305118, 'User', 'User Details', 'User', 'belongsTo', 305101, NULL, NULL, '2019-10-04 09:47:00', '2019-10-04 09:47:00'),
	(308116, 305114, 'Users', 'Users assigned to this store', 'Users', 'belongsToMany', 305101, NULL, NULL, '2019-10-04 09:47:00', '2019-10-04 09:47:00'),
	(308117, 305115, 'StoreAndUser', 'Store and Users assigned to a area', 'StoreAndUser', 'hasMany', 305118, NULL, NULL, '2019-10-04 09:47:00', '2019-10-04 09:47:00'),
	(308118, 305121, 'Details', 'Product wise details of transaction', 'Details', 'hasMany', 305122, NULL, NULL, '2019-10-04 09:47:00', '2019-10-04 09:47:00'),
	(308119, 305119, 'Items', 'Items of a transaction', 'Items', 'hasMany', 305120, NULL, NULL, '2019-10-04 09:47:00', '2019-10-04 09:47:00'),
	(308120, 305120, 'Product', 'Product details of an sales order item', 'Product', 'belongsTo', 305108, NULL, NULL, '2019-10-04 09:47:00', '2019-10-04 09:47:00'),
	(308121, 305124, 'IN', 'Stock in transactions', 'IN', 'belongsTo', 305121, NULL, NULL, '2019-10-04 09:47:00', '2019-10-04 09:47:00'),
	(308122, 305124, 'OUT', 'Stock out transactions', 'OUT', 'belongsTo', 305121, NULL, NULL, '2019-10-04 09:47:00', '2019-10-04 09:47:00'),
	(308123, 305119, 'Customer', 'The customer to which this sales order belongs', 'Customer', 'belongsTo', 305101, NULL, NULL, '2019-10-04 09:47:00', '2019-10-04 09:47:00'),
	(308124, 305118, 'AssignedAreas', 'The user_areas which assigned to this record', 'AssignedAreas', 'hasMany', 305116, NULL, NULL, '2019-10-04 09:47:00', '2019-10-04 09:47:00'),
	(308125, 305116, 'Users', 'The executives assigned to a area_user', 'Users', 'hasMany', 305118, NULL, NULL, '2019-10-04 09:47:00', '2019-10-04 09:47:00'),
	(308126, 305118, 'Customers', 'Customers who are in selected records area', 'Customers', 'belongsToMany', 305101, NULL, NULL, '2019-10-04 09:47:00', '2019-10-04 09:47:00'),
	(308127, 305101, 'AreaCustomers', 'List of customers belongs to the area which are assigned to a user', 'AreaCustomers', 'hasManyThrough', 305116, NULL, NULL, '2019-10-04 09:47:01', '2019-10-04 09:47:01'),
	(308128, 305120, 'SalesOrder', 'Sales order details for a so item', 'SalesOrder', 'belongsTo', 305119, NULL, NULL, '2019-10-04 09:47:01', '2019-10-04 09:47:01'),
	(308129, 305122, 'Transaction', 'Detail of transaction header', 'Transaction', 'belongsTo', 305121, NULL, NULL, '2019-10-04 09:47:01', '2019-10-04 09:47:01'),
	(308130, 305121, 'StockOutTransactions', 'TransferOut transactions', 'STOut', 'hasOne', 305124, NULL, NULL, '2019-10-04 09:47:01', '2019-10-04 09:47:01'),
	(308131, 305121, 'StockInTransactions', 'TransferIn transactions', 'STIn', 'hasOne', 305124, NULL, NULL, '2019-10-04 09:47:01', '2019-10-04 09:47:01'),
	(308132, 305108, 'ProductImages', 'Images of a product', 'Images', 'hasOne', 305110, NULL, NULL, '2019-10-04 09:47:01', '2019-10-04 09:47:01'),
	(308133, 305110, 'ProductDetails', 'Product Details', 'Product', 'belongsTo', 305108, NULL, NULL, '2019-10-04 09:47:01', '2019-10-04 09:47:01'),
	(308134, 305127, 'ReserveUser', 'User details of reserve', 'User', 'belongsTo', 305101, NULL, NULL, '2019-10-04 09:47:01', '2019-10-04 09:47:01'),
	(308135, 305127, 'ReserveStore', 'Store details of reserve', 'Store', 'belongsTo', 305114, NULL, NULL, '2019-10-04 09:47:01', '2019-10-04 09:47:01');
/*!40000 ALTER TABLE `__resource_relations` ENABLE KEYS */;

-- Dumping structure for table appframe.__resource_roles
DROP TABLE IF EXISTS `__resource_roles`;
CREATE TABLE IF NOT EXISTS `__resource_roles` (
  `id` int(10) unsigned NOT NULL AUTO_INCREMENT,
  `resource` int(10) unsigned NOT NULL,
  `role` int(10) unsigned NOT NULL,
  `actions_availability` enum('All','Only','Except') COLLATE utf8mb4_unicode_ci NOT NULL DEFAULT 'All',
  `actions` varchar(1024) COLLATE utf8mb4_unicode_ci DEFAULT NULL,
  `created_by` bigint(20) unsigned DEFAULT NULL,
  `updated_by` bigint(20) unsigned DEFAULT NULL,
  `created_at` timestamp NULL DEFAULT NULL,
  `updated_at` timestamp NULL DEFAULT NULL,
  PRIMARY KEY (`id`),
  KEY `__resource_roles_role_foreign` (`role`),
  KEY `__resource_roles_resource_index` (`resource`),
  KEY `__resource_roles_created_by_index` (`created_by`),
  KEY `__resource_roles_updated_by_index` (`updated_by`),
  CONSTRAINT `__resource_roles_created_by_foreign` FOREIGN KEY (`created_by`) REFERENCES `users` (`id`) ON DELETE SET NULL ON UPDATE CASCADE,
  CONSTRAINT `__resource_roles_resource_foreign` FOREIGN KEY (`resource`) REFERENCES `__resources` (`id`) ON DELETE CASCADE ON UPDATE CASCADE,
  CONSTRAINT `__resource_roles_role_foreign` FOREIGN KEY (`role`) REFERENCES `__roles` (`id`) ON DELETE CASCADE ON UPDATE CASCADE,
  CONSTRAINT `__resource_roles_updated_by_foreign` FOREIGN KEY (`updated_by`) REFERENCES `users` (`id`) ON DELETE SET NULL ON UPDATE CASCADE
) ENGINE=InnoDB AUTO_INCREMENT=306128 DEFAULT CHARSET=utf8mb4 COLLATE=utf8mb4_unicode_ci;

-- Dumping data for table appframe.__resource_roles: ~67 rows (approximately)
DELETE FROM `__resource_roles`;
/*!40000 ALTER TABLE `__resource_roles` DISABLE KEYS */;
INSERT INTO `__resource_roles` (`id`, `resource`, `role`, `actions_availability`, `actions`, `created_by`, `updated_by`, `created_at`, `updated_at`) VALUES
	(1, 1, 1, 'Only', '1,2,4,6,7', NULL, NULL, '2019-10-04 09:46:07', '2019-10-04 09:46:07'),
	(2, 4, 2, 'All', NULL, NULL, NULL, '2019-10-04 09:46:07', '2019-10-04 09:46:07'),
	(3, 6, 2, 'All', NULL, NULL, NULL, '2019-10-04 09:46:07', '2019-10-04 09:46:07'),
	(4, 7, 2, 'All', NULL, NULL, NULL, '2019-10-04 09:46:07', '2019-10-04 09:46:07'),
	(5, 8, 2, 'All', NULL, NULL, NULL, '2019-10-04 09:46:08', '2019-10-04 09:46:08'),
	(6, 9, 2, 'All', NULL, NULL, NULL, '2019-10-04 09:46:08', '2019-10-04 09:46:08'),
	(7, 10, 2, 'All', NULL, NULL, NULL, '2019-10-04 09:46:08', '2019-10-04 09:46:08'),
	(8, 11, 2, 'All', NULL, NULL, NULL, '2019-10-04 09:46:08', '2019-10-04 09:46:08'),
	(9, 12, 2, 'All', NULL, NULL, NULL, '2019-10-04 09:46:08', '2019-10-04 09:46:08'),
	(10, 13, 2, 'All', NULL, NULL, NULL, '2019-10-04 09:46:08', '2019-10-04 09:46:08'),
	(11, 14, 2, 'All', NULL, NULL, NULL, '2019-10-04 09:46:08', '2019-10-04 09:46:08'),
	(12, 15, 2, 'All', NULL, NULL, NULL, '2019-10-04 09:46:08', '2019-10-04 09:46:08'),
	(13, 16, 2, 'All', NULL, NULL, NULL, '2019-10-04 09:46:08', '2019-10-04 09:46:08'),
	(14, 17, 2, 'All', NULL, NULL, NULL, '2019-10-04 09:46:08', '2019-10-04 09:46:08'),
	(15, 18, 2, 'All', NULL, NULL, NULL, '2019-10-04 09:46:08', '2019-10-04 09:46:08'),
	(16, 19, 2, 'All', NULL, NULL, NULL, '2019-10-04 09:46:08', '2019-10-04 09:46:08'),
	(17, 20, 2, 'All', NULL, NULL, NULL, '2019-10-04 09:46:08', '2019-10-04 09:46:08'),
	(18, 21, 2, 'All', NULL, NULL, NULL, '2019-10-04 09:46:08', '2019-10-04 09:46:08'),
	(19, 22, 2, 'All', NULL, NULL, NULL, '2019-10-04 09:46:08', '2019-10-04 09:46:08'),
	(20, 23, 2, 'All', NULL, NULL, NULL, '2019-10-04 09:46:08', '2019-10-04 09:46:08'),
	(21, 24, 2, 'All', NULL, NULL, NULL, '2019-10-04 09:46:08', '2019-10-04 09:46:08'),
	(22, 25, 2, 'All', NULL, NULL, NULL, '2019-10-04 09:46:08', '2019-10-04 09:46:08'),
	(23, 26, 2, 'All', NULL, NULL, NULL, '2019-10-04 09:46:08', '2019-10-04 09:46:08'),
	(24, 27, 2, 'All', NULL, NULL, NULL, '2019-10-04 09:46:08', '2019-10-04 09:46:08'),
	(25, 28, 2, 'All', NULL, NULL, NULL, '2019-10-04 09:46:08', '2019-10-04 09:46:08'),
	(26, 29, 2, 'All', NULL, NULL, NULL, '2019-10-04 09:46:08', '2019-10-04 09:46:08'),
	(27, 30, 2, 'All', NULL, NULL, NULL, '2019-10-04 09:46:08', '2019-10-04 09:46:08'),
	(28, 31, 2, 'All', NULL, NULL, NULL, '2019-10-04 09:46:08', '2019-10-04 09:46:08'),
	(29, 32, 2, 'All', NULL, NULL, NULL, '2019-10-04 09:46:08', '2019-10-04 09:46:08'),
	(30, 33, 2, 'All', NULL, NULL, NULL, '2019-10-04 09:46:08', '2019-10-04 09:46:08'),
	(31, 34, 2, 'All', NULL, NULL, NULL, '2019-10-04 09:46:08', '2019-10-04 09:46:08'),
	(32, 35, 2, 'All', NULL, NULL, NULL, '2019-10-04 09:46:08', '2019-10-04 09:46:08'),
	(33, 36, 2, 'All', NULL, NULL, NULL, '2019-10-04 09:46:08', '2019-10-04 09:46:08'),
	(34, 37, 2, 'All', NULL, NULL, NULL, '2019-10-04 09:46:08', '2019-10-04 09:46:08'),
	(35, 38, 2, 'All', NULL, NULL, NULL, '2019-10-04 09:46:08', '2019-10-04 09:46:08'),
	(36, 39, 2, 'All', NULL, NULL, NULL, '2019-10-04 09:46:08', '2019-10-04 09:46:08'),
	(37, 1, 3, 'Except', '1,2,4', NULL, NULL, '2019-10-04 09:46:08', '2019-10-04 09:46:08'),
	(38, 2, 3, 'All', NULL, NULL, NULL, '2019-10-04 09:46:08', '2019-10-04 09:46:08'),
	(39, 3, 3, 'All', NULL, NULL, NULL, '2019-10-04 09:46:08', '2019-10-04 09:46:08'),
	(40, 5, 3, 'All', NULL, NULL, NULL, '2019-10-04 09:46:08', '2019-10-04 09:46:08'),
	(306101, 305101, 303101, 'All', NULL, NULL, NULL, '2019-10-04 09:46:59', '2019-10-04 09:46:59'),
	(306102, 305102, 303101, 'All', NULL, NULL, NULL, '2019-10-04 09:46:59', '2019-10-04 09:46:59'),
	(306103, 305103, 303101, 'All', NULL, NULL, NULL, '2019-10-04 09:46:59', '2019-10-04 09:46:59'),
	(306104, 305104, 303101, 'All', NULL, NULL, NULL, '2019-10-04 09:46:59', '2019-10-04 09:46:59'),
	(306105, 305105, 303101, 'All', NULL, NULL, NULL, '2019-10-04 09:46:59', '2019-10-04 09:46:59'),
	(306106, 305106, 303101, 'All', NULL, NULL, NULL, '2019-10-04 09:46:59', '2019-10-04 09:46:59'),
	(306107, 305107, 303101, 'All', NULL, NULL, NULL, '2019-10-04 09:46:59', '2019-10-04 09:46:59'),
	(306108, 305108, 303101, 'All', NULL, NULL, NULL, '2019-10-04 09:46:59', '2019-10-04 09:46:59'),
	(306109, 305109, 303101, 'All', NULL, NULL, NULL, '2019-10-04 09:46:59', '2019-10-04 09:46:59'),
	(306110, 305110, 303101, 'All', NULL, NULL, NULL, '2019-10-04 09:46:59', '2019-10-04 09:46:59'),
	(306111, 305111, 303101, 'All', NULL, NULL, NULL, '2019-10-04 09:46:59', '2019-10-04 09:46:59'),
	(306112, 305112, 303101, 'All', NULL, NULL, NULL, '2019-10-04 09:46:59', '2019-10-04 09:46:59'),
	(306113, 305113, 303101, 'All', NULL, NULL, NULL, '2019-10-04 09:46:59', '2019-10-04 09:46:59'),
	(306114, 305114, 303101, 'All', NULL, NULL, NULL, '2019-10-04 09:46:59', '2019-10-04 09:46:59'),
	(306115, 305115, 303101, 'All', NULL, NULL, NULL, '2019-10-04 09:46:59', '2019-10-04 09:46:59'),
	(306116, 305116, 303101, 'All', NULL, NULL, NULL, '2019-10-04 09:46:59', '2019-10-04 09:46:59'),
	(306117, 305117, 303101, 'All', NULL, NULL, NULL, '2019-10-04 09:46:59', '2019-10-04 09:46:59'),
	(306118, 305118, 303101, 'All', NULL, NULL, NULL, '2019-10-04 09:46:59', '2019-10-04 09:46:59'),
	(306119, 305119, 303101, 'All', NULL, NULL, NULL, '2019-10-04 09:47:00', '2019-10-04 09:47:00'),
	(306120, 305120, 303101, 'All', NULL, NULL, NULL, '2019-10-04 09:47:00', '2019-10-04 09:47:00'),
	(306121, 305121, 303101, 'All', NULL, NULL, NULL, '2019-10-04 09:47:00', '2019-10-04 09:47:00'),
	(306122, 305122, 303101, 'All', NULL, NULL, NULL, '2019-10-04 09:47:00', '2019-10-04 09:47:00'),
	(306123, 305123, 303101, 'All', NULL, NULL, NULL, '2019-10-04 09:47:00', '2019-10-04 09:47:00'),
	(306124, 305124, 303101, 'All', NULL, NULL, NULL, '2019-10-04 09:47:00', '2019-10-04 09:47:00'),
	(306125, 305125, 303101, 'All', NULL, NULL, NULL, '2019-10-04 09:47:00', '2019-10-04 09:47:00'),
	(306126, 305126, 303101, 'All', NULL, NULL, NULL, '2019-10-04 09:47:00', '2019-10-04 09:47:00'),
	(306127, 305127, 303101, 'All', NULL, NULL, NULL, '2019-10-04 09:47:00', '2019-10-04 09:47:00');
/*!40000 ALTER TABLE `__resource_roles` ENABLE KEYS */;

-- Dumping structure for table appframe.__resource_scopes
DROP TABLE IF EXISTS `__resource_scopes`;
CREATE TABLE IF NOT EXISTS `__resource_scopes` (
  `id` int(10) unsigned NOT NULL AUTO_INCREMENT,
  `resource` int(10) unsigned NOT NULL,
  `name` varchar(64) COLLATE utf8mb4_unicode_ci NOT NULL,
  `description` varchar(1024) COLLATE utf8mb4_unicode_ci DEFAULT NULL,
  `method` varchar(128) COLLATE utf8mb4_unicode_ci DEFAULT NULL,
  `arg1` varchar(64) COLLATE utf8mb4_unicode_ci DEFAULT NULL,
  `arg2` varchar(64) COLLATE utf8mb4_unicode_ci DEFAULT NULL,
  `arg3` varchar(64) COLLATE utf8mb4_unicode_ci DEFAULT NULL,
  `created_by` bigint(20) unsigned DEFAULT NULL,
  `updated_by` bigint(20) unsigned DEFAULT NULL,
  `created_at` timestamp NULL DEFAULT NULL,
  `updated_at` timestamp NULL DEFAULT NULL,
  PRIMARY KEY (`id`),
  KEY `__resource_scopes_resource_index` (`resource`),
  KEY `__resource_scopes_name_index` (`name`),
  KEY `__resource_scopes_created_by_index` (`created_by`),
  KEY `__resource_scopes_updated_by_index` (`updated_by`),
  CONSTRAINT `__resource_scopes_created_by_foreign` FOREIGN KEY (`created_by`) REFERENCES `users` (`id`) ON DELETE SET NULL ON UPDATE CASCADE,
  CONSTRAINT `__resource_scopes_resource_foreign` FOREIGN KEY (`resource`) REFERENCES `__resources` (`id`) ON DELETE CASCADE ON UPDATE CASCADE,
  CONSTRAINT `__resource_scopes_updated_by_foreign` FOREIGN KEY (`updated_by`) REFERENCES `users` (`id`) ON DELETE SET NULL ON UPDATE CASCADE
) ENGINE=InnoDB AUTO_INCREMENT=307110 DEFAULT CHARSET=utf8mb4 COLLATE=utf8mb4_unicode_ci;

-- Dumping data for table appframe.__resource_scopes: ~11 rows (approximately)
DELETE FROM `__resource_scopes`;
/*!40000 ALTER TABLE `__resource_scopes` DISABLE KEYS */;
INSERT INTO `__resource_scopes` (`id`, `resource`, `name`, `description`, `method`, `arg1`, `arg2`, `arg3`, `created_by`, `updated_by`, `created_at`, `updated_at`) VALUES
	(1, 1, 'SetupUser', 'Filter users which are maintained by Setup user only', 'setupUser', NULL, NULL, NULL, NULL, NULL, '2019-10-04 09:46:11', '2019-10-04 09:46:11'),
	(2, 1, 'AdministratorUser', 'Filter users which are maintained by Administrator user', 'administratorUser', NULL, NULL, NULL, NULL, NULL, '2019-10-04 09:46:11', '2019-10-04 09:46:11'),
	(307101, 305101, 'SalesExecutives', 'User where has group reference as SLS', 'salesExecutive', NULL, NULL, NULL, NULL, NULL, '2019-10-04 09:47:01', '2019-10-04 09:47:01'),
	(307102, 305118, 'Assigned', 'The store and area whih is assigned to the requesting user', 'assigned', NULL, NULL, NULL, NULL, NULL, '2019-10-04 09:47:01', '2019-10-04 09:47:01'),
	(307103, 305116, 'Assigned', 'The records where area is assigned to the requester', 'assigned', NULL, NULL, NULL, NULL, NULL, '2019-10-04 09:47:01', '2019-10-04 09:47:01'),
	(307104, 305119, 'AssignedAreaCustomer', 'Sales orders of customers belongs to a area which assigned to a executive', 'assignedAreaCustomer', NULL, NULL, NULL, NULL, NULL, '2019-10-04 09:47:01', '2019-10-04 09:47:01'),
	(307105, 305121, 'AssignedCustomerTransactions', 'Transactions related to customers who are assigned to the requesting executive', 'assignedCustomerTransactions', NULL, NULL, NULL, NULL, NULL, '2019-10-04 09:47:01', '2019-10-04 09:47:01'),
	(307106, 305126, 'AssignedCustomerReceipts', 'Receipts related to customers who are assigned to the requesting executive', 'assignedCustomerReceipts', NULL, NULL, NULL, NULL, NULL, '2019-10-04 09:47:01', '2019-10-04 09:47:01'),
	(307107, 305121, 'StockTransferPending', 'The transactions which are all pending stock transfer', 'sTPending', NULL, NULL, NULL, NULL, NULL, '2019-10-04 09:47:01', '2019-10-04 09:47:01'),
	(307108, 305124, 'PendingStockTransfer', 'Stock transfers which are pending', 'pending', NULL, NULL, NULL, NULL, NULL, '2019-10-04 09:47:01', '2019-10-04 09:47:01'),
	(307109, 305127, 'UncompletedReserves', 'Reserve entries which have progress not equal to Completed', 'unCompleted', NULL, NULL, NULL, NULL, NULL, '2019-10-04 09:47:01', '2019-10-04 09:47:01');
/*!40000 ALTER TABLE `__resource_scopes` ENABLE KEYS */;

-- Dumping structure for table appframe.__roles
DROP TABLE IF EXISTS `__roles`;
CREATE TABLE IF NOT EXISTS `__roles` (
  `id` int(10) unsigned NOT NULL AUTO_INCREMENT,
  `name` varchar(64) COLLATE utf8mb4_unicode_ci NOT NULL,
  `description` varchar(1024) COLLATE utf8mb4_unicode_ci DEFAULT NULL,
  `title` varchar(128) COLLATE utf8mb4_unicode_ci DEFAULT NULL,
  `created_by` bigint(20) unsigned DEFAULT NULL,
  `updated_by` bigint(20) unsigned DEFAULT NULL,
  `created_at` timestamp NULL DEFAULT NULL,
  `updated_at` timestamp NULL DEFAULT NULL,
  PRIMARY KEY (`id`),
  KEY `__roles_name_index` (`name`),
  KEY `__roles_created_by_index` (`created_by`),
  KEY `__roles_updated_by_index` (`updated_by`),
  CONSTRAINT `__roles_created_by_foreign` FOREIGN KEY (`created_by`) REFERENCES `users` (`id`) ON DELETE SET NULL ON UPDATE CASCADE,
  CONSTRAINT `__roles_updated_by_foreign` FOREIGN KEY (`updated_by`) REFERENCES `users` (`id`) ON DELETE SET NULL ON UPDATE CASCADE
) ENGINE=InnoDB AUTO_INCREMENT=303104 DEFAULT CHARSET=utf8mb4 COLLATE=utf8mb4_unicode_ci;

-- Dumping data for table appframe.__roles: ~6 rows (approximately)
DELETE FROM `__roles`;
/*!40000 ALTER TABLE `__roles` DISABLE KEYS */;
INSERT INTO `__roles` (`id`, `name`, `description`, `title`, `created_by`, `updated_by`, `created_at`, `updated_at`) VALUES
	(1, 'developer_administrator', 'Have access to Developer and Administrators', 'Developer Administrator', NULL, NULL, '2019-10-04 09:46:06', '2019-10-04 09:46:06'),
	(2, 'developer', 'Access to resource creation', 'Developer', NULL, NULL, '2019-10-04 09:46:06', '2019-10-04 09:46:06'),
	(3, 'administrator', 'Have access to Manage Users, Roles and assign Resources', 'Administrator', NULL, NULL, '2019-10-04 09:46:06', '2019-10-04 09:46:06'),
	(303101, 'eplus_administrators', 'ePlus administrators role', 'ePlus Administrator', NULL, NULL, '2019-10-04 09:46:58', '2019-10-04 09:46:58'),
	(303102, 'eplus_accountant', 'ePlus accountant role', 'ePlus Accountant', NULL, NULL, '2019-10-04 09:46:58', '2019-10-04 09:46:58'),
	(303103, 'eplus_salesExecutive', 'ePlus sales executive', 'ePlus Sales Executive', NULL, NULL, '2019-10-04 09:46:58', '2019-10-04 09:46:58');
/*!40000 ALTER TABLE `__roles` ENABLE KEYS */;

/*!40101 SET SQL_MODE=IFNULL(@OLD_SQL_MODE, '') */;
/*!40014 SET FOREIGN_KEY_CHECKS=IF(@OLD_FOREIGN_KEY_CHECKS IS NULL, 1, @OLD_FOREIGN_KEY_CHECKS) */;
/*!40101 SET CHARACTER_SET_CLIENT=@OLD_CHARACTER_SET_CLIENT */;
